sources,is_weed,verbatim_name,wcvp_taxon_name,wcvp_author,wcvp_rank,wcvp_taxon_status,wcvp_taxonid,wcvp_accepted_name,wcvp_accepted_author,wcvp_accepted_taxonid,wcvp_family,wcvp_match_type,wcvp_match_score,gbif_usage_key,gbif_scientific_name,gbif_canonical_name,gbif_authorship,gbif_rank,gbif_status,gbif_match_type,gbif_confidence,gbif_accepted_key,gbif_accepted_name,gbif_accepted_authorship,gbif_kingdom,gbif_phylum,gbif_class,gbif_order,gbif_family,gbif_genus,gbif_species,gbif_species_key
riviera_2021_restecol,False,Carpobrotus virescens agg.,Carpobrotus virescens,(Haw.) Schwantes,Species,Accepted,2701269,Carpobrotus virescens,(Haw.) Schwantes,2701269,Aizoaceae,exact,100,3703298,Carpobrotus virescens (Haw.) Schwantes,Carpobrotus virescens,(Haw.) Schwantes,SPECIES,ACCEPTED,EXACT,100,3703298,Carpobrotus virescens (Haw.) Schwantes,(Haw.) Schwantes,Plantae,Tracheophyta,Magnoliopsida,Caryophyllales,Aizoaceae,Carpobrotus,Carpobrotus virescens,3703298
tsakalos_2018_applvegsci,False,Chenopodium preissii subsp. obovatum,Chenopodium preissii subsp. obovatum,(Moq.) S.Fuentes & Borsch,Subspecies,Accepted,2913650,Chenopodium preissii subsp. obovatum,(Moq.) S.Fuentes & Borsch,2913650,Amaranthaceae,exact,100,7792804,Chenopodium preissii subsp. obovatum (Moq.) S.Fuentes & Borsch,Chenopodium preissii obovatum,(Moq.) S.Fuentes & Borsch,SUBSPECIES,ACCEPTED,EXACT,100,7792804,Chenopodium preissii subsp. obovatum (Moq.) S.Fuentes & Borsch,(Moq.) S.Fuentes & Borsch,Plantae,Tracheophyta,Magnoliopsida,Caryophyllales,Amaranthaceae,Chenopodium,Chenopodium preissii,3757274
dbca_2025_tpfl|inaturalist_eneabba,False,Ptilotus clivicola,Ptilotus clivicola,R.W.Davis & T.Hammer,Species,Accepted,3002980,Ptilotus clivicola,R.W.Davis & T.Hammer,3002980,Amaranthaceae,exact,100,9599949,Ptilotus clivicolus R.W.Davis & T.Hammer,Ptilotus clivicolus,R.W.Davis & T.Hammer,SPECIES,ACCEPTED,FUZZY,100,9599949,Ptilotus clivicolus R.W.Davis & T.Hammer,R.W.Davis & T.Hammer,Plantae,Tracheophyta,Magnoliopsida,Caryophyllales,Amaranthaceae,Ptilotus,Ptilotus clivicolus,9599949
tsakalos_2018_applvegsci,False,Ptilotus declinatus,Ptilotus declinatus,Nees,Species,Accepted,2408308,Ptilotus declinatus,Nees,2408308,Amaranthaceae,exact,100,5548748,Ptilotus declinatus Nees,Ptilotus declinatus,Nees,SPECIES,ACCEPTED,EXACT,100,5548748,Ptilotus declinatus Nees,Nees,Plantae,Tracheophyta,Magnoliopsida,Caryophyllales,Amaranthaceae,Ptilotus,Ptilotus declinatus,5548748
tsakalos_2018_applvegsci,False,Ptilotus drummondii,Ptilotus drummondii,(Moq.) F.Muell.,Species,Accepted,2408359,Ptilotus drummondii,(Moq.) F.Muell.,2408359,Amaranthaceae,exact,100,7323831,Ptilotus drummondii (Moq.) F.Muell.,Ptilotus drummondii,(Moq.) F.Muell.,SPECIES,ACCEPTED,EXACT,100,7323831,Ptilotus drummondii (Moq.) F.Muell.,(Moq.) F.Muell.,Plantae,Tracheophyta,Magnoliopsida,Caryophyllales,Amaranthaceae,Ptilotus,Ptilotus drummondii,7323831
tsakalos_2018_applvegsci,False,Ptilotus manglesii,Ptilotus manglesii,(Lindl.) F.Muell.,Species,Accepted,2408068,Ptilotus manglesii,(Lindl.) F.Muell.,2408068,Amaranthaceae,exact,100,5548486,Ptilotus manglesii (Lindl.) F.Muell.,Ptilotus manglesii,(Lindl.) F.Muell.,SPECIES,ACCEPTED,EXACT,100,5548486,Ptilotus manglesii (Lindl.) F.Muell.,(Lindl.) F.Muell.,Plantae,Tracheophyta,Magnoliopsida,Caryophyllales,Amaranthaceae,Ptilotus,Ptilotus manglesii,5548486
inaturalist_eneabba|tsakalos_2018_applvegsci,False,Ptilotus polystachyus,Ptilotus polystachyus,(Gaudich.) F.Muell.,Species,Accepted,2408089,Ptilotus polystachyus,(Gaudich.) F.Muell.,2408089,Amaranthaceae,exact,100,7323220,Ptilotus polystachyus (Gaudich.) F.Muell.,Ptilotus polystachyus,(Gaudich.) F.Muell.,SPECIES,ACCEPTED,EXACT,100,7323220,Ptilotus polystachyus (Gaudich.) F.Muell.,(Gaudich.) F.Muell.,Plantae,Tracheophyta,Magnoliopsida,Caryophyllales,Amaranthaceae,Ptilotus,Ptilotus polystachyus,7323220
tsakalos_2018_applvegsci,False,Actinotus leucocephalus,Actinotus leucocephalus,Benth.,Species,Accepted,2621052,Actinotus leucocephalus,Benth.,2621052,Apiaceae,exact,100,6026829,Actinotus leucocephalus Benth.,Actinotus leucocephalus,Benth.,SPECIES,ACCEPTED,EXACT,100,6026829,Actinotus leucocephalus Benth.,Benth.,Plantae,Tracheophyta,Magnoliopsida,Apiales,Apiaceae,Actinotus,Actinotus leucocephalus,6026829
tsakalos_2018_applvegsci,False,Platysace juncea,Platysace juncea,(Bunge) C.Norman,Species,Accepted,2403648,Platysace juncea,(Bunge) C.Norman,2403648,Apiaceae,exact,100,3633452,Platysace juncea (Bunge) C.Norman,Platysace juncea,(Bunge) C.Norman,SPECIES,ACCEPTED,EXACT,100,3633452,Platysace juncea (Bunge) C.Norman,(Bunge) C.Norman,Plantae,Tracheophyta,Magnoliopsida,Apiales,Apiaceae,Platysace,Platysace juncea,3633452
inaturalist_eneabba|tsakalos_2018_applvegsci,False,Platysace xerophila,Platysace xerophila,(E.Pritz.) L.A.S.Johnson,Species,Accepted,2403647,Platysace xerophila,(E.Pritz.) L.A.S.Johnson,2403647,Apiaceae,exact,100,3633223,Platysace xerophila (E.Pritz.) L.A.S.Johnson,Platysace xerophila,(E.Pritz.) L.A.S.Johnson,SPECIES,ACCEPTED,EXACT,100,3633223,Platysace xerophila (E.Pritz.) L.A.S.Johnson,(E.Pritz.) L.A.S.Johnson,Plantae,Tracheophyta,Magnoliopsida,Apiales,Apiaceae,Platysace,Platysace xerophila,3633223
tsakalos_2018_applvegsci,False,Xanthosia huegelii,Xanthosia huegelii,(Benth.) Steud.,Species,Accepted,2467951,Xanthosia huegelii,(Benth.) Steud.,2467951,Apiaceae,exact,100,5539954,Xanthosia huegelii (Benth.) Steud.,Xanthosia huegelii,(Benth.) Steud.,SPECIES,ACCEPTED,EXACT,100,5539954,Xanthosia huegelii (Benth.) Steud.,(Benth.) Steud.,Plantae,Tracheophyta,Magnoliopsida,Apiales,Apiaceae,Xanthosia,Xanthosia huegelii,5539954
tsakalos_2018_applvegsci,False,Xanthosia tomentosa,Xanthosia tomentosa,A.S.George,Species,Accepted,2467984,Xanthosia tomentosa,A.S.George,2467984,Apiaceae,exact,100,5539875,Xanthosia tomentosa George,Xanthosia tomentosa,George,SPECIES,ACCEPTED,EXACT,100,5539875,Xanthosia tomentosa George,George,Plantae,Tracheophyta,Magnoliopsida,Apiales,Apiaceae,Xanthosia,Xanthosia tomentosa,5539875
tsakalos_2018_applvegsci,False,Hydrocotyle hispidula,Hydrocotyle hispidula,Bunge,Species,Accepted,2856104,Hydrocotyle hispidula,Bunge,2856104,Araliaceae,exact,100,6027014,Hydrocotyle hispidula Bunge,Hydrocotyle hispidula,Bunge,SPECIES,ACCEPTED,EXACT,100,6027014,Hydrocotyle hispidula Bunge,Bunge,Plantae,Tracheophyta,Magnoliopsida,Apiales,Araliaceae,Hydrocotyle,Hydrocotyle hispidula,6027014
dbca_2025_tpfl,False,Hydrocotyle lemnoides,Hydrocotyle lemnoides,Benth.,Species,Accepted,2856147,Hydrocotyle lemnoides,Benth.,2856147,Araliaceae,exact,100,3637037,Hydrocotyle lemnoides Benth.,Hydrocotyle lemnoides,Benth.,SPECIES,ACCEPTED,EXACT,100,3637037,Hydrocotyle lemnoides Benth.,Benth.,Plantae,Tracheophyta,Magnoliopsida,Apiales,Araliaceae,Hydrocotyle,Hydrocotyle lemnoides,3637037
tsakalos_2018_applvegsci,False,Trachymene coerulea,Trachymene coerulea,Graham,Species,Accepted,2438307,Trachymene coerulea,Graham,2438307,Araliaceae,exact,100,6026479,Trachymene coerulea Graham,Trachymene coerulea,Graham,SPECIES,ACCEPTED,EXACT,100,6026479,Trachymene coerulea Graham,Graham,Plantae,Tracheophyta,Magnoliopsida,Apiales,Araliaceae,Trachymene,Trachymene coerulea,6026479
inaturalist_eneabba|riviera_2021_restecol|tsakalos_2018_applvegsci,False,Trachymene pilosa,Trachymene pilosa,Sm.,Species,Accepted,2438486,Trachymene pilosa,Sm.,2438486,Araliaceae,exact,100,6026369,Trachymene pilosa Sm.,Trachymene pilosa,Sm.,SPECIES,ACCEPTED,EXACT,100,6026369,Trachymene pilosa Sm.,Sm.,Plantae,Tracheophyta,Magnoliopsida,Apiales,Araliaceae,Trachymene,Trachymene pilosa,6026369
tsakalos_2018_applvegsci,False,Acanthocarpus preissii agg.,Acanthocarpus preissii,Lehm.,Species,Accepted,293452,Acanthocarpus preissii,Lehm.,293452,Asparagaceae,exact,100,2772861,Acanthocarpus preissii Lehm.,Acanthocarpus preissii,Lehm.,SPECIES,ACCEPTED,EXACT,100,2772861,Acanthocarpus preissii Lehm.,Lehm.,Plantae,Tracheophyta,Liliopsida,Asparagales,Asparagaceae,Acanthocarpus,Acanthocarpus preissii,2772861
tsakalos_2018_applvegsci,False,Laxmannia grandiflora subsp. grandiflora,Laxmannia grandiflora subsp. grandiflora,nan,Subspecies,Accepted,311429,Laxmannia grandiflora subsp. grandiflora,nan,311429,Asparagaceae,exact,100,7228138,Laxmannia grandiflora subsp. grandiflora,Laxmannia grandiflora grandiflora,,SUBSPECIES,ACCEPTED,EXACT,99,7228138,Laxmannia grandiflora subsp. grandiflora,,Plantae,Tracheophyta,Liliopsida,Asparagales,Asparagaceae,Laxmannia,Laxmannia grandiflora,2770349
tsakalos_2018_applvegsci,False,Laxmannia omnifertilis,Laxmannia omnifertilis,Keighery,Species,Accepted,281032,Laxmannia omnifertilis,Keighery,281032,Asparagaceae,exact,100,2770346,Laxmannia omnifertilis Keighery,Laxmannia omnifertilis,Keighery,SPECIES,ACCEPTED,EXACT,100,2770346,Laxmannia omnifertilis Keighery,Keighery,Plantae,Tracheophyta,Liliopsida,Asparagales,Asparagaceae,Laxmannia,Laxmannia omnifertilis,2770346
tsakalos_2018_applvegsci,False,Laxmannia ramosa subsp. ramosa,Laxmannia ramosa subsp. ramosa,nan,Subspecies,Accepted,311430,Laxmannia ramosa subsp. ramosa,nan,311430,Asparagaceae,exact,100,7070004,Laxmannia ramosa subsp. ramosa,Laxmannia ramosa ramosa,,SUBSPECIES,ACCEPTED,EXACT,99,7070004,Laxmannia ramosa subsp. ramosa,,Plantae,Tracheophyta,Liliopsida,Asparagales,Asparagaceae,Laxmannia,Laxmannia ramosa,2770381
tsakalos_2018_applvegsci,False,Laxmannia sessiliflora,Laxmannia sessiliflora,Decne.,Species,Accepted,280851,Laxmannia sessiliflora,Decne.,280851,Asparagaceae,exact,100,2770362,Laxmannia sessiliflora Decne.,Laxmannia sessiliflora,Decne.,SPECIES,ACCEPTED,EXACT,100,2770362,Laxmannia sessiliflora Decne.,Decne.,Plantae,Tracheophyta,Liliopsida,Asparagales,Asparagaceae,Laxmannia,Laxmannia sessiliflora,2770362
tsakalos_2018_applvegsci,False,Lomandra collina agg.,Lomandra collina,(R.Br.) Ewart,Species,Accepted,280258,Lomandra collina,(R.Br.) Ewart,280258,Asparagaceae,exact,100,2770957,Lomandra collina (R.Br.) Ewart,Lomandra collina,(R.Br.) Ewart,SPECIES,ACCEPTED,EXACT,100,2770957,Lomandra collina (R.Br.) Ewart,(R.Br.) Ewart,Plantae,Tracheophyta,Liliopsida,Asparagales,Asparagaceae,Lomandra,Lomandra collina,2770957
tsakalos_2018_applvegsci,False,Lomandra hastilis,Lomandra hastilis,(R.Br.) Ewart,Species,Accepted,280279,Lomandra hastilis,(R.Br.) Ewart,280279,Asparagaceae,exact,100,2770940,Lomandra hastilis (R.Br.) Ewart,Lomandra hastilis,(R.Br.) Ewart,SPECIES,ACCEPTED,EXACT,100,2770940,Lomandra hastilis (R.Br.) Ewart,(R.Br.) Ewart,Plantae,Tracheophyta,Liliopsida,Asparagales,Asparagaceae,Lomandra,Lomandra hastilis,2770940
tsakalos_2018_applvegsci,False,Lomandra hermaphrodita,Lomandra hermaphrodita,(C.R.P.Andrews) C.A.Gardner,Species,Accepted,280278,Lomandra hermaphrodita,(C.R.P.Andrews) C.A.Gardner,280278,Asparagaceae,exact,100,2770891,Lomandra hermaphrodita (C.R.P.Andrews) C.A.Gardner,Lomandra hermaphrodita,(C.R.P.Andrews) C.A.Gardner,SPECIES,ACCEPTED,EXACT,100,2770891,Lomandra hermaphrodita (C.R.P.Andrews) C.A.Gardner,(C.R.P.Andrews) C.A.Gardner,Plantae,Tracheophyta,Liliopsida,Asparagales,Asparagaceae,Lomandra,Lomandra hermaphrodita,2770891
tsakalos_2018_applvegsci,False,Lomandra preissii agg.,Lomandra preissii,(Endl.) Ewart,Species,Accepted,280088,Lomandra preissii,(Endl.) Ewart,280088,Asparagaceae,exact,100,2771004,Lomandra preissii (Endl.) Ewart,Lomandra preissii,(Endl.) Ewart,SPECIES,ACCEPTED,EXACT,100,2771004,Lomandra preissii (Endl.) Ewart,(Endl.) Ewart,Plantae,Tracheophyta,Liliopsida,Asparagales,Asparagaceae,Lomandra,Lomandra preissii,2771004
tsakalos_2018_applvegsci,False,Lomandra suaveolens,Lomandra suaveolens,(Endl.) Ewart,Species,Accepted,280114,Lomandra suaveolens,(Endl.) Ewart,280114,Asparagaceae,exact,100,2770887,Lomandra suaveolens (Endl.) Ewart,Lomandra suaveolens,(Endl.) Ewart,SPECIES,ACCEPTED,EXACT,100,2770887,Lomandra suaveolens (Endl.) Ewart,(Endl.) Ewart,Plantae,Tracheophyta,Liliopsida,Asparagales,Asparagaceae,Lomandra,Lomandra suaveolens,2770887
tsakalos_2018_applvegsci,False,Thysanotus arenarius,Thysanotus arenarius,Brittan,Species,Accepted,290325,Thysanotus arenarius,Brittan,290325,Asparagaceae,exact,100,5304125,Thysanotus arenarius Brittan,Thysanotus arenarius,Brittan,SPECIES,ACCEPTED,EXACT,100,5304125,Thysanotus arenarius Brittan,Brittan,Plantae,Tracheophyta,Liliopsida,Asparagales,Asparagaceae,Thysanotus,Thysanotus arenarius,5304125
tsakalos_2018_applvegsci,False,Thysanotus dichotomus,Thysanotus dichotomus,(Labill.) R.Br.,Species,Accepted,290376,Thysanotus dichotomus,(Labill.) R.Br.,290376,Asparagaceae,exact,100,5304087,Thysanotus dichotomus (Labill.) R.Br.,Thysanotus dichotomus,(Labill.) R.Br.,SPECIES,ACCEPTED,EXACT,100,5304087,Thysanotus dichotomus (Labill.) R.Br.,(Labill.) R.Br.,Plantae,Tracheophyta,Liliopsida,Asparagales,Asparagaceae,Thysanotus,Thysanotus dichotomus,5304087
inaturalist_eneabba,False,Thysanotus manglesianus,Thysanotus manglesianus,Kunth,Species,Accepted,290361,Thysanotus manglesianus,Kunth,290361,Asparagaceae,exact,100,5304060,Thysanotus manglesianus Kunth,Thysanotus manglesianus,Kunth,SPECIES,ACCEPTED,EXACT,100,5304060,Thysanotus manglesianus Kunth,Kunth,Plantae,Tracheophyta,Liliopsida,Asparagales,Asparagaceae,Thysanotus,Thysanotus manglesianus,5304060
tsakalos_2018_applvegsci,False,Thysanotus patersonii agg.,Thysanotus patersonii,R.Br.,Species,Accepted,290369,Thysanotus patersonii,R.Br.,290369,Asparagaceae,exact,100,5304110,Thysanotus patersonii R.Br.,Thysanotus patersonii,R.Br.,SPECIES,ACCEPTED,EXACT,100,5304110,Thysanotus patersonii R.Br.,R.Br.,Plantae,Tracheophyta,Liliopsida,Asparagales,Asparagaceae,Thysanotus,Thysanotus patersonii,5304110
tsakalos_2018_applvegsci,False,Thysanotus sparteus,Thysanotus sparteus,R.Br.,Species,Accepted,290272,Thysanotus sparteus,R.Br.,290272,Asparagaceae,exact,100,5304078,Thysanotus sparteus R.Br.,Thysanotus sparteus,R.Br.,SPECIES,ACCEPTED,EXACT,100,5304078,Thysanotus sparteus R.Br.,R.Br.,Plantae,Tracheophyta,Liliopsida,Asparagales,Asparagaceae,Thysanotus,Thysanotus sparteus,5304078
tsakalos_2018_applvegsci,False,Thysanotus spiniger,Thysanotus spiniger,Brittan,Species,Accepted,290274,Thysanotus spiniger,Brittan,290274,Asparagaceae,exact,100,5304134,Thysanotus spiniger Brittan,Thysanotus spiniger,Brittan,SPECIES,ACCEPTED,EXACT,100,5304134,Thysanotus spiniger Brittan,Brittan,Plantae,Tracheophyta,Liliopsida,Asparagales,Asparagaceae,Thysanotus,Thysanotus spiniger,5304134
tsakalos_2018_applvegsci,False,Thysanotus tenellus,Thysanotus tenellus,Endl.,Species,Accepted,290275,Thysanotus tenellus,Endl.,290275,Asparagaceae,exact,100,5304118,Thysanotus tenellus Endl.,Thysanotus tenellus,Endl.,SPECIES,ACCEPTED,EXACT,100,5304118,Thysanotus tenellus Endl.,Endl.,Plantae,Tracheophyta,Liliopsida,Asparagales,Asparagaceae,Thysanotus,Thysanotus tenellus,5304118
inaturalist_eneabba|tsakalos_2018_applvegsci,False,Thysanotus teretifolius,Thysanotus teretifolius,Brittan,Species,Accepted,290268,Thysanotus teretifolius,Brittan,290268,Asparagaceae,exact,100,5304055,Thysanotus teretifolius Brittan,Thysanotus teretifolius,Brittan,SPECIES,ACCEPTED,EXACT,100,5304055,Thysanotus teretifolius Brittan,Brittan,Plantae,Tracheophyta,Liliopsida,Asparagales,Asparagaceae,Thysanotus,Thysanotus teretifolius,5304055
tsakalos_2018_applvegsci,False,Thysanotus thyrsoideus,Thysanotus thyrsoideus,Baker,Species,Accepted,290278,Thysanotus thyrsoideus,Baker,290278,Asparagaceae,exact,100,5304081,Thysanotus thyrsoideus Baker,Thysanotus thyrsoideus,Baker,SPECIES,ACCEPTED,EXACT,100,5304081,Thysanotus thyrsoideus Baker,Baker,Plantae,Tracheophyta,Liliopsida,Asparagales,Asparagaceae,Thysanotus,Thysanotus thyrsoideus,5304081
inaturalist_eneabba|tsakalos_2018_applvegsci,False,Thysanotus triandrus,Thysanotus triandrus,(Labill.) R.Br.,Species,Accepted,290279,Thysanotus triandrus,(Labill.) R.Br.,290279,Asparagaceae,exact,100,5304062,Thysanotus triandrus (Labill.) R.Br.,Thysanotus triandrus,(Labill.) R.Br.,SPECIES,ACCEPTED,EXACT,100,5304062,Thysanotus triandrus (Labill.) R.Br.,(Labill.) R.Br.,Plantae,Tracheophyta,Liliopsida,Asparagales,Asparagaceae,Thysanotus,Thysanotus triandrus,5304062
dbca_2025_tpfl|tsakalos_2018_applvegsci,False,Thysanotus vernalis,Thysanotus vernalis,Brittan,Species,Accepted,290282,Thysanotus vernalis,Brittan,290282,Asparagaceae,exact,100,5304097,Thysanotus vernalis Brittan,Thysanotus vernalis,Brittan,SPECIES,ACCEPTED,EXACT,100,5304097,Thysanotus vernalis Brittan,Brittan,Plantae,Tracheophyta,Liliopsida,Asparagales,Asparagaceae,Thysanotus,Thysanotus vernalis,5304097
dbca_2025_tpfl,False,Arnocrinum gracillimum,Arnocrinum gracillimum,Keighery,Species,Accepted,300050,Arnocrinum gracillimum,Keighery,300050,Asphodelaceae,exact,100,2770465,Arnocrinum gracillimum Keighery,Arnocrinum gracillimum,Keighery,SPECIES,ACCEPTED,EXACT,100,2770465,Arnocrinum gracillimum Keighery,Keighery,Plantae,Tracheophyta,Liliopsida,Asparagales,Asphodelaceae,Arnocrinum,Arnocrinum gracillimum,2770465
tsakalos_2018_applvegsci,False,Arnocrinum preissii,Arnocrinum preisii,Lehm.,Species,Accepted,300051,Arnocrinum preisii,Lehm.,300051,Asphodelaceae,fuzzy,97,2770468,Arnocrinum preisii Lehm.,Arnocrinum preisii,Lehm.,SPECIES,ACCEPTED,EXACT,100,2770468,Arnocrinum preisii Lehm.,Lehm.,Plantae,Tracheophyta,Liliopsida,Asparagales,Asphodelaceae,Arnocrinum,Arnocrinum preisii,2770468
inaturalist_eneabba,False,Chamaescilla corymbosa,Chamaescilla corymbosa,(R.Br.) F.Muell. ex Benth.,Species,Accepted,302085,Chamaescilla corymbosa,(R.Br.) F.Muell. ex Benth.,302085,Asphodelaceae,exact,100,2772832,Chamaescilla corymbosa (R.Br.) F.Muell. ex Benth.,Chamaescilla corymbosa,(R.Br.) F.Muell. ex Benth.,SPECIES,ACCEPTED,EXACT,100,2772832,Chamaescilla corymbosa (R.Br.) F.Muell. ex Benth.,(R.Br.) F.Muell. ex Benth.,Plantae,Tracheophyta,Liliopsida,Asparagales,Asphodelaceae,Chamaescilla,Chamaescilla corymbosa,2772832
tsakalos_2018_applvegsci,False,Chamaescilla versicolor,Chamaescilla versicolor,(Lindl.) Ostenf.,Species,Synonym,302096,Chamaescilla corymbosa var. latifolia,(F.Muell.) R.J.F.Hend.,302087,Asphodelaceae,exact,100,2772836,Chamaescilla corymbosa var. latifolia (F.Muell.) R.J.F.Hend.,Chamaescilla corymbosa latifolia,(F.Muell.) R.J.F.Hend.,VARIETY,ACCEPTED,EXACT,100,2772836,Chamaescilla corymbosa var. latifolia (F.Muell.) R.J.F.Hend.,(F.Muell.) R.J.F.Hend.,Plantae,Tracheophyta,Liliopsida,Asparagales,Asphodelaceae,Chamaescilla,Chamaescilla corymbosa,2772832
tsakalos_2018_applvegsci,False,Corynotheca micrantha,Corynotheca micrantha,(Lindl.) Druce,Species,Accepted,303287,Corynotheca micrantha,(Lindl.) Druce,303287,Asphodelaceae,exact,100,7319915,Corynotheca micrantha (Lindl.) Druce,Corynotheca micrantha,(Lindl.) Druce,SPECIES,ACCEPTED,EXACT,100,7319915,Corynotheca micrantha (Lindl.) Druce,(Lindl.) Druce,Plantae,Tracheophyta,Liliopsida,Asparagales,Asphodelaceae,Corynotheca,Corynotheca micrantha,7319915
tsakalos_2018_applvegsci,False,Dianella revoluta,Dianella revoluta,R.Br.,Species,Accepted,304157,Dianella revoluta,R.Br.,304157,Asphodelaceae,exact,100,5305191,Dianella revoluta R.Br.,Dianella revoluta,R.Br.,SPECIES,ACCEPTED,EXACT,100,5305191,Dianella revoluta R.Br.,R.Br.,Plantae,Tracheophyta,Liliopsida,Asparagales,Asphodelaceae,Dianella,Dianella revoluta,5305191
dbca_2025_tpfl,False,Hensmania stoniella,Hensmania stoniella,Keighery,Species,Accepted,277744,Hensmania stoniella,Keighery,277744,Asphodelaceae,exact,100,2773880,Hensmania stoniella Keighery,Hensmania stoniella,Keighery,SPECIES,ACCEPTED,EXACT,100,2773880,Hensmania stoniella Keighery,Keighery,Plantae,Tracheophyta,Liliopsida,Asparagales,Asphodelaceae,Hensmania,Hensmania stoniella,2773880
inaturalist_eneabba,False,Johnsonia pubescens,Johnsonia pubescens,Lindl.,Species,Accepted,279607,Johnsonia pubescens,Lindl.,279607,Asphodelaceae,exact,100,2781123,Johnsonia pubescens Lindl.,Johnsonia pubescens,Lindl.,SPECIES,ACCEPTED,EXACT,100,2781123,Johnsonia pubescens Lindl.,Lindl.,Plantae,Tracheophyta,Liliopsida,Asparagales,Asphodelaceae,Johnsonia,Johnsonia pubescens,2781123
inaturalist_eneabba|tsakalos_2018_applvegsci,False,Johnsonia pubescens subsp. pubescens,Johnsonia pubescens subsp. pubescens,nan,Subspecies,Accepted,312860,Johnsonia pubescens subsp. pubescens,nan,312860,Asphodelaceae,exact,100,7069947,Johnsonia pubescens subsp. pubescens,Johnsonia pubescens pubescens,,SUBSPECIES,ACCEPTED,EXACT,99,7069947,Johnsonia pubescens subsp. pubescens,,Plantae,Tracheophyta,Liliopsida,Asparagales,Asphodelaceae,Johnsonia,Johnsonia pubescens,2781123
dbca_2025_tpfl|tsakalos_2018_applvegsci,False,Stawellia dimorphantha,Stawellia dimorphantha,F.Muell.,Species,Accepted,287575,Stawellia dimorphantha,F.Muell.,287575,Asphodelaceae,exact,100,2780616,Stawellia dimorphantha F.Muell.,Stawellia dimorphantha,F.Muell.,SPECIES,ACCEPTED,EXACT,100,2780616,Stawellia dimorphantha F.Muell.,F.Muell.,Plantae,Tracheophyta,Liliopsida,Asparagales,Asphodelaceae,Stawellia,Stawellia dimorphantha,2780616
inaturalist_eneabba|tsakalos_2018_applvegsci,False,Tricoryne elatior,Tricoryne elatior,R.Br.,Species,Accepted,290567,Tricoryne elatior,R.Br.,290567,Asphodelaceae,exact,100,2779140,Tricoryne elatior R.Br.,Tricoryne elatior,R.Br.,SPECIES,ACCEPTED,EXACT,100,2779140,Tricoryne elatior R.Br.,R.Br.,Plantae,Tracheophyta,Liliopsida,Asparagales,Asphodelaceae,Tricoryne,Tricoryne elatior,2779140
tsakalos_2018_applvegsci,False,Tricoryne humilis,Tricoryne humilis,Endl.,Species,Accepted,290576,Tricoryne humilis,Endl.,290576,Asphodelaceae,exact,100,2779150,Tricoryne humilis Endl.,Tricoryne humilis,Endl.,SPECIES,ACCEPTED,EXACT,100,2779150,Tricoryne humilis Endl.,Endl.,Plantae,Tracheophyta,Liliopsida,Asparagales,Asphodelaceae,Tricoryne,Tricoryne humilis,2779150
tsakalos_2018_applvegsci,False,Tricoryne tenella,Tricoryne tenella,R.Br.,Species,Accepted,290560,Tricoryne tenella,R.Br.,290560,Asphodelaceae,exact,100,2779148,Tricoryne tenella R.Br.,Tricoryne tenella,R.Br.,SPECIES,ACCEPTED,EXACT,100,2779148,Tricoryne tenella R.Br.,R.Br.,Plantae,Tracheophyta,Liliopsida,Asparagales,Asphodelaceae,Tricoryne,Tricoryne tenella,2779148
inaturalist_eneabba,False,Xanthorrhoea acanthostachya,Xanthorrhoea acanthostachya,D.J.Bedford,Species,Accepted,291557,Xanthorrhoea acanthostachya,D.J.Bedford,291557,Asphodelaceae,exact,100,2779414,Xanthorrhoea acanthostachya D.J.Bedford,Xanthorrhoea acanthostachya,D.J.Bedford,SPECIES,ACCEPTED,EXACT,100,2779414,Xanthorrhoea acanthostachya D.J.Bedford,D.J.Bedford,Plantae,Tracheophyta,Liliopsida,Asparagales,Asphodelaceae,Xanthorrhoea,Xanthorrhoea acanthostachya,2779414
inaturalist_eneabba|riviera_2021_restecol,False,Xanthorrhoea drummondii,Xanthorrhoea drummondii,Harv.,Species,Accepted,293354,Xanthorrhoea drummondii,Harv.,293354,Asphodelaceae,exact,100,2779410,Xanthorrhoea drummondii Harv.,Xanthorrhoea drummondii,Harv.,SPECIES,ACCEPTED,EXACT,100,2779410,Xanthorrhoea drummondii Harv.,Harv.,Plantae,Tracheophyta,Liliopsida,Asparagales,Asphodelaceae,Xanthorrhoea,Xanthorrhoea drummondii,2779410
inaturalist_eneabba,False,Actinobole uliginosum,Actinobole uliginosum,(A.Gray) H.Eichler,Species,Accepted,3090173,Actinobole uliginosum,(A.Gray) H.Eichler,3090173,Asteraceae,exact,100,3130497,Actinobole uliginosum (A.Gray) H.Eichler,Actinobole uliginosum,(A.Gray) H.Eichler,SPECIES,ACCEPTED,EXACT,100,3130497,Actinobole uliginosum (A.Gray) H.Eichler,(A.Gray) H.Eichler,Plantae,Tracheophyta,Magnoliopsida,Asterales,Asteraceae,Actinobole,Actinobole uliginosum,3130497
inaturalist_eneabba|riviera_2021_restecol|tsakalos_2018_applvegsci,True,*Arctotheca calendula,Arctotheca calendula,(L.) K.Lewin,Species,Accepted,3075560,Arctotheca calendula,(L.) K.Lewin,3075560,Asteraceae,exact,100,12351133,Arctotheca calendula (L.) K.Lewin,Arctotheca calendula,(L.) K.Lewin,SPECIES,SYNONYM,EXACT,100,3114986,Arctotheca calendula (L.) Levyns,(L.) Levyns,Plantae,Tracheophyta,Magnoliopsida,Asterales,Asteraceae,Arctotheca,Arctotheca calendula,3114986
tsakalos_2018_applvegsci,False,Blennospora drummondii,Blennospora drummondii,A.Gray,Species,Accepted,3090275,Blennospora drummondii,A.Gray,3090275,Asteraceae,exact,100,3117080,Blennospora drummondii A.Gray,Blennospora drummondii,A.Gray,SPECIES,ACCEPTED,EXACT,100,3117080,Blennospora drummondii A.Gray,A.Gray,Plantae,Tracheophyta,Magnoliopsida,Asterales,Asteraceae,Blennospora,Blennospora drummondii,3117080
tsakalos_2018_applvegsci,False,Brachyscome ciliaris,Brachyscome ciliaris,(Labill.) Less.,Species,Accepted,3097163,Brachyscome ciliaris,(Labill.) Less.,3097163,Asteraceae,exact,100,3144591,Brachyscome ciliaris (Labill.) Less.,Brachyscome ciliaris,(Labill.) Less.,SPECIES,ACCEPTED,EXACT,100,3144591,Brachyscome ciliaris (Labill.) Less.,(Labill.) Less.,Plantae,Tracheophyta,Magnoliopsida,Asterales,Asteraceae,Brachyscome,Brachyscome ciliaris,3144591
tsakalos_2018_applvegsci,True,Centaurea melitensis,Centaurea melitensis,L.,Species,Accepted,3049996,Centaurea melitensis,L.,3049996,Asteraceae,exact,100,3128091,Centaurea melitensis L.,Centaurea melitensis,L.,SPECIES,ACCEPTED,EXACT,100,3128091,Centaurea melitensis L.,L.,Plantae,Tracheophyta,Magnoliopsida,Asterales,Asteraceae,Centaurea,Centaurea melitensis,3128091
tsakalos_2018_applvegsci,False,Gnephosis angianthoides,Gnephosis angianthoides,(Steetz) Anderb.,Species,Accepted,3090215,Gnephosis angianthoides,(Steetz) Anderb.,3090215,Asteraceae,exact,100,3117306,Gnephosis angianthoides (Steetz) Anderb.,Gnephosis angianthoides,(Steetz) Anderb.,SPECIES,ACCEPTED,EXACT,100,3117306,Gnephosis angianthoides (Steetz) Anderb.,(Steetz) Anderb.,Plantae,Tracheophyta,Magnoliopsida,Asterales,Asteraceae,Gnephosis,Gnephosis angianthoides,3117306
tsakalos_2018_applvegsci,False,Gnephosis tenuissima,Gnephosis tenuissima,Cass.,Species,Accepted,3090251,Gnephosis tenuissima,Cass.,3090251,Asteraceae,exact,100,3117320,Gnephosis tenuissima Cass.,Gnephosis tenuissima,Cass.,SPECIES,ACCEPTED,EXACT,100,3117320,Gnephosis tenuissima Cass.,Cass.,Plantae,Tracheophyta,Magnoliopsida,Asterales,Asteraceae,Gnephosis,Gnephosis tenuissima,3117320
inaturalist_eneabba|tsakalos_2018_applvegsci,False,Hyalosperma cotula,Hyalosperma cotula,(Benth.) Paul G.Wilson,Species,Accepted,3090142,Hyalosperma cotula,(Benth.) Paul G.Wilson,3090142,Asteraceae,exact,100,3130632,Hyalosperma cotula (Benth.) Paul G.Wilson,Hyalosperma cotula,(Benth.) Paul G.Wilson,SPECIES,ACCEPTED,EXACT,100,3130632,Hyalosperma cotula (Benth.) Paul G.Wilson,(Benth.) Paul G.Wilson,Plantae,Tracheophyta,Magnoliopsida,Asterales,Asteraceae,Hyalosperma,Hyalosperma cotula,3130632
riviera_2021_restecol|tsakalos_2018_applvegsci,True,*Hypochaeris glabra,Hypochaeris glabra,L.,Species,Accepted,3074561,Hypochaeris glabra,L.,3074561,Asteraceae,exact,100,3093911,Hypochaeris glabra L.,Hypochaeris glabra,L.,SPECIES,ACCEPTED,EXACT,100,3093911,Hypochaeris glabra L.,L.,Plantae,Tracheophyta,Magnoliopsida,Asterales,Asteraceae,Hypochaeris,Hypochaeris glabra,3093911
tsakalos_2018_applvegsci,False,Lagenophora huegelii,Lagenophora huegelii,Benth.,Species,Accepted,3096559,Lagenophora huegelii,Benth.,3096559,Asteraceae,exact,100,3142121,Lagenophora huegelii Benth.,Lagenophora huegelii,Benth.,SPECIES,ACCEPTED,EXACT,100,3142121,Lagenophora huegelii Benth.,Benth.,Plantae,Tracheophyta,Magnoliopsida,Asterales,Asteraceae,Lagenophora,Lagenophora huegelii,3142121
tsakalos_2018_applvegsci,False,Millotia myosotidifolia,Millotia myosotidifolia,Steetz,Species,Accepted,3087664,Millotia myosotidifolia,Steetz,3087664,Asteraceae,exact,100,5388764,Millotia myosotidifolia (Benth.) Steetz,Millotia myosotidifolia,(Benth.) Steetz,SPECIES,ACCEPTED,EXACT,100,5388764,Millotia myosotidifolia (Benth.) Steetz,(Benth.) Steetz,Plantae,Tracheophyta,Magnoliopsida,Asterales,Asteraceae,Millotia,Millotia myosotidifolia,5388764
tsakalos_2018_applvegsci,False,Podolepis aristata,Podolepis aristata,Benth.,Species,Accepted,3209493,Podolepis aristata,Benth.,3209493,Asteraceae,exact,100,6064122,Podolepis aristata Benth.,Podolepis aristata,Benth.,SPECIES,ACCEPTED,EXACT,100,6064122,Podolepis aristata Benth.,Benth.,Plantae,Tracheophyta,Magnoliopsida,Asterales,Asteraceae,Podolepis,Podolepis aristata,6064122
tsakalos_2018_applvegsci,False,Podolepis gracilis,Podolepis gracilis,Graham,Species,Accepted,3090027,Podolepis gracilis,Graham,3090027,Asteraceae,exact,100,3100346,Podolepis gracilis Graham,Podolepis gracilis,Graham,SPECIES,ACCEPTED,EXACT,100,3100346,Podolepis gracilis Graham,Graham,Plantae,Tracheophyta,Magnoliopsida,Asterales,Asteraceae,Podolepis,Podolepis gracilis,3100346
inaturalist_eneabba|tsakalos_2018_applvegsci,False,Podotheca angustifolia,Podotheca angustifolia,(Labill.) Less.,Species,Accepted,3087624,Podotheca angustifolia,(Labill.) Less.,3087624,Asteraceae,exact,100,4224262,Podotheca angustifolia (Labill.) Less.,Podotheca angustifolia,(Labill.) Less.,SPECIES,ACCEPTED,EXACT,100,4224262,Podotheca angustifolia (Labill.) Less.,(Labill.) Less.,Plantae,Tracheophyta,Magnoliopsida,Asterales,Asteraceae,Podotheca,Podotheca angustifolia,4224262
tsakalos_2018_applvegsci,False,Podotheca chrysantha,Podotheca chrysantha,Benth.,Species,Accepted,3087627,Podotheca chrysantha,Benth.,3087627,Asteraceae,exact,100,3131105,Podotheca chrysantha (Steetz) Benth.,Podotheca chrysantha,(Steetz) Benth.,SPECIES,ACCEPTED,EXACT,100,3131105,Podotheca chrysantha (Steetz) Benth.,(Steetz) Benth.,Plantae,Tracheophyta,Magnoliopsida,Asterales,Asteraceae,Podotheca,Podotheca chrysantha,3131105
tsakalos_2018_applvegsci,False,Podotheca gnaphalioides,Podotheca gnaphalioides,Graham,Species,Accepted,3087630,Podotheca gnaphalioides,Graham,3087630,Asteraceae,exact,100,3131106,Podotheca gnaphalioides Graham,Podotheca gnaphalioides,Graham,SPECIES,ACCEPTED,EXACT,100,3131106,Podotheca gnaphalioides Graham,Graham,Plantae,Tracheophyta,Magnoliopsida,Asterales,Asteraceae,Podotheca,Podotheca gnaphalioides,3131106
tsakalos_2018_applvegsci,False,Pterochaeta paniculata,Pterochaeta paniculata,Steetz,Species,Accepted,3089990,Pterochaeta paniculata,Steetz,3089990,Asteraceae,exact,100,5402605,Pterochaeta paniculata Steetz,Pterochaeta paniculata,Steetz,SPECIES,ACCEPTED,EXACT,100,5402605,Pterochaeta paniculata Steetz,Steetz,Plantae,Tracheophyta,Magnoliopsida,Asterales,Asteraceae,Pterochaeta,Pterochaeta paniculata,5402605
tsakalos_2018_applvegsci,False,Podolepis capillaris,Podolepis capillaris,(Steetz) Diels,Species,Synonym,3090020,Siemssenia capillaris,Steetz,3090018,Asteraceae,exact,100,3130160,Siemssenia capillaris Steetz,Siemssenia capillaris,Steetz,SPECIES,ACCEPTED,EXACT,100,3130160,Siemssenia capillaris Steetz,Steetz,Plantae,Tracheophyta,Magnoliopsida,Asterales,Asteraceae,Siemssenia,Siemssenia capillaris,3130160
tsakalos_2018_applvegsci,False,Siloxerus filifolius,Siloxerus filifolius,(Benth.) Ostenf.,Species,Accepted,3090178,Siloxerus filifolius,(Benth.) Ostenf.,3090178,Asteraceae,exact,100,3100659,Siloxerus filifolius (Benth.) Ostenf.,Siloxerus filifolius,(Benth.) Ostenf.,SPECIES,ACCEPTED,EXACT,100,3100659,Siloxerus filifolius (Benth.) Ostenf.,(Benth.) Ostenf.,Plantae,Tracheophyta,Magnoliopsida,Asterales,Asteraceae,Siloxerus,Siloxerus filifolius,3100659
tsakalos_2018_applvegsci,False,Siloxerus humifusus,Siloxerus humifusus,Labill.,Species,Accepted,3090183,Siloxerus humifusus,Labill.,3090183,Asteraceae,exact,100,3100666,Siloxerus humifusus Labill.,Siloxerus humifusus,Labill.,SPECIES,ACCEPTED,EXACT,100,3100666,Siloxerus humifusus Labill.,Labill.,Plantae,Tracheophyta,Magnoliopsida,Asterales,Asteraceae,Siloxerus,Siloxerus humifusus,3100666
tsakalos_2018_applvegsci,True,Sonchus oleraceus,Sonchus oleraceus,L.,Species,Accepted,2929055,Sonchus oleraceus,L.,2929055,Asteraceae,exact,100,8228544,Sonchus oleraceus L.,Sonchus oleraceus,L.,SPECIES,ACCEPTED,EXACT,100,8228544,Sonchus oleraceus L.,L.,Plantae,Tracheophyta,Magnoliopsida,Asterales,Asteraceae,Sonchus,Sonchus oleraceus,8228544
tsakalos_2018_applvegsci,True,Ursinia anthemoides,Ursinia anthemoides,(L.) Poir.,Species,Accepted,3106953,Ursinia anthemoides,(L.) Poir.,3106953,Asteraceae,exact,100,3089033,Ursinia anthemoides (L.) Poir.,Ursinia anthemoides,(L.) Poir.,SPECIES,ACCEPTED,EXACT,100,3089033,Ursinia anthemoides (L.) Poir.,(L.) Poir.,Plantae,Tracheophyta,Magnoliopsida,Asterales,Asteraceae,Ursinia,Ursinia anthemoides,3089033
tsakalos_2018_applvegsci,False,Waitzia acuminata,Waitzia acuminata,Steetz,Species,Accepted,3089968,Waitzia acuminata,Steetz,3089968,Asteraceae,exact,100,5396208,Waitzia acuminata Steetz,Waitzia acuminata,Steetz,SPECIES,ACCEPTED,EXACT,100,5396208,Waitzia acuminata Steetz,Steetz,Plantae,Tracheophyta,Magnoliopsida,Asterales,Asteraceae,Waitzia,Waitzia acuminata,5396208
tsakalos_2018_applvegsci,False,Waitzia podolepis,Waitzia podolepis,Steetz,Species,Accepted,3089982,Waitzia podolepis,Steetz,3089982,Asteraceae,exact,100,7892152,Waitzia podolepis (Gaudich.) Steetz,Waitzia podolepis,(Gaudich.) Steetz,SPECIES,ACCEPTED,EXACT,100,7892152,Waitzia podolepis (Gaudich.) Steetz,(Gaudich.) Steetz,Plantae,Tracheophyta,Magnoliopsida,Asterales,Asteraceae,Waitzia,Waitzia podolepis,7892152
tsakalos_2018_applvegsci,False,Borya sphaerocephala,Borya sphaerocephala,R.Br.,Species,Accepted,300943,Borya sphaerocephala,R.Br.,300943,Boryaceae,exact,100,2860799,Borya sphaerocephala R.Br.,Borya sphaerocephala,R.Br.,SPECIES,ACCEPTED,EXACT,100,2860799,Borya sphaerocephala R.Br.,R.Br.,Plantae,Tracheophyta,Liliopsida,Asparagales,Boryaceae,Borya,Borya sphaerocephala,2860799
tsakalos_2018_applvegsci,True,Brassica tournefortii,Brassica tournefortii,Gouan,Species,Synonym,2682848,Coincya tournefortii,"(Gouan) Alcaraz, T.E.Díaz, Rivas Mart. & Sánchez-Gómez",2730504,Brassicaceae,exact,100,3690903,"Coincya tournefortii (Gouan) Alcaraz, T.E.Díaz, Rivas Mart. & Sánchez-Gómez",Coincya tournefortii,"(Gouan) Alcaraz, T.E.Díaz, Rivas Mart. & Sánchez-Gómez",SPECIES,HOMOTYPIC_SYNONYM,EXACT,100,3042624,Brassica tournefortii Gouan,Gouan,Plantae,Tracheophyta,Magnoliopsida,Brassicales,Brassicaceae,Brassica,Brassica tournefortii,3042624
riviera_2021_restecol,True,*Brassica tournefortii agg.,Brassica tournefortii,Gouan,Species,Synonym,2682848,Coincya tournefortii,"(Gouan) Alcaraz, T.E.Díaz, Rivas Mart. & Sánchez-Gómez",2730504,Brassicaceae,exact,100,3690903,"Coincya tournefortii (Gouan) Alcaraz, T.E.Díaz, Rivas Mart. & Sánchez-Gómez",Coincya tournefortii,"(Gouan) Alcaraz, T.E.Díaz, Rivas Mart. & Sánchez-Gómez",SPECIES,HOMOTYPIC_SYNONYM,EXACT,100,3042624,Brassica tournefortii Gouan,Gouan,Plantae,Tracheophyta,Magnoliopsida,Brassicales,Brassicaceae,Brassica,Brassica tournefortii,3042624
tsakalos_2018_applvegsci,True,Raphanus raphanistrum,Raphanus raphanistrum,L.,Species,Accepted,2422367,Raphanus raphanistrum,L.,2422367,Brassicaceae,exact,100,3040983,Raphanus raphanistrum L.,Raphanus raphanistrum,L.,SPECIES,ACCEPTED,EXACT,100,3040983,Raphanus raphanistrum L.,L.,Plantae,Tracheophyta,Magnoliopsida,Brassicales,Brassicaceae,Raphanus,Raphanus raphanistrum,3040983
inaturalist_eneabba,False,Byblis lamellata,Byblis lamellata,Conran & Lowrie,Species,Accepted,222756,Byblis lamellata,Conran & Lowrie,222756,Byblidaceae,exact,100,5635105,Byblis lamellata Conran & Lowrie,Byblis lamellata,Conran & Lowrie,SPECIES,ACCEPTED,EXACT,100,5635105,Byblis lamellata Conran & Lowrie,Conran & Lowrie,Plantae,Tracheophyta,Magnoliopsida,Lamiales,Byblidaceae,Byblis,Byblis lamellata,5635105
tsakalos_2018_applvegsci,False,Isotoma hypocrateriformis,Isotoma hypocrateriformis,(R.Br.) Druce,Species,Accepted,370889,Isotoma hypocrateriformis,(R.Br.) Druce,370889,Campanulaceae,exact,100,5412359,Isotoma hypocrateriformis (R.Br.) Druce,Isotoma hypocrateriformis,(R.Br.) Druce,SPECIES,ACCEPTED,EXACT,100,5412359,Isotoma hypocrateriformis (R.Br.) Druce,(R.Br.) Druce,Plantae,Tracheophyta,Magnoliopsida,Asterales,Campanulaceae,Isotoma,Isotoma hypocrateriformis,5412359
tsakalos_2018_applvegsci,False,Lobelia heterophylla,Lobelia heterophylla,Labill.,Species,Accepted,353168,Lobelia heterophylla,Labill.,353168,Campanulaceae,exact,100,5408368,Lobelia heterophylla Labill.,Lobelia heterophylla,Labill.,SPECIES,ACCEPTED,EXACT,100,5408368,Lobelia heterophylla Labill.,Labill.,Plantae,Tracheophyta,Magnoliopsida,Asterales,Campanulaceae,Lobelia,Lobelia heterophylla,5408368
tsakalos_2018_applvegsci,False,Lobelia rarifolia,Lobelia rarifolia,E.Wimm.,Species,Accepted,352937,Lobelia rarifolia,E.Wimm.,352937,Campanulaceae,exact,100,5407821,Lobelia rarifolia E.Wimm.,Lobelia rarifolia,E.Wimm.,SPECIES,ACCEPTED,EXACT,100,5407821,Lobelia rarifolia E.Wimm.,E.Wimm.,Plantae,Tracheophyta,Magnoliopsida,Asterales,Campanulaceae,Lobelia,Lobelia rarifolia,5407821
tsakalos_2018_applvegsci,False,Lobelia rhytidosperma,Lobelia rhytidosperma,Benth.,Species,Accepted,352920,Lobelia rhytidosperma,Benth.,352920,Campanulaceae,exact,100,5408365,Lobelia rhytidosperma Benth.,Lobelia rhytidosperma,Benth.,SPECIES,ACCEPTED,EXACT,100,5408365,Lobelia rhytidosperma Benth.,Benth.,Plantae,Tracheophyta,Magnoliopsida,Asterales,Campanulaceae,Lobelia,Lobelia rhytidosperma,5408365
inaturalist_eneabba|tsakalos_2018_applvegsci,True,Wahlenbergia capensis,Wahlenbergia capensis,(L.) A.DC.,Species,Accepted,357344,Wahlenbergia capensis,(L.) A.DC.,357344,Campanulaceae,exact,100,5413612,Wahlenbergia capensis (L.) A.DC.,Wahlenbergia capensis,(L.) A.DC.,SPECIES,ACCEPTED,EXACT,100,5413612,Wahlenbergia capensis (L.) A.DC.,(L.) A.DC.,Plantae,Tracheophyta,Magnoliopsida,Asterales,Campanulaceae,Wahlenbergia,Wahlenbergia capensis,5413612
tsakalos_2018_applvegsci,False,Wahlenbergia gracilenta,Wahlenbergia gracilenta,Lothian,Species,Accepted,357517,Wahlenbergia gracilenta,Lothian,357517,Campanulaceae,exact,100,5413606,Wahlenbergia gracilenta Lothian,Wahlenbergia gracilenta,Lothian,SPECIES,ACCEPTED,EXACT,100,5413606,Wahlenbergia gracilenta Lothian,Lothian,Plantae,Tracheophyta,Magnoliopsida,Asterales,Campanulaceae,Wahlenbergia,Wahlenbergia gracilenta,5413606
tsakalos_2018_applvegsci,True,Polycarpon tetraphyllum,Polycarpon tetraphyllum,(L.) L.,Species,Accepted,2409666,Polycarpon tetraphyllum,(L.) L.,2409666,Caryophyllaceae,exact,100,3085381,Polycarpon tetraphyllum (L.) L.,Polycarpon tetraphyllum,(L.) L.,SPECIES,ACCEPTED,EXACT,100,3085381,Polycarpon tetraphyllum (L.) L.,(L.) L.,Plantae,Tracheophyta,Magnoliopsida,Caryophyllales,Caryophyllaceae,Polycarpon,Polycarpon tetraphyllum,3085381
tsakalos_2018_applvegsci,False,Allocasuarina campestris,Allocasuarina campestris,(Diels) L.A.S.Johnson,Species,Accepted,382116,Allocasuarina campestris,(Diels) L.A.S.Johnson,382116,Casuarinaceae,exact,100,2891864,Allocasuarina campestris (Diels) L.A.S.Johnson,Allocasuarina campestris,(Diels) L.A.S.Johnson,SPECIES,ACCEPTED,EXACT,100,2891864,Allocasuarina campestris (Diels) L.A.S.Johnson,(Diels) L.A.S.Johnson,Plantae,Tracheophyta,Magnoliopsida,Fagales,Casuarinaceae,Allocasuarina,Allocasuarina campestris,2891864
tsakalos_2018_applvegsci,False,Allocasuarina humilis,Allocasuarina humilis,(Otto & A.Dietr.) L.A.S.Johnson,Species,Accepted,382144,Allocasuarina humilis,(Otto & A.Dietr.) L.A.S.Johnson,382144,Casuarinaceae,exact,100,2891890,Allocasuarina humilis (Otto & A.Dietr.) L.A.S.Johnson,Allocasuarina humilis,(Otto & A.Dietr.) L.A.S.Johnson,SPECIES,ACCEPTED,EXACT,100,2891890,Allocasuarina humilis (Otto & A.Dietr.) L.A.S.Johnson,(Otto & A.Dietr.) L.A.S.Johnson,Plantae,Tracheophyta,Magnoliopsida,Fagales,Casuarinaceae,Allocasuarina,Allocasuarina humilis,2891890
tsakalos_2018_applvegsci,False,Allocasuarina lehmanniana,Allocasuarina lehmanniana,(Miq.) L.A.S.Johnson,Species,Accepted,382146,Allocasuarina lehmanniana,(Miq.) L.A.S.Johnson,382146,Casuarinaceae,exact,100,2891855,Allocasuarina lehmanniana (Miq.) L.A.S.Johnson,Allocasuarina lehmanniana,(Miq.) L.A.S.Johnson,SPECIES,ACCEPTED,EXACT,100,2891855,Allocasuarina lehmanniana (Miq.) L.A.S.Johnson,(Miq.) L.A.S.Johnson,Plantae,Tracheophyta,Magnoliopsida,Fagales,Casuarinaceae,Allocasuarina,Allocasuarina lehmanniana,2891855
tsakalos_2018_applvegsci,False,Allocasuarina microstachya,Allocasuarina microstachya,(Miq.) L.A.S.Johnson,Species,Accepted,382154,Allocasuarina microstachya,(Miq.) L.A.S.Johnson,382154,Casuarinaceae,exact,100,2891857,Allocasuarina microstachya (Miq.) L.A.S.Johnson,Allocasuarina microstachya,(Miq.) L.A.S.Johnson,SPECIES,ACCEPTED,EXACT,100,2891857,Allocasuarina microstachya (Miq.) L.A.S.Johnson,(Miq.) L.A.S.Johnson,Plantae,Tracheophyta,Magnoliopsida,Fagales,Casuarinaceae,Allocasuarina,Allocasuarina microstachya,2891857
inaturalist_eneabba|tsakalos_2018_applvegsci,False,Stackhousia dielsii,Stackhousia dielsii,Pamp.,Species,Accepted,2580240,Stackhousia dielsii,Pamp.,2580240,Celastraceae,exact,100,5553293,Stackhousia dielsii Pamp.,Stackhousia dielsii,Pamp.,SPECIES,ACCEPTED,EXACT,100,5553293,Stackhousia dielsii Pamp.,Pamp.,Plantae,Tracheophyta,Magnoliopsida,Celastrales,Celastraceae,Stackhousia,Stackhousia dielsii,5553293
inaturalist_eneabba|tsakalos_2018_applvegsci,False,Tripterococcus brunonis,Tripterococcus brunonis,Endl.,Species,Accepted,2513750,Tripterococcus brunonis,Endl.,2513750,Celastraceae,exact,100,3698194,Tripterococcus brunonis Endl.,Tripterococcus brunonis,Endl.,SPECIES,ACCEPTED,EXACT,100,3698194,Tripterococcus brunonis Endl.,Endl.,Plantae,Tracheophyta,Magnoliopsida,Celastrales,Celastraceae,Tripterococcus,Tripterococcus brunonis,3698194
tsakalos_2018_applvegsci,False,Burchardia congesta,Burchardia congesta,Lindl.,Species,Accepted,301498,Burchardia congesta,Lindl.,301498,Colchicaceae,exact,100,2740397,Burchardia congesta Lindl.,Burchardia congesta,Lindl.,SPECIES,ACCEPTED,EXACT,100,2740397,Burchardia congesta Lindl.,Lindl.,Plantae,Tracheophyta,Liliopsida,Liliales,Colchicaceae,Burchardia,Burchardia congesta,2740397
tsakalos_2018_applvegsci,False,Crassula colorata,Crassula colorata,(Nees) Ostenf.,Species,Accepted,2741599,Crassula colorata,(Nees) Ostenf.,2741599,Crassulaceae,exact,100,7334348,Crassula colorata (Nees) Ostenf.,Crassula colorata,(Nees) Ostenf.,SPECIES,ACCEPTED,EXACT,100,7334348,Crassula colorata (Nees) Ostenf.,(Nees) Ostenf.,Plantae,Tracheophyta,Magnoliopsida,Saxifragales,Crassulaceae,Crassula,Crassula colorata,7334348
tsakalos_2018_applvegsci,False,Callitris acuminata,Callitris acuminata,(Parl.) F.Muell.,Species,Accepted,382328,Callitris acuminata,(Parl.) F.Muell.,382328,Cupressaceae,exact,100,2684113,Callitris acuminata (Parl.) F.Muell.,Callitris acuminata,(Parl.) F.Muell.,SPECIES,SYNONYM,EXACT,100,2684112,Actinostrobus acuminatus Parl.,Parl.,Plantae,Tracheophyta,Pinopsida,Pinales,Cupressaceae,Actinostrobus,Actinostrobus acuminatus,2684112
tsakalos_2018_applvegsci,False,Callitris arenaria,Callitris arenaria,(C.A.Gardner) J.E.Piggin & J.J.Bruhl,Species,Accepted,462564,Callitris arenaria,(C.A.Gardner) J.E.Piggin & J.J.Bruhl,462564,Cupressaceae,exact,100,8266886,Callitris arenaria (C.A.Gardner) J.E.Piggin & J.J.Bruhl,Callitris arenaria,(C.A.Gardner) J.E.Piggin & J.J.Bruhl,SPECIES,HOMOTYPIC_SYNONYM,EXACT,100,2684114,Actinostrobus arenarius C.A.Gardner,C.A.Gardner,Plantae,Tracheophyta,Pinopsida,Pinales,Cupressaceae,Actinostrobus,Actinostrobus arenarius,2684114
tsakalos_2018_applvegsci,False,Callitris pyramidalis,Callitris pyramidalis,(Miq.) J.E.Piggin & J.J.Bruhl,Species,Accepted,462565,Callitris pyramidalis,(Miq.) J.E.Piggin & J.J.Bruhl,462565,Cupressaceae,exact,100,8064537,Callitris pyramidalis (Miq.) J.E.Piggin & J.J.Bruhl,Callitris pyramidalis,(Miq.) J.E.Piggin & J.J.Bruhl,SPECIES,HOMOTYPIC_SYNONYM,EXACT,100,2684116,Actinostrobus pyramidalis Miq.,Miq.,Plantae,Tracheophyta,Pinopsida,Pinales,Cupressaceae,Actinostrobus,Actinostrobus pyramidalis,2684116
tsakalos_2018_applvegsci,False,Schoenus grandiflorus,Schoenus grandiflorus,(Nees ex Lehm.) F.Muell.,Species,Synonym,263342,Ammothryon grandiflorum,"(Nees ex Lehm.) R.L.Barrett, K.L.Wilson & J.J.Bruhl",3293602,Cyperaceae,exact,100,12374624,"Ammothryon grandiflorum (Nees ex Lehm.) R.L.Barrett, K.L.Wilson & J.J.Bruhl",Ammothryon grandiflorum,"(Nees ex Lehm.) R.L.Barrett, K.L.Wilson & J.J.Bruhl",SPECIES,SYNONYM,EXACT,100,2709915,Schoenus grandiflorus (Nees ex Lehm.) F.Muell.,(Nees ex Lehm.) F.Muell.,Plantae,Tracheophyta,Liliopsida,Poales,Cyperaceae,Schoenus,Schoenus grandiflorus,2709915
tsakalos_2018_applvegsci,False,Caustis dioica,Caustis dioica,R.Br.,Species,Accepted,232536,Caustis dioica,R.Br.,232536,Cyperaceae,exact,100,2718179,Caustis dioica R.Br.,Caustis dioica,R.Br.,SPECIES,ACCEPTED,EXACT,100,2718179,Caustis dioica R.Br.,R.Br.,Plantae,Tracheophyta,Liliopsida,Poales,Cyperaceae,Caustis,Caustis dioica,2718179
tsakalos_2018_applvegsci,False,Gahnia trifida,Gahnia trifida,Labill.,Species,Accepted,246541,Gahnia trifida,Labill.,246541,Cyperaceae,exact,100,2710070,Gahnia trifida Labill.,Gahnia trifida,Labill.,SPECIES,ACCEPTED,EXACT,100,2710070,Gahnia trifida Labill.,Labill.,Plantae,Tracheophyta,Liliopsida,Poales,Cyperaceae,Gahnia,Gahnia trifida,2710070
tsakalos_2018_applvegsci,False,Lepidosperma costale,Lepidosperma costale,Nees,Species,Accepted,252150,Lepidosperma costale,Nees,252150,Cyperaceae,exact,100,2731169,Lepidosperma costale Nees,Lepidosperma costale,Nees,SPECIES,ACCEPTED,EXACT,100,2731169,Lepidosperma costale Nees,Nees,Plantae,Tracheophyta,Liliopsida,Poales,Cyperaceae,Lepidosperma,Lepidosperma costale,2731169
tsakalos_2018_applvegsci,False,Lepidosperma pruinosum,Lepidosperma pruinosum,Kük.,Species,Accepted,252196,Lepidosperma pruinosum,Kük.,252196,Cyperaceae,exact,100,2731210,Lepidosperma pruinosum Kük.,Lepidosperma pruinosum,Kük.,SPECIES,ACCEPTED,EXACT,100,2731210,Lepidosperma pruinosum Kük.,Kük.,Plantae,Tracheophyta,Liliopsida,Poales,Cyperaceae,Lepidosperma,Lepidosperma pruinosum,2731210
tsakalos_2018_applvegsci,False,Lepidosperma pubisquameum,Lepidosperma pubisquameum,Steud.,Species,Accepted,252197,Lepidosperma pubisquameum,Steud.,252197,Cyperaceae,exact,100,2731194,Lepidosperma pubisquameum Steud.,Lepidosperma pubisquameum,Steud.,SPECIES,ACCEPTED,EXACT,100,2731194,Lepidosperma pubisquameum Steud.,Steud.,Plantae,Tracheophyta,Liliopsida,Poales,Cyperaceae,Lepidosperma,Lepidosperma pubisquameum,2731194
tsakalos_2018_applvegsci,False,Lepidosperma scabrum,Lepidosperma scabrum,Nees,Species,Accepted,252203,Lepidosperma scabrum,Nees,252203,Cyperaceae,exact,100,2731163,Lepidosperma scabrum Nees,Lepidosperma scabrum,Nees,SPECIES,ACCEPTED,EXACT,100,2731163,Lepidosperma scabrum Nees,Nees,Plantae,Tracheophyta,Liliopsida,Poales,Cyperaceae,Lepidosperma,Lepidosperma scabrum,2731163
tsakalos_2018_applvegsci,False,Lepidosperma brunonianum,Lepidosperma brunonianum,Nees,Species,Synonym,252139,Lepidosperma sieberi,Kunth,252206,Cyperaceae,exact,100,7647450,Lepidosperma sieberi Kunth,Lepidosperma sieberi,Kunth,SPECIES,ACCEPTED,EXACT,100,7647450,Lepidosperma sieberi Kunth,Kunth,Plantae,Tracheophyta,Liliopsida,Poales,Cyperaceae,Lepidosperma,Lepidosperma sieberi,7647450
tsakalos_2018_applvegsci,False,Lepidosperma tenue,Lepidosperma tenue,Benth.,Species,Accepted,252209,Lepidosperma tenue,Benth.,252209,Cyperaceae,exact,100,2731167,Lepidosperma tenue Benth.,Lepidosperma tenue,Benth.,SPECIES,ACCEPTED,EXACT,100,2731167,Lepidosperma tenue Benth.,Benth.,Plantae,Tracheophyta,Liliopsida,Poales,Cyperaceae,Lepidosperma,Lepidosperma tenue,2731167
tsakalos_2018_applvegsci,False,Mesomelaena preissii,Mesomelaena preissii,Nees,Species,Accepted,254390,Mesomelaena preissii,Nees,254390,Cyperaceae,exact,100,5291383,Mesomelaena preissii Nees,Mesomelaena preissii,Nees,SPECIES,ACCEPTED,EXACT,100,5291383,Mesomelaena preissii Nees,Nees,Plantae,Tracheophyta,Liliopsida,Poales,Cyperaceae,Mesomelaena,Mesomelaena preissii,5291383
riviera_2021_restecol|tsakalos_2018_applvegsci,False,Mesomelaena pseudostygia,Mesomelaena pseudostygia,(Kük.) K.L.Wilson,Species,Accepted,254391,Mesomelaena pseudostygia,(Kük.) K.L.Wilson,254391,Cyperaceae,exact,100,5291372,Mesomelaena pseudostygia (Kük.) K.L.Wilson,Mesomelaena pseudostygia,(Kük.) K.L.Wilson,SPECIES,ACCEPTED,EXACT,100,5291372,Mesomelaena pseudostygia (Kük.) K.L.Wilson,(Kük.) K.L.Wilson,Plantae,Tracheophyta,Liliopsida,Poales,Cyperaceae,Mesomelaena,Mesomelaena pseudostygia,5291372
dbca_2025_tpfl|inaturalist_eneabba|tsakalos_2018_applvegsci,False,Mesomelaena stygia subsp. deflexa,Mesomelaena stygia subsp. deflexa,(Kük.) K.L.Wilson,Subspecies,Accepted,254394,Mesomelaena stygia subsp. deflexa,(Kük.) K.L.Wilson,254394,Cyperaceae,exact,100,5291379,Mesomelaena stygia subsp. deflexa (Kük.) K.L.Wilson,Mesomelaena stygia deflexa,(Kük.) K.L.Wilson,SUBSPECIES,ACCEPTED,EXACT,100,5291379,Mesomelaena stygia subsp. deflexa (Kük.) K.L.Wilson,(Kük.) K.L.Wilson,Plantae,Tracheophyta,Liliopsida,Poales,Cyperaceae,Mesomelaena,Mesomelaena stygia,5291378
tsakalos_2018_applvegsci,False,Mesomelaena tetragona,Mesomelaena tetragona,(R.Br.) Benth.,Species,Accepted,254398,Mesomelaena tetragona,(R.Br.) Benth.,254398,Cyperaceae,exact,100,5291375,Mesomelaena tetragona (R.Br.) Benth.,Mesomelaena tetragona,(R.Br.) Benth.,SPECIES,ACCEPTED,EXACT,100,5291375,Mesomelaena tetragona (R.Br.) Benth.,(R.Br.) Benth.,Plantae,Tracheophyta,Liliopsida,Poales,Cyperaceae,Mesomelaena,Mesomelaena tetragona,5291375
tsakalos_2018_applvegsci,False,Tetraria microcarpa,Tetraria microcarpa,S.T.Blake,Species,Synonym,268057,Morelotia microcarpa,(S.T.Blake) R.L.Barrett & K.L.Wilson,3292799,Cyperaceae,exact,100,2718397,Tetraria microcarpa S.T.Blake,Tetraria microcarpa,S.T.Blake,SPECIES,ACCEPTED,EXACT,99,2718397,Tetraria microcarpa S.T.Blake,S.T.Blake,Plantae,Tracheophyta,Liliopsida,Poales,Cyperaceae,Tetraria,Tetraria microcarpa,2718397
inaturalist_eneabba,False,Morelotia octandra,Morelotia octandra,(Nees) R.L.Barrett & J.J.Bruhl,Species,Accepted,3292801,Morelotia octandra,(Nees) R.L.Barrett & J.J.Bruhl,3292801,Cyperaceae,exact,100,2718503,Tetraria octandra (Nees) Kük.,Tetraria octandra,(Nees) Kük.,SPECIES,ACCEPTED,EXACT,99,2718503,Tetraria octandra (Nees) Kük.,(Nees) Kük.,Plantae,Tracheophyta,Liliopsida,Poales,Cyperaceae,Tetraria,Tetraria octandra,2718503
tsakalos_2018_applvegsci,False,Tetraria octandra,Tetraria octandra,(Nees) Kük.,Species,Synonym,268063,Morelotia octandra,(Nees) R.L.Barrett & J.J.Bruhl,3292801,Cyperaceae,exact,100,2718503,Tetraria octandra (Nees) Kük.,Tetraria octandra,(Nees) Kük.,SPECIES,ACCEPTED,EXACT,99,2718503,Tetraria octandra (Nees) Kük.,(Nees) Kük.,Plantae,Tracheophyta,Liliopsida,Poales,Cyperaceae,Tetraria,Tetraria octandra,2718503
tsakalos_2018_applvegsci,False,Schoenus andrewsii,Schoenus andrewsii,W.Fitzg.,Species,Accepted,263177,Schoenus andrewsii,W.Fitzg.,263177,Cyperaceae,exact,100,2709755,Schoenus andrewsii W.Fitzg.,Schoenus andrewsii,W.Fitzg.,SPECIES,ACCEPTED,EXACT,100,2709755,Schoenus andrewsii W.Fitzg.,W.Fitzg.,Plantae,Tracheophyta,Liliopsida,Poales,Cyperaceae,Schoenus,Schoenus andrewsii,2709755
tsakalos_2018_applvegsci,False,Schoenus brevisetis,Schoenus brevisetis,(R.Br.) Roem. & Schult.,Species,Accepted,263211,Schoenus brevisetis,(R.Br.) Roem. & Schult.,263211,Cyperaceae,exact,100,2709952,Schoenus brevisetis (R.Br.) Roem. & Schult.,Schoenus brevisetis,(R.Br.) Roem. & Schult.,SPECIES,ACCEPTED,EXACT,100,2709952,Schoenus brevisetis (R.Br.) Roem. & Schult.,(R.Br.) Roem. & Schult.,Plantae,Tracheophyta,Liliopsida,Poales,Cyperaceae,Schoenus,Schoenus brevisetis,2709952
tsakalos_2018_applvegsci,False,Schoenus caespititius,Schoenus caespititius,W.Fitzg.,Species,Accepted,263219,Schoenus caespititius,W.Fitzg.,263219,Cyperaceae,exact,100,2709884,Schoenus caespititius W.Fitzg.,Schoenus caespititius,W.Fitzg.,SPECIES,ACCEPTED,EXACT,100,2709884,Schoenus caespititius W.Fitzg.,W.Fitzg.,Plantae,Tracheophyta,Liliopsida,Poales,Cyperaceae,Schoenus,Schoenus caespititius,2709884
tsakalos_2018_applvegsci,False,Schoenus clandestinus,Schoenus clandestinus,S.T.Blake,Species,Accepted,263247,Schoenus clandestinus,S.T.Blake,263247,Cyperaceae,exact,100,2709837,Schoenus clandestinus S.T.Blake,Schoenus clandestinus,S.T.Blake,SPECIES,ACCEPTED,EXACT,100,2709837,Schoenus clandestinus S.T.Blake,S.T.Blake,Plantae,Tracheophyta,Liliopsida,Poales,Cyperaceae,Schoenus,Schoenus clandestinus,2709837
tsakalos_2018_applvegsci,False,Schoenus curvifolius,Schoenus curvifolius,(R.Br.) Roem. & Schult.,Species,Accepted,263263,Schoenus curvifolius,(R.Br.) Roem. & Schult.,263263,Cyperaceae,exact,100,2710010,Schoenus curvifolius (R.Br.) Roem. & Schult.,Schoenus curvifolius,(R.Br.) Roem. & Schult.,SPECIES,ACCEPTED,EXACT,100,2710010,Schoenus curvifolius (R.Br.) Roem. & Schult.,(R.Br.) Roem. & Schult.,Plantae,Tracheophyta,Liliopsida,Poales,Cyperaceae,Schoenus,Schoenus curvifolius,2710010
dbca_2025_tpfl|tsakalos_2018_applvegsci,False,Schoenus griffinianus,Schoenus griffinianus,K.L.Wilson,Species,Accepted,263343,Schoenus griffinianus,K.L.Wilson,263343,Cyperaceae,exact,100,2709880,Schoenus griffinianus K.L.Wilson,Schoenus griffinianus,K.L.Wilson,SPECIES,ACCEPTED,EXACT,100,2709880,Schoenus griffinianus K.L.Wilson,K.L.Wilson,Plantae,Tracheophyta,Liliopsida,Poales,Cyperaceae,Schoenus,Schoenus griffinianus,2709880
tsakalos_2018_applvegsci,False,Schoenus insolitus,Schoenus insolitus,K.L.Wilson,Species,Accepted,263366,Schoenus insolitus,K.L.Wilson,263366,Cyperaceae,exact,100,2709860,Schoenus insolitus K.L.Wilson,Schoenus insolitus,K.L.Wilson,SPECIES,ACCEPTED,EXACT,100,2709860,Schoenus insolitus K.L.Wilson,K.L.Wilson,Plantae,Tracheophyta,Liliopsida,Poales,Cyperaceae,Schoenus,Schoenus insolitus,2709860
tsakalos_2018_applvegsci,False,Schoenus nanus,Schoenus nanus,(Nees ex Lehm.) Benth.,Species,Accepted,263435,Schoenus nanus,(Nees ex Lehm.) Benth.,263435,Cyperaceae,exact,100,2709842,Schoenus nanus (Nees ex Lehm.) Benth.,Schoenus nanus,(Nees ex Lehm.) Benth.,SPECIES,ACCEPTED,EXACT,100,2709842,Schoenus nanus (Nees ex Lehm.) Benth.,(Nees ex Lehm.) Benth.,Plantae,Tracheophyta,Liliopsida,Poales,Cyperaceae,Schoenus,Schoenus nanus,2709842
tsakalos_2018_applvegsci,False,Schoenus pedicellatus,Schoenus pedicellatus,(R.Br.) Roem. & Schult.,Species,Accepted,263470,Schoenus pedicellatus,(R.Br.) Roem. & Schult.,263470,Cyperaceae,exact,100,2709780,Schoenus pedicellatus (R.Br.) Roem. & Schult.,Schoenus pedicellatus,(R.Br.) Roem. & Schult.,SPECIES,ACCEPTED,EXACT,100,2709780,Schoenus pedicellatus (R.Br.) Roem. & Schult.,(R.Br.) Roem. & Schult.,Plantae,Tracheophyta,Liliopsida,Poales,Cyperaceae,Schoenus,Schoenus pedicellatus,2709780
tsakalos_2018_applvegsci,False,Schoenus pleiostemoneus,Schoenus pleiostemoneus,F.Muell.,Species,Accepted,263475,Schoenus pleiostemoneus,F.Muell.,263475,Cyperaceae,exact,100,2709913,Schoenus pleiostemoneus F.Muell.,Schoenus pleiostemoneus,F.Muell.,SPECIES,ACCEPTED,EXACT,100,2709913,Schoenus pleiostemoneus F.Muell.,F.Muell.,Plantae,Tracheophyta,Liliopsida,Poales,Cyperaceae,Schoenus,Schoenus pleiostemoneus,2709913
tsakalos_2018_applvegsci,False,Schoenus rigens,Schoenus rigens,S.T.Blake,Species,Accepted,263497,Schoenus rigens,S.T.Blake,263497,Cyperaceae,exact,100,2709899,Schoenus rigens S.T.Blake,Schoenus rigens,S.T.Blake,SPECIES,ACCEPTED,EXACT,100,2709899,Schoenus rigens S.T.Blake,S.T.Blake,Plantae,Tracheophyta,Liliopsida,Poales,Cyperaceae,Schoenus,Schoenus rigens,2709899
tsakalos_2018_applvegsci,False,Schoenus subfascicularis,Schoenus subfascicularis,Kük.,Species,Accepted,263540,Schoenus subfascicularis,Kük.,263540,Cyperaceae,exact,100,2709858,Schoenus subfascicularis Kük.,Schoenus subfascicularis,Kük.,SPECIES,ACCEPTED,EXACT,100,2709858,Schoenus subfascicularis Kük.,Kük.,Plantae,Tracheophyta,Liliopsida,Poales,Cyperaceae,Schoenus,Schoenus subfascicularis,2709858
tsakalos_2018_applvegsci,False,Schoenus subflavus,Schoenus subflavus,Kük.,Species,Accepted,263541,Schoenus subflavus,Kük.,263541,Cyperaceae,exact,100,2709750,Schoenus subflavus Kük.,Schoenus subflavus,Kük.,SPECIES,ACCEPTED,EXACT,100,2709750,Schoenus subflavus Kük.,Kük.,Plantae,Tracheophyta,Liliopsida,Poales,Cyperaceae,Schoenus,Schoenus subflavus,2709750
tsakalos_2018_applvegsci,False,Schoenus unispiculatus,Schoenus unispiculatus,F.Muell. ex Benth.,Species,Accepted,263573,Schoenus unispiculatus,F.Muell. ex Benth.,263573,Cyperaceae,exact,100,2709946,Schoenus unispiculatus F.Muell. ex Benth.,Schoenus unispiculatus,F.Muell. ex Benth.,SPECIES,ACCEPTED,EXACT,100,2709946,Schoenus unispiculatus F.Muell. ex Benth.,F.Muell. ex Benth.,Plantae,Tracheophyta,Liliopsida,Poales,Cyperaceae,Schoenus,Schoenus unispiculatus,2709946
tsakalos_2018_applvegsci,False,Calectasia hispida,Calectasia hispida,R.L.Barrett & K.W.Dixon,Species,Accepted,223375,Calectasia hispida,R.L.Barrett & K.W.Dixon,223375,Dasypogonaceae,exact,100,2763172,Calectasia hispida R.L.Barrett & K.W.Dixon,Calectasia hispida,R.L.Barrett & K.W.Dixon,SPECIES,ACCEPTED,EXACT,100,2763172,Calectasia hispida R.L.Barrett & K.W.Dixon,R.L.Barrett & K.W.Dixon,Plantae,Tracheophyta,Liliopsida,Arecales,Dasypogonaceae,Calectasia,Calectasia hispida,2763172
inaturalist_eneabba|tsakalos_2018_applvegsci,False,Calectasia narragara,Calectasia narragara,R.L.Barrett & K.W.Dixon,Species,Accepted,223378,Calectasia narragara,R.L.Barrett & K.W.Dixon,223378,Dasypogonaceae,exact,100,2763171,Calectasia narragara R.L.Barrett & K.W.Dixon,Calectasia narragara,R.L.Barrett & K.W.Dixon,SPECIES,ACCEPTED,EXACT,100,2763171,Calectasia narragara R.L.Barrett & K.W.Dixon,R.L.Barrett & K.W.Dixon,Plantae,Tracheophyta,Liliopsida,Arecales,Dasypogonaceae,Calectasia,Calectasia narragara,2763171
tsakalos_2018_applvegsci,False,Calectasia palustris,Calectasia palustris,R.L.Barrett & K.W.Dixon,Species,Accepted,223380,Calectasia palustris,R.L.Barrett & K.W.Dixon,223380,Dasypogonaceae,exact,100,2763161,Calectasia palustris R.L.Barrett & K.W.Dixon,Calectasia palustris,R.L.Barrett & K.W.Dixon,SPECIES,ACCEPTED,EXACT,100,2763161,Calectasia palustris R.L.Barrett & K.W.Dixon,R.L.Barrett & K.W.Dixon,Plantae,Tracheophyta,Liliopsida,Arecales,Dasypogonaceae,Calectasia,Calectasia palustris,2763161
tsakalos_2018_applvegsci,False,Dasypogon obliquifolius,Dasypogon obliquifolius,Lehm. ex Nees,Species,Accepted,239186,Dasypogon obliquifolius,Lehm. ex Nees,239186,Dasypogonaceae,exact,100,5303306,Dasypogon obliquifolius Lehm. ex Nees,Dasypogon obliquifolius,Lehm. ex Nees,SPECIES,ACCEPTED,EXACT,100,5303306,Dasypogon obliquifolius Lehm. ex Nees,Lehm. ex Nees,Plantae,Tracheophyta,Liliopsida,Arecales,Dasypogonaceae,Dasypogon,Dasypogon obliquifolius,5303306
tsakalos_2018_applvegsci,False,Hibbertia acerosa,Hibbertia acerosa,(R.Br. ex DC.) Benth.,Species,Accepted,2849038,Hibbertia acerosa,(R.Br. ex DC.) Benth.,2849038,Dilleniaceae,exact,100,7304083,Hibbertia acerosa (DC.) Benth.,Hibbertia acerosa,(DC.) Benth.,SPECIES,ACCEPTED,EXACT,100,7304083,Hibbertia acerosa (DC.) Benth.,(DC.) Benth.,Plantae,Tracheophyta,Magnoliopsida,Dilleniales,Dilleniaceae,Hibbertia,Hibbertia acerosa,7304083
tsakalos_2018_applvegsci,False,Hibbertia crassifolia,Hibbertia crassifolia,(Turcz.) Benth.,Species,Accepted,2849120,Hibbertia crassifolia,(Turcz.) Benth.,2849120,Dilleniaceae,exact,100,5681141,Hibbertia crassifolia (Turcz.) Benth.,Hibbertia crassifolia,(Turcz.) Benth.,SPECIES,ACCEPTED,EXACT,100,5681141,Hibbertia crassifolia (Turcz.) Benth.,(Turcz.) Benth.,Plantae,Tracheophyta,Magnoliopsida,Dilleniales,Dilleniaceae,Hibbertia,Hibbertia crassifolia,5681141
inaturalist_eneabba,False,Hibbertia fasciculiflora,Hibbertia fasciculiflora,K.R.Thiele,Species,Accepted,2899942,Hibbertia fasciculiflora,K.R.Thiele,2899942,Dilleniaceae,exact,100,7392717,Hibbertia fasciculiflora K.R.Thiele,Hibbertia fasciculiflora,K.R.Thiele,SPECIES,ACCEPTED,EXACT,100,7392717,Hibbertia fasciculiflora K.R.Thiele,K.R.Thiele,Plantae,Tracheophyta,Magnoliopsida,Dilleniales,Dilleniaceae,Hibbertia,Hibbertia fasciculiflora,7392717
tsakalos_2018_applvegsci,False,Hibbertia huegelii,Hibbertia huegelii,(Benth.) F.Muell.,Species,Accepted,2849209,Hibbertia huegelii,(Benth.) F.Muell.,2849209,Dilleniaceae,exact,100,7304081,Hibbertia huegelii (Endl.) F.Muell.,Hibbertia huegelii,(Endl.) F.Muell.,SPECIES,ACCEPTED,EXACT,100,7304081,Hibbertia huegelii (Endl.) F.Muell.,(Endl.) F.Muell.,Plantae,Tracheophyta,Magnoliopsida,Dilleniales,Dilleniaceae,Hibbertia,Hibbertia huegelii,7304081
tsakalos_2018_applvegsci,False,Hibbertia hypericoides,Hibbertia hypericoides,(DC.) Benth.,Species,Accepted,2849216,Hibbertia hypericoides,(DC.) Benth.,2849216,Dilleniaceae,exact,100,7304067,Hibbertia hypericoides (DC.) Benth.,Hibbertia hypericoides,(DC.) Benth.,SPECIES,ACCEPTED,EXACT,100,7304067,Hibbertia hypericoides (DC.) Benth.,(DC.) Benth.,Plantae,Tracheophyta,Magnoliopsida,Dilleniales,Dilleniaceae,Hibbertia,Hibbertia hypericoides,7304067
inaturalist_eneabba,False,Hibbertia hypericoides subsp. hypericoides,Hibbertia hypericoides subsp. hypericoides,nan,Subspecies,Accepted,3265195,Hibbertia hypericoides subsp. hypericoides,nan,3265195,Dilleniaceae,exact,100,10291284,Hibbertia hypericoides subsp. hypericoides,Hibbertia hypericoides hypericoides,,SUBSPECIES,ACCEPTED,EXACT,99,10291284,Hibbertia hypericoides subsp. hypericoides,,Plantae,Tracheophyta,Magnoliopsida,Dilleniales,Dilleniaceae,Hibbertia,Hibbertia hypericoides,7304067
inaturalist_eneabba|riviera_2021_restecol,False,Hibbertia hypericoides subsp. septentrionalis,Hibbertia hypericoides subsp. septentrionalis,K.R.Thiele & Cockerton,Subspecies,Accepted,3226384,Hibbertia hypericoides subsp. septentrionalis,K.R.Thiele & Cockerton,3226384,Dilleniaceae,exact,100,9846494,Hibbertia hypericoides subsp. septentrionalis K.R.Thiele & Cockerton,Hibbertia hypericoides septentrionalis,K.R.Thiele & Cockerton,SUBSPECIES,ACCEPTED,EXACT,100,9846494,Hibbertia hypericoides subsp. septentrionalis K.R.Thiele & Cockerton,K.R.Thiele & Cockerton,Plantae,Tracheophyta,Magnoliopsida,Dilleniales,Dilleniaceae,Hibbertia,Hibbertia hypericoides,7304067
inaturalist_eneabba,False,Hibbertia leptotheca,Hibbertia leptotheca,(J.R.Wheeler) K.R.Thiele,Species,Accepted,3244504,Hibbertia leptotheca,(J.R.Wheeler) K.R.Thiele,3244504,Dilleniaceae,exact,100,10816306,Hibbertia leptotheca (J.R.Wheeler) K.R.Thiele,Hibbertia leptotheca,(J.R.Wheeler) K.R.Thiele,SPECIES,ACCEPTED,EXACT,100,10816306,Hibbertia leptotheca (J.R.Wheeler) K.R.Thiele,(J.R.Wheeler) K.R.Thiele,Plantae,Tracheophyta,Magnoliopsida,Dilleniales,Dilleniaceae,Hibbertia,Hibbertia leptotheca,10816306
dbca_2025_tpfl|tsakalos_2018_applvegsci,False,Hibbertia propinqua,Hibbertia propinqua,K.R.Thiele,Species,Accepted,2899940,Hibbertia propinqua,K.R.Thiele,2899940,Dilleniaceae,exact,100,7715079,Hibbertia propinqua K.R.Thiele,Hibbertia propinqua,K.R.Thiele,SPECIES,ACCEPTED,EXACT,100,7715079,Hibbertia propinqua K.R.Thiele,K.R.Thiele,Plantae,Tracheophyta,Magnoliopsida,Dilleniales,Dilleniaceae,Hibbertia,Hibbertia propinqua,7715079
tsakalos_2018_applvegsci,False,Hibbertia sericosepala,Hibbertia sericosepala,K.R.Thiele,Species,Accepted,2996204,Hibbertia sericosepala,K.R.Thiele,2996204,Dilleniaceae,exact,100,8416152,Hibbertia sericosepala K.R.Thiele,Hibbertia sericosepala,K.R.Thiele,SPECIES,ACCEPTED,EXACT,100,8416152,Hibbertia sericosepala K.R.Thiele,K.R.Thiele,Plantae,Tracheophyta,Magnoliopsida,Dilleniales,Dilleniaceae,Hibbertia,Hibbertia sericosepala,8416152
tsakalos_2018_applvegsci,False,Hibbertia spicata,Hibbertia spicata,F.Muell.,Species,Accepted,2849373,Hibbertia spicata,F.Muell.,2849373,Dilleniaceae,exact,100,7304035,Hibbertia spicata F.Muell.,Hibbertia spicata,F.Muell.,SPECIES,ACCEPTED,EXACT,100,7304035,Hibbertia spicata F.Muell.,F.Muell.,Plantae,Tracheophyta,Magnoliopsida,Dilleniales,Dilleniaceae,Hibbertia,Hibbertia spicata,7304035
inaturalist_eneabba,False,Hibbertia striata,Hibbertia striata,(Steud.) K.R.Thiele,Species,Accepted,3227642,Hibbertia striata,(Steud.) K.R.Thiele,3227642,Dilleniaceae,exact,100,9009178,Hibbertia striata (Steud.) K.R.Thiele,Hibbertia striata,(Steud.) K.R.Thiele,SPECIES,ACCEPTED,EXACT,100,9009178,Hibbertia striata (Steud.) K.R.Thiele,(Steud.) K.R.Thiele,Plantae,Tracheophyta,Magnoliopsida,Dilleniales,Dilleniaceae,Hibbertia,Hibbertia striata,9009178
dbca_2025_tpfl|inaturalist_eneabba,False,Hibbertia subglabra,Hibbertia subglabra,K.R.Thiele,Species,Accepted,3244488,Hibbertia subglabra,K.R.Thiele,3244488,Dilleniaceae,exact,100,10797451,Hibbertia subglabra K.R.Thiele,Hibbertia subglabra,K.R.Thiele,SPECIES,ACCEPTED,EXACT,100,10797451,Hibbertia subglabra K.R.Thiele,K.R.Thiele,Plantae,Tracheophyta,Magnoliopsida,Dilleniales,Dilleniaceae,Hibbertia,Hibbertia subglabra,10797451
inaturalist_eneabba|tsakalos_2018_applvegsci,False,Hibbertia subvaginata,Hibbertia subvaginata,(Steud.) F.Muell.,Species,Accepted,2849397,Hibbertia subvaginata,(Steud.) F.Muell.,2849397,Dilleniaceae,exact,100,5681032,Hibbertia subvaginata (Steud.) F.Muell.,Hibbertia subvaginata,(Steud.) F.Muell.,SPECIES,ACCEPTED,EXACT,100,5681032,Hibbertia subvaginata (Steud.) F.Muell.,(Steud.) F.Muell.,Plantae,Tracheophyta,Magnoliopsida,Dilleniales,Dilleniaceae,Hibbertia,Hibbertia subvaginata,5681032
dbca_2025_tpfl,False,Drosera atrata,Drosera atrata,"T.Krueger, A.Fleischm. & Bourke",Species,Accepted,3303932,Drosera atrata,"T.Krueger, A.Fleischm. & Bourke",3303932,Droseraceae,exact,100,3190721,,,,,,higherrank_only,,,,,,,,,,,,
inaturalist_eneabba|tsakalos_2018_applvegsci,False,Drosera barbigera,Drosera barbigera,Planch.,Species,Accepted,64257,Drosera barbigera,Planch.,64257,Droseraceae,exact,100,3191209,Drosera barbigera Planch.,Drosera barbigera,Planch.,SPECIES,ACCEPTED,EXACT,100,3191209,Drosera barbigera Planch.,Planch.,Plantae,Tracheophyta,Magnoliopsida,Caryophyllales,Droseraceae,Drosera,Drosera barbigera,3191209
inaturalist_eneabba,False,Drosera coomallo,Drosera coomallo,Lowrie & Conran,Species,Accepted,490156,Drosera coomallo,Lowrie & Conran,490156,Droseraceae,exact,100,10681816,Drosera coomallo Lowrie & Conran,Drosera coomallo,Lowrie & Conran,SPECIES,ACCEPTED,EXACT,100,10681816,Drosera coomallo Lowrie & Conran,Lowrie & Conran,Plantae,Tracheophyta,Magnoliopsida,Caryophyllales,Droseraceae,Drosera,Drosera coomallo,10681816
inaturalist_eneabba,False,Drosera drummondii,Drosera drummondii,Planch.,Species,Accepted,64328,Drosera drummondii,Planch.,64328,Droseraceae,exact,100,3191092,Drosera drummondii Planch.,Drosera drummondii,Planch.,SPECIES,SYNONYM,EXACT,100,3191091,Drosera menziesii subsp. penicillaris (Benth.) N.Marchant & Lowrie,(Benth.) N.Marchant & Lowrie,Plantae,Tracheophyta,Magnoliopsida,Caryophyllales,Droseraceae,Drosera,Drosera menziesii,3191086
tsakalos_2018_applvegsci,False,Drosera echinoblastus,Drosera echinoblastus,N.G.Marchant & Lowrie,Species,Accepted,64329,Drosera echinoblastus,N.G.Marchant & Lowrie,64329,Droseraceae,exact,100,3191195,Drosera echinoblastus N.Marchant & Lowrie,Drosera echinoblastus,N.Marchant & Lowrie,SPECIES,ACCEPTED,EXACT,100,3191195,Drosera echinoblastus N.Marchant & Lowrie,N.Marchant & Lowrie,Plantae,Tracheophyta,Magnoliopsida,Caryophyllales,Droseraceae,Drosera,Drosera echinoblastus,3191195
inaturalist_eneabba|tsakalos_2018_applvegsci,False,Drosera eneabba,Drosera eneabba,N.G.Marchant & Lowrie,Species,Accepted,64331,Drosera eneabba,N.G.Marchant & Lowrie,64331,Droseraceae,exact,100,3191085,Drosera eneabba N.Marchant & Lowrie,Drosera eneabba,N.Marchant & Lowrie,SPECIES,ACCEPTED,EXACT,100,3191085,Drosera eneabba N.Marchant & Lowrie,N.Marchant & Lowrie,Plantae,Tracheophyta,Magnoliopsida,Caryophyllales,Droseraceae,Drosera,Drosera eneabba,3191085
tsakalos_2018_applvegsci,False,Drosera erythrorhiza,Drosera erythrorhiza,Lindl.,Species,Accepted,64335,Drosera erythrorhiza,Lindl.,64335,Droseraceae,exact,100,3190994,Drosera erythrorhiza Lindl.,Drosera erythrorhiza,Lindl.,SPECIES,ACCEPTED,EXACT,100,3190994,Drosera erythrorhiza Lindl.,Lindl.,Plantae,Tracheophyta,Magnoliopsida,Caryophyllales,Droseraceae,Drosera,Drosera erythrorhiza,3190994
inaturalist_eneabba|tsakalos_2018_applvegsci,False,Drosera glanduligera,Drosera glanduligera,Lehm.,Species,Accepted,64363,Drosera glanduligera,Lehm.,64363,Droseraceae,exact,100,3190912,Drosera glanduligera Lehm.,Drosera glanduligera,Lehm.,SPECIES,ACCEPTED,EXACT,100,3190912,Drosera glanduligera Lehm.,Lehm.,Plantae,Tracheophyta,Magnoliopsida,Caryophyllales,Droseraceae,Drosera,Drosera glanduligera,3190912
inaturalist_eneabba|tsakalos_2018_applvegsci,False,Drosera humilis,Drosera humilis,Planch.,Species,Accepted,64382,Drosera humilis,Planch.,64382,Droseraceae,exact,100,3191120,Drosera humilis Planch.,Drosera humilis,Planch.,SPECIES,SYNONYM,EXACT,100,3191119,Drosera stolonifera subsp. humilis (Planch.) N.Marchant,(Planch.) N.Marchant,Plantae,Tracheophyta,Magnoliopsida,Caryophyllales,Droseraceae,Drosera,Drosera stolonifera,3191114
inaturalist_eneabba,False,Drosera magna,Drosera magna,(N.G.Marchant & Lowrie) Lowrie,Species,Accepted,490128,Drosera magna,(N.G.Marchant & Lowrie) Lowrie,490128,Droseraceae,exact,100,10965546,Drosera magna (N.G.Marchant & Lowrie) Lowrie,Drosera magna,(N.G.Marchant & Lowrie) Lowrie,SPECIES,HOMOTYPIC_SYNONYM,EXACT,100,3190998,Drosera erythrorhiza subsp. magna N.Marchant & Lowrie,N.Marchant & Lowrie,Plantae,Tracheophyta,Magnoliopsida,Caryophyllales,Droseraceae,Drosera,Drosera erythrorhiza,3190994
inaturalist_eneabba|tsakalos_2018_applvegsci,False,Drosera menziesii,Drosera menziesii,R.Br. ex DC.,Species,Accepted,64440,Drosera menziesii,R.Br. ex DC.,64440,Droseraceae,exact,100,3191086,Drosera menziesii R.Br. ex DC.,Drosera menziesii,R.Br. ex DC.,SPECIES,ACCEPTED,EXACT,100,3191086,Drosera menziesii R.Br. ex DC.,R.Br. ex DC.,Plantae,Tracheophyta,Magnoliopsida,Caryophyllales,Droseraceae,Drosera,Drosera menziesii,3191086
inaturalist_eneabba|tsakalos_2018_applvegsci,False,Drosera porrecta,Drosera porrecta,Lehm.,Species,Accepted,64536,Drosera porrecta,Lehm.,64536,Droseraceae,exact,100,3191118,Drosera porrecta Lehm.,Drosera porrecta,Lehm.,SPECIES,SYNONYM,EXACT,100,3191117,Drosera stolonifera subsp. porrecta (Lehm.) N.Marchant & Lowrie,(Lehm.) N.Marchant & Lowrie,Plantae,Tracheophyta,Magnoliopsida,Caryophyllales,Droseraceae,Drosera,Drosera stolonifera,3191114
tsakalos_2018_applvegsci,False,Drosera ramellosa,Drosera ramellosa,Lehm.,Species,Accepted,64552,Drosera ramellosa,Lehm.,64552,Droseraceae,exact,100,3190755,Drosera ramellosa Lehm.,Drosera ramellosa,Lehm.,SPECIES,ACCEPTED,EXACT,100,3190755,Drosera ramellosa Lehm.,Lehm.,Plantae,Tracheophyta,Magnoliopsida,Caryophyllales,Droseraceae,Drosera,Drosera ramellosa,3190755
inaturalist_eneabba,False,Drosera spilos,Drosera spilos,N.G.Marchant & Lowrie,Species,Accepted,64593,Drosera spilos,N.G.Marchant & Lowrie,64593,Droseraceae,exact,100,3191196,Drosera spilos N.Marchant & Lowrie,Drosera spilos,N.Marchant & Lowrie,SPECIES,ACCEPTED,EXACT,100,3191196,Drosera spilos N.Marchant & Lowrie,N.Marchant & Lowrie,Plantae,Tracheophyta,Magnoliopsida,Caryophyllales,Droseraceae,Drosera,Drosera spilos,3191196
inaturalist_eneabba,False,Drosera thysanosepala,Drosera thysanosepala,Diels,Species,Accepted,64618,Drosera thysanosepala,Diels,64618,Droseraceae,exact,100,3191089,Drosera thysanosepala Diels,Drosera thysanosepala,Diels,SPECIES,SYNONYM,EXACT,100,3191088,Drosera menziesii subsp. thysanosepala (Diels) N.Marchant,(Diels) N.Marchant,Plantae,Tracheophyta,Magnoliopsida,Caryophyllales,Droseraceae,Drosera,Drosera menziesii,3191086
riviera_2021_restecol|tsakalos_2018_applvegsci,False,Ecdeiocolea monostachya,Ecdeiocolea monostachya,F.Muell.,Species,Accepted,242052,Ecdeiocolea monostachya,F.Muell.,242052,Ecdeiocoleaceae,exact,100,2693407,Ecdeiocolea monostachya F.Muell.,Ecdeiocolea monostachya,F.Muell.,SPECIES,ACCEPTED,EXACT,100,2693407,Ecdeiocolea monostachya F.Muell.,F.Muell.,Plantae,Tracheophyta,Liliopsida,Poales,Ecdeiocoleaceae,Ecdeiocolea,Ecdeiocolea monostachya,2693407
tsakalos_2018_applvegsci,False,Georgeantha hexandra,Georgeantha hexandra,B.G.Briggs & L.A.S.Johnson,Species,Accepted,246934,Georgeantha hexandra,B.G.Briggs & L.A.S.Johnson,246934,Ecdeiocoleaceae,exact,100,2693405,Georgeantha hexandra B.G.Briggs & L.A.S.Johnson,Georgeantha hexandra,B.G.Briggs & L.A.S.Johnson,SPECIES,ACCEPTED,EXACT,100,2693405,Georgeantha hexandra B.G.Briggs & L.A.S.Johnson,B.G.Briggs & L.A.S.Johnson,Plantae,Tracheophyta,Liliopsida,Poales,Ecdeiocoleaceae,Georgeantha,Georgeantha hexandra,2693405
tsakalos_2018_applvegsci,False,Tetratheca confertifolia,Tetratheca confertifolia,Steetz,Species,Accepted,2519131,Tetratheca confertifolia,Steetz,2519131,Elaeocarpaceae,exact,100,8334689,Tetratheca confertifolia Steetz,Tetratheca confertifolia,Steetz,SPECIES,ACCEPTED,EXACT,100,8334689,Tetratheca confertifolia Steetz,Steetz,Plantae,Tracheophyta,Magnoliopsida,Oxalidales,Elaeocarpaceae,Tetratheca,Tetratheca confertifolia,8334689
dbca_2025_tpfl|inaturalist_eneabba|tsakalos_2018_applvegsci,False,Tetratheca nephelioides,Tetratheca nephelioides,R.Butcher,Species,Accepted,2609001,Tetratheca nephelioides,R.Butcher,2609001,Elaeocarpaceae,exact,100,7683649,Tetratheca nephelioides R.Butcher,Tetratheca nephelioides,R.Butcher,SPECIES,ACCEPTED,EXACT,100,7683649,Tetratheca nephelioides R.Butcher,R.Butcher,Plantae,Tracheophyta,Magnoliopsida,Oxalidales,Elaeocarpaceae,Tetratheca,Tetratheca nephelioides,7683649
inaturalist_eneabba|tsakalos_2018_applvegsci,False,Andersonia heterophylla,Andersonia heterophylla,Sond.,Species,Accepted,2636851,Andersonia heterophylla,Sond.,2636851,Ericaceae,exact,100,7656622,Andersonia heterophylla Sond.,Andersonia heterophylla,Sond.,SPECIES,ACCEPTED,EXACT,100,7656622,Andersonia heterophylla Sond.,Sond.,Plantae,Tracheophyta,Magnoliopsida,Ericales,Ericaceae,Andersonia,Andersonia heterophylla,7656622
dbca_2025_tpfl,False,Conostephium magnum,Conostephium magnum,Cranfield,Species,Accepted,2735571,Conostephium magnum,Cranfield,2735571,Ericaceae,exact,100,4010558,Conostephium magnum Cranfield,Conostephium magnum,Cranfield,SPECIES,ACCEPTED,EXACT,100,4010558,Conostephium magnum Cranfield,Cranfield,Plantae,Tracheophyta,Magnoliopsida,Ericales,Ericaceae,Conostephium,Conostephium magnum,4010558
tsakalos_2018_applvegsci,False,Conostephium pendulum,Conostephium pendulum,Benth.,Species,Accepted,2735575,Conostephium pendulum,Benth.,2735575,Ericaceae,exact,100,4010474,Conostephium pendulum Benth.,Conostephium pendulum,Benth.,SPECIES,ACCEPTED,EXACT,100,4010474,Conostephium pendulum Benth.,Benth.,Plantae,Tracheophyta,Magnoliopsida,Ericales,Ericaceae,Conostephium,Conostephium pendulum,4010474
tsakalos_2018_applvegsci,False,Conostephium preissii,Conostephium preissii,Sond.,Species,Accepted,2735578,Conostephium preissii,Sond.,2735578,Ericaceae,exact,100,4010443,Conostephium preissii Sond.,Conostephium preissii,Sond.,SPECIES,ACCEPTED,EXACT,100,4010443,Conostephium preissii Sond.,Sond.,Plantae,Tracheophyta,Magnoliopsida,Ericales,Ericaceae,Conostephium,Conostephium preissii,4010443
dbca_2025_tpfl,False,Leucopogon grammatus,Leucopogon grammatus,Hislop,Species,Accepted,3015265,Leucopogon grammatus,Hislop,3015265,Ericaceae,exact,100,9237795,Leucopogon grammatus Hislop,Leucopogon grammatus,Hislop,SPECIES,ACCEPTED,EXACT,100,9237795,Leucopogon grammatus Hislop,Hislop,Plantae,Tracheophyta,Magnoliopsida,Ericales,Ericaceae,Leucopogon,Leucopogon grammatus,9237795
tsakalos_2018_applvegsci,False,Leucopogon inflexus,Leucopogon inflexus,Hislop,Species,Accepted,3015266,Leucopogon inflexus,Hislop,3015266,Ericaceae,exact,100,9251252,Leucopogon inflexus Hislop,Leucopogon inflexus,Hislop,SPECIES,ACCEPTED,EXACT,100,9251252,Leucopogon inflexus Hislop,Hislop,Plantae,Tracheophyta,Magnoliopsida,Ericales,Ericaceae,Leucopogon,Leucopogon inflexus,9251252
tsakalos_2018_applvegsci,False,Leucopogon oldfieldii,Leucopogon oldfieldii,Benth.,Species,Accepted,2339210,Leucopogon oldfieldii,Benth.,2339210,Ericaceae,exact,100,4010989,Leucopogon oldfieldii Benth.,Leucopogon oldfieldii,Benth.,SPECIES,ACCEPTED,EXACT,100,4010989,Leucopogon oldfieldii Benth.,Benth.,Plantae,Tracheophyta,Magnoliopsida,Ericales,Ericaceae,Leucopogon,Leucopogon oldfieldii,4010989
tsakalos_2018_applvegsci,False,Leucopogon prolatus,Leucopogon prolatus,Hislop,Species,Accepted,3015267,Leucopogon prolatus,Hislop,3015267,Ericaceae,exact,100,9372683,Leucopogon prolatus Hislop,Leucopogon prolatus,Hislop,SPECIES,ACCEPTED,EXACT,100,9372683,Leucopogon prolatus Hislop,Hislop,Plantae,Tracheophyta,Magnoliopsida,Ericales,Ericaceae,Leucopogon,Leucopogon prolatus,9372683
tsakalos_2018_applvegsci,False,Leucopogon stenophyllus,Leucopogon stenophyllus,Hislop,Species,Accepted,3015259,Leucopogon stenophyllus,Hislop,3015259,Ericaceae,exact,100,9284893,Leucopogon stenophyllus Hislop,Leucopogon stenophyllus,Hislop,SPECIES,ACCEPTED,EXACT,100,9284893,Leucopogon stenophyllus Hislop,Hislop,Plantae,Tracheophyta,Magnoliopsida,Ericales,Ericaceae,Leucopogon,Leucopogon stenophyllus,9284893
inaturalist_eneabba|tsakalos_2018_applvegsci,False,Lysinema pentapetalum,Lysinema pentapetalum,R.Br.,Species,Accepted,2339367,Lysinema pentapetalum,R.Br.,2339367,Ericaceae,exact,100,4010169,Lysinema pentapetalum R.Br.,Lysinema pentapetalum,R.Br.,SPECIES,ACCEPTED,EXACT,100,4010169,Lysinema pentapetalum R.Br.,R.Br.,Plantae,Tracheophyta,Magnoliopsida,Ericales,Ericaceae,Lysinema,Lysinema pentapetalum,4010169
dbca_2025_tpfl,False,Styphelia carolineae,Styphelia carolineae,Hislop,Species,Accepted,3296314,Styphelia carolineae,Hislop,3296314,Ericaceae,exact,100,11726795,Styphelia carolineae Hislop,Styphelia carolineae,Hislop,SPECIES,ACCEPTED,EXACT,100,11726795,Styphelia carolineae Hislop,Hislop,Plantae,Tracheophyta,Magnoliopsida,Ericales,Ericaceae,Styphelia,Styphelia carolineae,11726795
tsakalos_2018_applvegsci,False,Leucopogon conostephioides,Leucopogon conostephioides,DC.,Species,Synonym,2339570,Styphelia conostephioides,(DC.) F.Muell.,2593117,Ericaceae,exact,100,4010044,Styphelia conostephioides (DC.) F.Muell.,Styphelia conostephioides,(DC.) F.Muell.,SPECIES,SYNONYM,EXACT,100,4010019,Styphelia conostephoides (DC.) F.Muell.,(DC.) F.Muell.,Plantae,Tracheophyta,Magnoliopsida,Ericales,Ericaceae,Styphelia,Styphelia conostephoides,4010019
dbca_2025_tpfl|tsakalos_2018_applvegsci,False,Styphelia filamentosa,Styphelia filamentosa,Hislop & Puente-Lel.,Species,Accepted,3016177,Styphelia filamentosa,Hislop & Puente-Lel.,3016177,Ericaceae,exact,100,9480202,Styphelia filamentosa Hislop & Puente-Lel.,Styphelia filamentosa,Hislop & Puente-Lel.,SPECIES,ACCEPTED,EXACT,100,9480202,Styphelia filamentosa Hislop & Puente-Lel.,Hislop & Puente-Lel.,Plantae,Tracheophyta,Magnoliopsida,Ericales,Ericaceae,Styphelia,Styphelia filamentosa,9480202
dbca_2025_tpfl|tsakalos_2018_applvegsci,False,Styphelia filifolia,Styphelia filifolia,Hislop & Puente-Lel.,Species,Accepted,3016179,Styphelia filifolia,Hislop & Puente-Lel.,3016179,Ericaceae,exact,100,9245645,Styphelia filifolia Hislop & Puente-Lel.,Styphelia filifolia,Hislop & Puente-Lel.,SPECIES,ACCEPTED,EXACT,100,9245645,Styphelia filifolia Hislop & Puente-Lel.,Hislop & Puente-Lel.,Plantae,Tracheophyta,Magnoliopsida,Ericales,Ericaceae,Styphelia,Styphelia filifolia,9245645
tsakalos_2018_applvegsci,False,Leucopogon hamulosus,Leucopogon hamulosus,E.Pritz.,Species,Synonym,2339279,Styphelia hamulosa,(E.Pritz.) Sleumer,2593232,Ericaceae,exact,100,4010462,Styphelia hamulosa (Pritz.) Sleumer,Styphelia hamulosa,(Pritz.) Sleumer,SPECIES,ACCEPTED,EXACT,100,4010462,Styphelia hamulosa (Pritz.) Sleumer,(Pritz.) Sleumer,Plantae,Tracheophyta,Magnoliopsida,Ericales,Ericaceae,Styphelia,Styphelia hamulosa,4010462
tsakalos_2018_applvegsci,False,Leucopogon hispidus,Leucopogon hispidus,E.Pritz.,Species,Synonym,2339307,Styphelia hispida,(E.Pritz.) Sleumer,2593235,Ericaceae,exact,100,4010414,Styphelia hispida (Pritz.) Sleumer,Styphelia hispida,(Pritz.) Sleumer,SPECIES,ACCEPTED,EXACT,100,4010414,Styphelia hispida (Pritz.) Sleumer,(Pritz.) Sleumer,Plantae,Tracheophyta,Magnoliopsida,Ericales,Ericaceae,Styphelia,Styphelia hispida,4010414
tsakalos_2018_applvegsci,False,Leucopogon insularis,Leucopogon insularis,A.Cunn. ex DC.,Species,Synonym,2339302,Styphelia insularis,"(A.Cunn. ex DC.) Hislop, Crayn & Puente-Lel.",3246780,Ericaceae,exact,100,10763641,"Styphelia insularis (A.Cunn. ex DC.) Hislop, Crayn & Puente-Lel.",Styphelia insularis,"(A.Cunn. ex DC.) Hislop, Crayn & Puente-Lel.",SPECIES,ACCEPTED,EXACT,100,10763641,"Styphelia insularis (A.Cunn. ex DC.) Hislop, Crayn & Puente-Lel.","(A.Cunn. ex DC.) Hislop, Crayn & Puente-Lel.",Plantae,Tracheophyta,Magnoliopsida,Ericales,Ericaceae,Styphelia,Styphelia insularis,10763641
tsakalos_2018_applvegsci,False,Leucopogon leptanthus,Leucopogon leptanthus,Benth.,Species,Synonym,2339214,Styphelia leptantha,(Benth.) F.Muell.,2593236,Ericaceae,exact,100,4010095,Styphelia leptantha (Benth.) F.Muell.,Styphelia leptantha,(Benth.) F.Muell.,SPECIES,ACCEPTED,EXACT,100,4010095,Styphelia leptantha (Benth.) F.Muell.,(Benth.) F.Muell.,Plantae,Tracheophyta,Magnoliopsida,Ericales,Ericaceae,Styphelia,Styphelia leptantha,4010095
dbca_2025_tpfl,False,Styphelia longissima,Styphelia longissima,Hislop & Puente-Lel.,Species,Accepted,3016186,Styphelia longissima,Hislop & Puente-Lel.,3016186,Ericaceae,exact,100,9478501,Styphelia longissima Hislop & Puente-Lel.,Styphelia longissima,Hislop & Puente-Lel.,SPECIES,ACCEPTED,EXACT,100,9478501,Styphelia longissima Hislop & Puente-Lel.,Hislop & Puente-Lel.,Plantae,Tracheophyta,Magnoliopsida,Ericales,Ericaceae,Styphelia,Styphelia longissima,9478501
tsakalos_2018_applvegsci,False,Astroloma microdonta,Astroloma microdonta,F.Muell. ex Benth.,Species,Synonym,2664098,Styphelia microdonta,(F.Muell. ex Benth.) F.Muell.,2593244,Ericaceae,exact,100,4009717,Styphelia microdonta (F.Muell. ex Benth.) F.Muell.,Styphelia microdonta,(F.Muell. ex Benth.) F.Muell.,SPECIES,ACCEPTED,EXACT,100,4009717,Styphelia microdonta (F.Muell. ex Benth.) F.Muell.,(F.Muell. ex Benth.) F.Muell.,Plantae,Tracheophyta,Magnoliopsida,Ericales,Ericaceae,Styphelia,Styphelia microdonta,4009717
tsakalos_2018_applvegsci,False,Astroloma oblongifolium,Astroloma oblongifolium,A.J.G.Wilson & Hislop,Species,Synonym,2994383,Styphelia oblongifolia,"(A.J.G.Wilson & Hislop) Hislop, Crayn & Puente-Lel.",3246213,Ericaceae,exact,100,10849324,"Styphelia oblongifolia (A.J.G.Wilson & Hislop) Hislop, Crayn & Puente-Lel.",Styphelia oblongifolia,"(A.J.G.Wilson & Hislop) Hislop, Crayn & Puente-Lel.",SPECIES,ACCEPTED,EXACT,100,10849324,"Styphelia oblongifolia (A.J.G.Wilson & Hislop) Hislop, Crayn & Puente-Lel.","(A.J.G.Wilson & Hislop) Hislop, Crayn & Puente-Lel.",Plantae,Tracheophyta,Magnoliopsida,Ericales,Ericaceae,Styphelia,Styphelia oblongifolia,10849324
dbca_2025_tpfl,False,Styphelia obtecta,Styphelia obtecta,(Benth.) F.Muell.,Species,Accepted,2593163,Styphelia obtecta,(Benth.) F.Muell.,2593163,Ericaceae,exact,100,4011091,Styphelia obtecta (Benth.) F.Muell.,Styphelia obtecta,(Benth.) F.Muell.,SPECIES,ACCEPTED,EXACT,100,4011091,Styphelia obtecta (Benth.) F.Muell.,(Benth.) F.Muell.,Plantae,Tracheophyta,Magnoliopsida,Ericales,Ericaceae,Styphelia,Styphelia obtecta,4011091
tsakalos_2018_applvegsci,False,Astroloma stomarrhena,Astroloma stomarrhena,Sond.,Species,Synonym,2664107,Styphelia stomarrhena,(Sond.) Sleumer,2592829,Ericaceae,exact,100,4009718,Styphelia stomarrhena (Sond.) Sleumer,Styphelia stomarrhena,(Sond.) Sleumer,SPECIES,ACCEPTED,EXACT,100,4009718,Styphelia stomarrhena (Sond.) Sleumer,(Sond.) Sleumer,Plantae,Tracheophyta,Magnoliopsida,Ericales,Ericaceae,Styphelia,Styphelia stomarrhena,4009718
tsakalos_2018_applvegsci,False,Astroloma glaucescens,Astroloma glaucescens,Sond.,Species,Synonym,2664086,Styphelia tortifolia,"Hislop, Crayn & Puente-Lel.",3246609,Ericaceae,exact,100,10744504,"Styphelia tortifolia Hislop, Crayn & Puente-Lel.",Styphelia tortifolia,"Hislop, Crayn & Puente-Lel.",SPECIES,ACCEPTED,EXACT,100,10744504,"Styphelia tortifolia Hislop, Crayn & Puente-Lel.","Hislop, Crayn & Puente-Lel.",Plantae,Tracheophyta,Magnoliopsida,Ericales,Ericaceae,Styphelia,Styphelia tortifolia,10744504
inaturalist_eneabba,False,Styphelia tortifolia,Styphelia tortifolia,"Hislop, Crayn & Puente-Lel.",Species,Accepted,3246609,Styphelia tortifolia,"Hislop, Crayn & Puente-Lel.",3246609,Ericaceae,exact,100,10744504,"Styphelia tortifolia Hislop, Crayn & Puente-Lel.",Styphelia tortifolia,"Hislop, Crayn & Puente-Lel.",SPECIES,ACCEPTED,EXACT,100,10744504,"Styphelia tortifolia Hislop, Crayn & Puente-Lel.","Hislop, Crayn & Puente-Lel.",Plantae,Tracheophyta,Magnoliopsida,Ericales,Ericaceae,Styphelia,Styphelia tortifolia,10744504
dbca_2025_tpfl|tsakalos_2018_applvegsci,False,Styphelia williamsiorum,Styphelia williamsiorum,Hislop & Puente-Lel.,Species,Accepted,3016181,Styphelia williamsiorum,Hislop & Puente-Lel.,3016181,Ericaceae,exact,100,9405026,Styphelia williamsiorum Hislop & Puente-Lel.,Styphelia williamsiorum,Hislop & Puente-Lel.,SPECIES,ACCEPTED,EXACT,100,9405026,Styphelia williamsiorum Hislop & Puente-Lel.,Hislop & Puente-Lel.,Plantae,Tracheophyta,Magnoliopsida,Ericales,Ericaceae,Styphelia,Styphelia williamsiorum,9405026
tsakalos_2018_applvegsci,False,Astroloma xerophyllum,Astroloma xerophyllum,(DC.) Sond.,Species,Synonym,2664109,Styphelia xerophylla,(DC.) F.Muell.,2592777,Ericaceae,exact,100,4010725,Styphelia xerophylla (DC.) F.Muell.,Styphelia xerophylla,(DC.) F.Muell.,SPECIES,ACCEPTED,EXACT,100,4010725,Styphelia xerophylla (DC.) F.Muell.,(DC.) F.Muell.,Plantae,Tracheophyta,Magnoliopsida,Ericales,Ericaceae,Styphelia,Styphelia xerophylla,4010725
inaturalist_eneabba,False,Styphelia xerophylla,Styphelia xerophylla,(DC.) F.Muell.,Species,Accepted,2592777,Styphelia xerophylla,(DC.) F.Muell.,2592777,Ericaceae,exact,100,4010725,Styphelia xerophylla (DC.) F.Muell.,Styphelia xerophylla,(DC.) F.Muell.,SPECIES,ACCEPTED,EXACT,100,4010725,Styphelia xerophylla (DC.) F.Muell.,(DC.) F.Muell.,Plantae,Tracheophyta,Magnoliopsida,Ericales,Ericaceae,Styphelia,Styphelia xerophylla,4010725
dbca_2025_tpfl,False,Beyeria similis,Beyeria similis,(Müll.Arg.) Baill.,Species,Accepted,21890,Beyeria similis,(Müll.Arg.) Baill.,21890,Euphorbiaceae,exact,100,5380394,Beyeria similis (Müll.Arg.) Baill.,Beyeria similis,(Müll.Arg.) Baill.,SPECIES,ACCEPTED,EXACT,100,5380394,Beyeria similis (Müll.Arg.) Baill.,(Müll.Arg.) Baill.,Plantae,Tracheophyta,Magnoliopsida,Malpighiales,Euphorbiaceae,Beyeria,Beyeria similis,5380394
tsakalos_2018_applvegsci,False,Monotaxis bracteata,Monotaxis bracteata,Nees ex Klotzsch,Species,Accepted,129528,Monotaxis bracteata,Nees ex Klotzsch,129528,Euphorbiaceae,exact,100,5378047,Monotaxis bracteata Nees ex Klotzsch,Monotaxis bracteata,Nees ex Klotzsch,SPECIES,ACCEPTED,EXACT,100,5378047,Monotaxis bracteata Nees ex Klotzsch,Nees ex Klotzsch,Plantae,Tracheophyta,Magnoliopsida,Malpighiales,Euphorbiaceae,Monotaxis,Monotaxis bracteata,5378047
tsakalos_2018_applvegsci,False,Monotaxis grandiflora,Monotaxis grandiflora,Endl.,Species,Accepted,129534,Monotaxis grandiflora,Endl.,129534,Euphorbiaceae,exact,100,5378040,Monotaxis grandiflora Endl.,Monotaxis grandiflora,Endl.,SPECIES,ACCEPTED,EXACT,100,5378040,Monotaxis grandiflora Endl.,Endl.,Plantae,Tracheophyta,Magnoliopsida,Malpighiales,Euphorbiaceae,Monotaxis,Monotaxis grandiflora,5378040
tsakalos_2018_applvegsci,False,Acacia alata,Acacia alata,R.Br.,Species,Accepted,2611150,Acacia alata,R.Br.,2611150,Fabaceae,exact,100,2980814,Acacia alata R.Br.,Acacia alata,R.Br.,SPECIES,ACCEPTED,EXACT,100,2980814,Acacia alata R.Br.,R.Br.,Plantae,Tracheophyta,Magnoliopsida,Fabales,Fabaceae,Acacia,Acacia alata,2980814
inaturalist_eneabba|tsakalos_2018_applvegsci,False,Acacia auronitens,Acacia auronitens,Lindl.,Species,Accepted,2611371,Acacia auronitens,Lindl.,2611371,Fabaceae,exact,100,2981182,Acacia auronitens Lindl.,Acacia auronitens,Lindl.,SPECIES,ACCEPTED,EXACT,100,2981182,Acacia auronitens Lindl.,Lindl.,Plantae,Tracheophyta,Magnoliopsida,Fabales,Fabaceae,Acacia,Acacia auronitens,2981182
inaturalist_eneabba|tsakalos_2018_applvegsci,False,Acacia barbinervis subsp. borealis,Acacia barbinervis subsp. borealis,Maslin,Subspecies,Accepted,2611398,Acacia barbinervis subsp. borealis,Maslin,2611398,Fabaceae,exact,100,2979077,Acacia barbinervis subsp. borealis Maslin,Acacia barbinervis borealis,Maslin,SUBSPECIES,ACCEPTED,EXACT,100,2979077,Acacia barbinervis subsp. borealis Maslin,Maslin,Plantae,Tracheophyta,Magnoliopsida,Fabales,Fabaceae,Acacia,Acacia barbinervis,2979075
riviera_2021_restecol|tsakalos_2018_applvegsci,False,Acacia blakelyi,Acacia blakelyi,Maiden,Species,Accepted,2611459,Acacia blakelyi,Maiden,2611459,Fabaceae,exact,100,2979464,Acacia blakelyi Maiden,Acacia blakelyi,Maiden,SPECIES,ACCEPTED,EXACT,100,2979464,Acacia blakelyi Maiden,Maiden,Plantae,Tracheophyta,Magnoliopsida,Fabales,Fabaceae,Acacia,Acacia blakelyi,2979464
dbca_2025_tpfl,False,Acacia carens,Acacia carens,Maslin,Species,Accepted,2611599,Acacia carens,Maslin,2611599,Fabaceae,exact,100,2981202,Acacia carens Maslin,Acacia carens,Maslin,SPECIES,ACCEPTED,EXACT,100,2981202,Acacia carens Maslin,Maslin,Plantae,Tracheophyta,Magnoliopsida,Fabales,Fabaceae,Acacia,Acacia carens,2981202
tsakalos_2018_applvegsci,False,Acacia cavealis,Acacia cavealis,R.S.Cowan & Maslin,Species,Accepted,2611622,Acacia cavealis,R.S.Cowan & Maslin,2611622,Fabaceae,exact,100,2981007,Acacia cavealis R.S.Cowan & Maslin,Acacia cavealis,R.S.Cowan & Maslin,SPECIES,ACCEPTED,EXACT,100,2981007,Acacia cavealis R.S.Cowan & Maslin,R.S.Cowan & Maslin,Plantae,Tracheophyta,Magnoliopsida,Fabales,Fabaceae,Acacia,Acacia cavealis,2981007
tsakalos_2018_applvegsci,False,Acacia cochlearis,Acacia cochlearis,(Labill.) H.L.Wendl.,Species,Accepted,2611700,Acacia cochlearis,(Labill.) H.L.Wendl.,2611700,Fabaceae,exact,100,2979729,Acacia cochlearis (Labill.) H.L.Wendl.,Acacia cochlearis,(Labill.) H.L.Wendl.,SPECIES,ACCEPTED,EXACT,100,2979729,Acacia cochlearis (Labill.) H.L.Wendl.,(Labill.) H.L.Wendl.,Plantae,Tracheophyta,Magnoliopsida,Fabales,Fabaceae,Acacia,Acacia cochlearis,2979729
tsakalos_2018_applvegsci,False,Acacia dilatata,Acacia dilatata,Benth.,Species,Accepted,2611972,Acacia dilatata,Benth.,2611972,Fabaceae,exact,100,2978831,Acacia dilatata Benth.,Acacia dilatata,Benth.,SPECIES,ACCEPTED,EXACT,100,2978831,Acacia dilatata Benth.,Benth.,Plantae,Tracheophyta,Magnoliopsida,Fabales,Fabaceae,Acacia,Acacia dilatata,2978831
tsakalos_2018_applvegsci,False,Acacia drewiana subsp. drewiana,Acacia drewiana subsp. drewiana,nan,Subspecies,Accepted,3240444,Acacia drewiana subsp. drewiana,nan,3240444,Fabaceae,exact,100,7225096,Acacia drewiana subsp. drewiana,Acacia drewiana drewiana,,SUBSPECIES,ACCEPTED,EXACT,99,7225096,Acacia drewiana subsp. drewiana,,Plantae,Tracheophyta,Magnoliopsida,Fabales,Fabaceae,Acacia,Acacia drewiana,2980402
dbca_2025_tpfl,False,Acacia epacantha,Acacia epacantha,(Maslin) Maslin,Species,Accepted,2612097,Acacia epacantha,(Maslin) Maslin,2612097,Fabaceae,exact,100,2980776,Acacia epacantha (Maslin) Maslin,Acacia epacantha,(Maslin) Maslin,SPECIES,ACCEPTED,EXACT,100,2980776,Acacia epacantha (Maslin) Maslin,(Maslin) Maslin,Plantae,Tracheophyta,Magnoliopsida,Fabales,Fabaceae,Acacia,Acacia epacantha,2980776
tsakalos_2018_applvegsci,False,Acacia fagonioides,Acacia fagonioides,Benth.,Species,Accepted,2612160,Acacia fagonioides,Benth.,2612160,Fabaceae,exact,100,7603407,Acacia fagonioides Benth.,Acacia fagonioides,Benth.,SPECIES,ACCEPTED,EXACT,100,7603407,Acacia fagonioides Benth.,Benth.,Plantae,Tracheophyta,Magnoliopsida,Fabales,Fabaceae,Acacia,Acacia fagonioides,7603407
dbca_2025_tpfl,False,Acacia flabellifolia,Acacia flabellifolia,W.Fitzg.,Species,Accepted,2612216,Acacia flabellifolia,W.Fitzg.,2612216,Fabaceae,exact,100,2980608,Acacia flabellifolia W.Fitzg.,Acacia flabellifolia,W.Fitzg.,SPECIES,ACCEPTED,EXACT,100,2980608,Acacia flabellifolia W.Fitzg.,W.Fitzg.,Plantae,Tracheophyta,Magnoliopsida,Fabales,Fabaceae,Acacia,Acacia flabellifolia,2980608
inaturalist_eneabba|tsakalos_2018_applvegsci,False,Acacia lasiocarpa,Acacia lasiocarpa,Benth.,Species,Accepted,2612705,Acacia lasiocarpa,Benth.,2612705,Fabaceae,exact,100,2980643,Acacia lasiocarpa Benth.,Acacia lasiocarpa,Benth.,SPECIES,ACCEPTED,EXACT,100,2980643,Acacia lasiocarpa Benth.,Benth.,Plantae,Tracheophyta,Magnoliopsida,Fabales,Fabaceae,Acacia,Acacia lasiocarpa,2980643
tsakalos_2018_applvegsci,False,Acacia latipes,Acacia latipes,Benth.,Species,Accepted,2612721,Acacia latipes,Benth.,2612721,Fabaceae,exact,100,2979947,Acacia latipes Benth.,Acacia latipes,Benth.,SPECIES,ACCEPTED,EXACT,100,2979947,Acacia latipes Benth.,Benth.,Plantae,Tracheophyta,Magnoliopsida,Fabales,Fabaceae,Acacia,Acacia latipes,2979947
dbca_2025_tpfl,False,Acacia latipes subsp. licina,Acacia latipes subsp. licina,R.S.Cowan & Maslin,Subspecies,Accepted,2612722,Acacia latipes subsp. licina,R.S.Cowan & Maslin,2612722,Fabaceae,exact,100,2979949,Acacia latipes subsp. licina R.S.Cowan & Maslin,Acacia latipes licina,R.S.Cowan & Maslin,SUBSPECIES,ACCEPTED,EXACT,100,2979949,Acacia latipes subsp. licina R.S.Cowan & Maslin,R.S.Cowan & Maslin,Plantae,Tracheophyta,Magnoliopsida,Fabales,Fabaceae,Acacia,Acacia latipes,2979947
tsakalos_2018_applvegsci,False,Acacia moirii subsp. recurvistipula,Acacia moirii subsp. recurvistipula,Maslin,Subspecies,Accepted,2613039,Acacia moirii subsp. recurvistipula,Maslin,2613039,Fabaceae,exact,100,2981295,Acacia moirii subsp. recurvistipula Maslin,Acacia moirii recurvistipula,Maslin,SUBSPECIES,ACCEPTED,EXACT,100,2981295,Acacia moirii subsp. recurvistipula Maslin,Maslin,Plantae,Tracheophyta,Magnoliopsida,Fabales,Fabaceae,Acacia,Acacia moirii,2981292
tsakalos_2018_applvegsci,False,Acacia pulchella,Acacia pulchella,R.Br.,Species,Accepted,2613530,Acacia pulchella,R.Br.,2613530,Fabaceae,exact,100,2980170,Acacia pulchella R.Br.,Acacia pulchella,R.Br.,SPECIES,ACCEPTED,EXACT,100,2980170,Acacia pulchella R.Br.,R.Br.,Plantae,Tracheophyta,Magnoliopsida,Fabales,Fabaceae,Acacia,Acacia pulchella,2980170
tsakalos_2018_applvegsci,False,Acacia rostellifera,Acacia rostellifera,Benth.,Species,Accepted,2613677,Acacia rostellifera,Benth.,2613677,Fabaceae,exact,100,2979059,Acacia rostellifera Benth.,Acacia rostellifera,Benth.,SPECIES,ACCEPTED,EXACT,100,2979059,Acacia rostellifera Benth.,Benth.,Plantae,Tracheophyta,Magnoliopsida,Fabales,Fabaceae,Acacia,Acacia rostellifera,2979059
inaturalist_eneabba|tsakalos_2018_applvegsci,False,Acacia saligna,Acacia saligna,(Labill.) H.L.Wendl.,Species,Accepted,2613720,Acacia saligna,(Labill.) H.L.Wendl.,2613720,Fabaceae,exact,100,2978552,Acacia saligna (Labill.) H.L.Wendl.,Acacia saligna,(Labill.) H.L.Wendl.,SPECIES,ACCEPTED,EXACT,100,2978552,Acacia saligna (Labill.) H.L.Wendl.,(Labill.) H.L.Wendl.,Plantae,Tracheophyta,Magnoliopsida,Fabales,Fabaceae,Acacia,Acacia saligna,2978552
tsakalos_2018_applvegsci,False,Acacia scirpifolia,Acacia scirpifolia,Meisn.,Species,Accepted,2613755,Acacia scirpifolia,Meisn.,2613755,Fabaceae,exact,100,2979390,Acacia scirpifolia Meisn.,Acacia scirpifolia,Meisn.,SPECIES,ACCEPTED,EXACT,100,2979390,Acacia scirpifolia Meisn.,Meisn.,Plantae,Tracheophyta,Magnoliopsida,Fabales,Fabaceae,Acacia,Acacia scirpifolia,2979390
tsakalos_2018_applvegsci,False,Acacia sessilis,Acacia sessilis,Benth.,Species,Accepted,2613823,Acacia sessilis,Benth.,2613823,Fabaceae,exact,100,2979941,Acacia sessilis Benth.,Acacia sessilis,Benth.,SPECIES,ACCEPTED,EXACT,100,2979941,Acacia sessilis Benth.,Benth.,Plantae,Tracheophyta,Magnoliopsida,Fabales,Fabaceae,Acacia,Acacia sessilis,2979941
inaturalist_eneabba|tsakalos_2018_applvegsci,False,Acacia spathulifolia,Acacia spathulifolia,Maslin,Species,Accepted,2613893,Acacia spathulifolia,Maslin,2613893,Fabaceae,exact,100,2980266,Acacia spathulifolia Maslin,Acacia spathulifolia,Maslin,SPECIES,ACCEPTED,EXACT,100,2980266,Acacia spathulifolia Maslin,Maslin,Plantae,Tracheophyta,Magnoliopsida,Fabales,Fabaceae,Acacia,Acacia spathulifolia,2980266
tsakalos_2018_applvegsci,False,Acacia stenoptera,Acacia stenoptera,Benth.,Species,Accepted,2613942,Acacia stenoptera,Benth.,2613942,Fabaceae,exact,100,2978236,Acacia stenoptera Benth.,Acacia stenoptera,Benth.,SPECIES,ACCEPTED,EXACT,100,2978236,Acacia stenoptera Benth.,Benth.,Plantae,Tracheophyta,Magnoliopsida,Fabales,Fabaceae,Acacia,Acacia stenoptera,2978236
tsakalos_2018_applvegsci,False,Acacia willdenowiana,Acacia willdenowiana,H.L.Wendl.,Species,Accepted,2614332,Acacia willdenowiana,H.L.Wendl.,2614332,Fabaceae,exact,100,2978527,Acacia willdenowiana H.L.Wendl.,Acacia willdenowiana,H.L.Wendl.,SPECIES,ACCEPTED,EXACT,100,2978527,Acacia willdenowiana H.L.Wendl.,H.L.Wendl.,Plantae,Tracheophyta,Magnoliopsida,Fabales,Fabaceae,Acacia,Acacia willdenowiana,2978527
dbca_2025_tpfl,False,Acacia wilsonii,Acacia wilsonii,R.S.Cowan & Maslin,Species,Accepted,2614335,Acacia wilsonii,R.S.Cowan & Maslin,2614335,Fabaceae,exact,100,2978981,Acacia wilsonii R.S.Cowan & Maslin,Acacia wilsonii,R.S.Cowan & Maslin,SPECIES,ACCEPTED,EXACT,100,2978981,Acacia wilsonii R.S.Cowan & Maslin,R.S.Cowan & Maslin,Plantae,Tracheophyta,Magnoliopsida,Fabales,Fabaceae,Acacia,Acacia wilsonii,2978981
tsakalos_2018_applvegsci,False,Bossiaea eriocarpa,Bossiaea eriocarpa,Benth.,Species,Accepted,2680469,Bossiaea eriocarpa,Benth.,2680469,Fabaceae,exact,100,2968317,Bossiaea eriocarpa Benth.,Bossiaea eriocarpa,Benth.,SPECIES,ACCEPTED,EXACT,100,2968317,Bossiaea eriocarpa Benth.,Benth.,Plantae,Tracheophyta,Magnoliopsida,Fabales,Fabaceae,Bossiaea,Bossiaea eriocarpa,2968317
tsakalos_2018_applvegsci,False,Cristonia biloba,Cristonia biloba,(Benth.) J.H.Ross,Species,Accepted,2742895,Cristonia biloba,(Benth.) J.H.Ross,2742895,Fabaceae,exact,100,3971298,Cristonia biloba (Benth.) J.H.Ross,Cristonia biloba,(Benth.) J.H.Ross,SPECIES,ACCEPTED,EXACT,100,3971298,Cristonia biloba (Benth.) J.H.Ross,(Benth.) J.H.Ross,Plantae,Tracheophyta,Magnoliopsida,Fabales,Fabaceae,Cristonia,Cristonia biloba,3971298
dbca_2025_tpfl,False,Cristonia biloba subsp. pubescens,Cristonia biloba subsp. pubescens,I.Thomps.,Subspecies,Accepted,2899459,Cristonia biloba subsp. pubescens,I.Thomps.,2899459,Fabaceae,exact,100,10870753,Cristonia biloba subsp. pubescens I.Thomps.,Cristonia biloba pubescens,I.Thomps.,SUBSPECIES,ACCEPTED,EXACT,100,10870753,Cristonia biloba subsp. pubescens I.Thomps.,I.Thomps.,Plantae,Tracheophyta,Magnoliopsida,Fabales,Fabaceae,Cristonia,Cristonia biloba,3971298
tsakalos_2018_applvegsci,False,Daviesia angulata,Daviesia angulata,Benth.,Species,Accepted,2758165,Daviesia angulata,Benth.,2758165,Fabaceae,exact,100,2956005,Daviesia angulata Benth.,Daviesia angulata,Benth.,SPECIES,ACCEPTED,EXACT,100,2956005,Daviesia angulata Benth.,Benth.,Plantae,Tracheophyta,Magnoliopsida,Fabales,Fabaceae,Daviesia,Daviesia angulata,2956005
inaturalist_eneabba|tsakalos_2018_applvegsci,False,Daviesia chapmanii,Daviesia chapmanii,Crisp,Species,Accepted,2758187,Daviesia chapmanii,Crisp,2758187,Fabaceae,exact,100,3911698,Daviesia chapmanii Crisp,Daviesia chapmanii,Crisp,SPECIES,ACCEPTED,EXACT,100,3911698,Daviesia chapmanii Crisp,Crisp,Plantae,Tracheophyta,Magnoliopsida,Fabales,Fabaceae,Daviesia,Daviesia chapmanii,3911698
tsakalos_2018_applvegsci,False,Daviesia daphnoides,Daviesia daphnoides,Meisn.,Species,Accepted,2758207,Daviesia daphnoides,Meisn.,2758207,Fabaceae,exact,100,2955993,Daviesia daphnoides Meisn.,Daviesia daphnoides,Meisn.,SPECIES,ACCEPTED,EXACT,100,2955993,Daviesia daphnoides Meisn.,Meisn.,Plantae,Tracheophyta,Magnoliopsida,Fabales,Fabaceae,Daviesia,Daviesia daphnoides,2955993
tsakalos_2018_applvegsci,False,Daviesia debilior,Daviesia debilior,Crisp,Species,Accepted,2758208,Daviesia debilior,Crisp,2758208,Fabaceae,exact,100,2956002,Daviesia debilior Crisp,Daviesia debilior,Crisp,SPECIES,ACCEPTED,EXACT,100,2956002,Daviesia debilior Crisp,Crisp,Plantae,Tracheophyta,Magnoliopsida,Fabales,Fabaceae,Daviesia,Daviesia debilior,2956002
dbca_2025_tpfl,False,Daviesia debilior subsp. debilior,Daviesia debilior subsp. debilior,nan,Subspecies,Accepted,3256422,Daviesia debilior subsp. debilior,nan,3256422,Fabaceae,exact,100,7224991,Daviesia debilior subsp. debilior,Daviesia debilior debilior,,SUBSPECIES,ACCEPTED,EXACT,99,7224991,Daviesia debilior subsp. debilior,,Plantae,Tracheophyta,Magnoliopsida,Fabales,Fabaceae,Daviesia,Daviesia debilior,2956002
tsakalos_2018_applvegsci,False,Daviesia decurrens,Daviesia decurrens,Meisn.,Species,Accepted,2758211,Daviesia decurrens,Meisn.,2758211,Fabaceae,exact,100,2955945,Daviesia decurrens Meisn.,Daviesia decurrens,Meisn.,SPECIES,ACCEPTED,EXACT,100,2955945,Daviesia decurrens Meisn.,Meisn.,Plantae,Tracheophyta,Magnoliopsida,Fabales,Fabaceae,Daviesia,Daviesia decurrens,2955945
inaturalist_eneabba|tsakalos_2018_applvegsci,False,Daviesia divaricata,Daviesia divaricata,Benth.,Species,Accepted,2758216,Daviesia divaricata,Benth.,2758216,Fabaceae,exact,100,2955995,Daviesia divaricata Benth.,Daviesia divaricata,Benth.,SPECIES,ACCEPTED,EXACT,100,2955995,Daviesia divaricata Benth.,Benth.,Plantae,Tracheophyta,Magnoliopsida,Fabales,Fabaceae,Daviesia,Daviesia divaricata,2955995
inaturalist_eneabba|tsakalos_2018_applvegsci,False,Daviesia epiphyllum,Daviesia epiphyllum,Meisn.,Species,Accepted,2758223,Daviesia epiphyllum,Meisn.,2758223,Fabaceae,exact,100,2955967,Daviesia epiphyllum Meisn.,Daviesia epiphyllum,Meisn.,SPECIES,ACCEPTED,EXACT,100,2955967,Daviesia epiphyllum Meisn.,Meisn.,Plantae,Tracheophyta,Magnoliopsida,Fabales,Fabaceae,Daviesia,Daviesia epiphyllum,2955967
inaturalist_eneabba|tsakalos_2018_applvegsci,False,Daviesia incrassata,Daviesia incrassata,Sm.,Species,Accepted,2758249,Daviesia incrassata,Sm.,2758249,Fabaceae,exact,100,2956016,Daviesia incrassata Sm.,Daviesia incrassata,Sm.,SPECIES,ACCEPTED,EXACT,100,2956016,Daviesia incrassata Sm.,Sm.,Plantae,Tracheophyta,Magnoliopsida,Fabales,Fabaceae,Daviesia,Daviesia incrassata,2956016
tsakalos_2018_applvegsci,False,Daviesia longifolia,Daviesia longifolia,P.J.Jacq.,Species,Accepted,3304238,Daviesia longifolia,P.J.Jacq.,3304238,Fabaceae,exact,100,2955969,Daviesia longifolia Benth.,Daviesia longifolia,Benth.,SPECIES,ACCEPTED,EXACT,99,2955969,Daviesia longifolia Benth.,Benth.,Plantae,Tracheophyta,Magnoliopsida,Fabales,Fabaceae,Daviesia,Daviesia longifolia,2955969
tsakalos_2018_applvegsci,False,Daviesia nudiflora,Daviesia nudiflora,Meisn.,Species,Accepted,2758294,Daviesia nudiflora,Meisn.,2758294,Fabaceae,exact,100,2955947,Daviesia nudiflora Meisn.,Daviesia nudiflora,Meisn.,SPECIES,ACCEPTED,EXACT,100,2955947,Daviesia nudiflora Meisn.,Meisn.,Plantae,Tracheophyta,Magnoliopsida,Fabales,Fabaceae,Daviesia,Daviesia nudiflora,2955947
tsakalos_2018_applvegsci,False,Daviesia oxyclada,Daviesia oxyclada,Crisp,Species,Accepted,2758305,Daviesia oxyclada,Crisp,2758305,Fabaceae,exact,100,3911099,Daviesia oxyclada Crisp,Daviesia oxyclada,Crisp,SPECIES,ACCEPTED,EXACT,100,3911099,Daviesia oxyclada Crisp,Crisp,Plantae,Tracheophyta,Magnoliopsida,Fabales,Fabaceae,Daviesia,Daviesia oxyclada,3911099
inaturalist_eneabba|tsakalos_2018_applvegsci,False,Daviesia pedunculata,Daviesia pedunculata,Benth.,Species,Accepted,2758316,Daviesia pedunculata,Benth.,2758316,Fabaceae,exact,100,2956001,Daviesia pedunculata Benth.,Daviesia pedunculata,Benth.,SPECIES,ACCEPTED,EXACT,100,2956001,Daviesia pedunculata Benth.,Benth.,Plantae,Tracheophyta,Magnoliopsida,Fabales,Fabaceae,Daviesia,Daviesia pedunculata,2956001
inaturalist_eneabba|tsakalos_2018_applvegsci,False,Daviesia podophylla,Daviesia podophylla,Crisp,Species,Accepted,2758322,Daviesia podophylla,Crisp,2758322,Fabaceae,exact,100,2956021,Daviesia podophylla Crisp,Daviesia podophylla,Crisp,SPECIES,ACCEPTED,EXACT,100,2956021,Daviesia podophylla Crisp,Crisp,Plantae,Tracheophyta,Magnoliopsida,Fabales,Fabaceae,Daviesia,Daviesia podophylla,2956021
dbca_2025_tpfl,False,Daviesia speciosa,Daviesia speciosa,Crisp,Species,Accepted,2758350,Daviesia speciosa,Crisp,2758350,Fabaceae,exact,100,3910892,Daviesia speciosa Crisp,Daviesia speciosa,Crisp,SPECIES,ACCEPTED,EXACT,100,3910892,Daviesia speciosa Crisp,Crisp,Plantae,Tracheophyta,Magnoliopsida,Fabales,Fabaceae,Daviesia,Daviesia speciosa,3910892
tsakalos_2018_applvegsci,False,Daviesia triflora,Daviesia triflora,Crisp,Species,Accepted,2758361,Daviesia triflora,Crisp,2758361,Fabaceae,exact,100,2955975,Daviesia triflora Crisp,Daviesia triflora,Crisp,SPECIES,ACCEPTED,EXACT,100,2955975,Daviesia triflora Crisp,Crisp,Plantae,Tracheophyta,Magnoliopsida,Fabales,Fabaceae,Daviesia,Daviesia triflora,2955975
tsakalos_2018_applvegsci,False,Gastrolobium axillare,Gastrolobium axillare,Meisn.,Species,Accepted,2817421,Gastrolobium axillare,Meisn.,2817421,Fabaceae,exact,100,5612565,Gastrolobium axillare Meisn.,Gastrolobium axillare,Meisn.,SPECIES,ACCEPTED,EXACT,100,5612565,Gastrolobium axillare Meisn.,Meisn.,Plantae,Tracheophyta,Magnoliopsida,Fabales,Fabaceae,Gastrolobium,Gastrolobium axillare,5612565
tsakalos_2018_applvegsci,False,Gastrolobium oxylobioides,Gastrolobium oxylobioides,Benth.,Species,Accepted,2817499,Gastrolobium oxylobioides,Benth.,2817499,Fabaceae,exact,100,5350208,Gastrolobium oxylobioides Benth.,Gastrolobium oxylobioides,Benth.,SPECIES,ACCEPTED,EXACT,100,5350208,Gastrolobium oxylobioides Benth.,Benth.,Plantae,Tracheophyta,Magnoliopsida,Fabales,Fabaceae,Gastrolobium,Gastrolobium oxylobioides,5350208
tsakalos_2018_applvegsci,False,Gastrolobium plicatum,Gastrolobium plicatum,Turcz.,Species,Accepted,2817505,Gastrolobium plicatum,Turcz.,2817505,Fabaceae,exact,100,5360162,Gastrolobium plicatum Turcz.,Gastrolobium plicatum,Turcz.,SPECIES,ACCEPTED,EXACT,100,5360162,Gastrolobium plicatum Turcz.,Turcz.,Plantae,Tracheophyta,Magnoliopsida,Fabales,Fabaceae,Gastrolobium,Gastrolobium plicatum,5360162
tsakalos_2018_applvegsci,False,Gastrolobium polystachyum,Gastrolobium polystachyum,Meisn.,Species,Accepted,2817507,Gastrolobium polystachyum,Meisn.,2817507,Fabaceae,exact,100,5350210,Gastrolobium polystachyum Meisn.,Gastrolobium polystachyum,Meisn.,SPECIES,ACCEPTED,EXACT,100,5350210,Gastrolobium polystachyum Meisn.,Meisn.,Plantae,Tracheophyta,Magnoliopsida,Fabales,Fabaceae,Gastrolobium,Gastrolobium polystachyum,5350210
tsakalos_2018_applvegsci,False,Gastrolobium spinosum,Gastrolobium spinosum,Benth.,Species,Accepted,2817532,Gastrolobium spinosum,Benth.,2817532,Fabaceae,exact,100,5350189,Gastrolobium spinosum Benth.,Gastrolobium spinosum,Benth.,SPECIES,ACCEPTED,EXACT,100,5350189,Gastrolobium spinosum Benth.,Benth.,Plantae,Tracheophyta,Magnoliopsida,Fabales,Fabaceae,Gastrolobium,Gastrolobium spinosum,5350189
inaturalist_eneabba|tsakalos_2018_applvegsci,False,Gompholobium confertum,Gompholobium confertum,(DC.) Crisp,Species,Accepted,2828939,Gompholobium confertum,(DC.) Crisp,2828939,Fabaceae,exact,100,2950791,Gompholobium confertum (DC.) Crisp,Gompholobium confertum,(DC.) Crisp,SPECIES,ACCEPTED,EXACT,100,2950791,Gompholobium confertum (DC.) Crisp,(DC.) Crisp,Plantae,Tracheophyta,Magnoliopsida,Fabales,Fabaceae,Gompholobium,Gompholobium confertum,2950791
tsakalos_2018_applvegsci,False,Gompholobium knightianum,Gompholobium knightianum,Lindl.,Species,Accepted,2828960,Gompholobium knightianum,Lindl.,2828960,Fabaceae,exact,100,2950795,Gompholobium knightianum Lindl.,Gompholobium knightianum,Lindl.,SPECIES,ACCEPTED,EXACT,100,2950795,Gompholobium knightianum Lindl.,Lindl.,Plantae,Tracheophyta,Magnoliopsida,Fabales,Fabaceae,Gompholobium,Gompholobium knightianum,2950795
tsakalos_2018_applvegsci,False,Gompholobium preissii,Gompholobium preissii,Meisn.,Species,Accepted,2828982,Gompholobium preissii,Meisn.,2828982,Fabaceae,exact,100,2950824,Gompholobium preissii Meisn.,Gompholobium preissii,Meisn.,SPECIES,ACCEPTED,EXACT,100,2950824,Gompholobium preissii Meisn.,Meisn.,Plantae,Tracheophyta,Magnoliopsida,Fabales,Fabaceae,Gompholobium,Gompholobium preissii,2950824
inaturalist_eneabba|tsakalos_2018_applvegsci,False,Gompholobium shuttleworthii,Gompholobium shuttleworthii,Meisn.,Species,Accepted,2828986,Gompholobium shuttleworthii,Meisn.,2828986,Fabaceae,exact,100,2950782,Gompholobium shuttleworthii Meisn.,Gompholobium shuttleworthii,Meisn.,SPECIES,ACCEPTED,EXACT,100,2950782,Gompholobium shuttleworthii Meisn.,Meisn.,Plantae,Tracheophyta,Magnoliopsida,Fabales,Fabaceae,Gompholobium,Gompholobium shuttleworthii,2950782
tsakalos_2018_applvegsci,False,Gompholobium tomentosum,Gompholobium tomentosum,Labill.,Species,Accepted,2828995,Gompholobium tomentosum,Labill.,2828995,Fabaceae,exact,100,2950823,Gompholobium tomentosum Labill.,Gompholobium tomentosum,Labill.,SPECIES,ACCEPTED,EXACT,100,2950823,Gompholobium tomentosum Labill.,Labill.,Plantae,Tracheophyta,Magnoliopsida,Fabales,Fabaceae,Gompholobium,Gompholobium tomentosum,2950823
inaturalist_eneabba,False,Hardenbergia comptoniana,Hardenbergia comptoniana,(Andrews) Benth.,Species,Accepted,2839511,Hardenbergia comptoniana,(Andrews) Benth.,2839511,Fabaceae,exact,100,2948694,Hardenbergia comptoniana (Andrews) Benth.,Hardenbergia comptoniana,(Andrews) Benth.,SPECIES,ACCEPTED,EXACT,100,2948694,Hardenbergia comptoniana (Andrews) Benth.,(Andrews) Benth.,Plantae,Tracheophyta,Magnoliopsida,Fabales,Fabaceae,Hardenbergia,Hardenbergia comptoniana,2948694
tsakalos_2018_applvegsci,False,Hovea stricta,Hovea stricta,Meisn.,Species,Accepted,2853945,Hovea stricta,Meisn.,2853945,Fabaceae,exact,100,2974711,Hovea stricta Meisn.,Hovea stricta,Meisn.,SPECIES,ACCEPTED,EXACT,100,2974711,Hovea stricta Meisn.,Meisn.,Plantae,Tracheophyta,Magnoliopsida,Fabales,Fabaceae,Hovea,Hovea stricta,2974711
inaturalist_eneabba,False,Isotropis cuneifolia,Isotropis cuneifolia,(Sm.) Heynh.,Species,Accepted,2867710,Isotropis cuneifolia,(Sm.) Heynh.,2867710,Fabaceae,exact,100,7447705,Isotropis cuneifolia (Sm.) Heynh.,Isotropis cuneifolia,(Sm.) Heynh.,SPECIES,ACCEPTED,EXACT,100,7447705,Isotropis cuneifolia (Sm.) Heynh.,(Sm.) Heynh.,Plantae,Tracheophyta,Magnoliopsida,Fabales,Fabaceae,Isotropis,Isotropis cuneifolia,7447705
tsakalos_2018_applvegsci,False,Isotropis cuneifolia subsp. cuneifolia,Isotropis cuneifolia subsp. cuneifolia,nan,Subspecies,Accepted,3012925,Isotropis cuneifolia subsp. cuneifolia,nan,3012925,Fabaceae,exact,100,7301506,Isotropis cuneifolia subsp. cuneifolia,Isotropis cuneifolia cuneifolia,,SUBSPECIES,ACCEPTED,EXACT,99,7301506,Isotropis cuneifolia subsp. cuneifolia,,Plantae,Tracheophyta,Magnoliopsida,Fabales,Fabaceae,Isotropis,Isotropis cuneifolia,7447705
tsakalos_2018_applvegsci,False,Jacksonia angulata,Jacksonia angulata,Benth.,Species,Accepted,2331391,Jacksonia angulata,Benth.,2331391,Fabaceae,exact,100,5359759,Jacksonia angulata Benth.,Jacksonia angulata,Benth.,SPECIES,ACCEPTED,EXACT,100,5359759,Jacksonia angulata Benth.,Benth.,Plantae,Tracheophyta,Magnoliopsida,Fabales,Fabaceae,Jacksonia,Jacksonia angulata,5359759
inaturalist_eneabba,False,Jacksonia anthoclada,Jacksonia anthoclada,Chappill,Species,Accepted,2607560,Jacksonia anthoclada,Chappill,2607560,Fabaceae,exact,100,5612831,Jacksonia anthoclada Chappill,Jacksonia anthoclada,Chappill,SPECIES,ACCEPTED,EXACT,100,5612831,Jacksonia anthoclada Chappill,Chappill,Plantae,Tracheophyta,Magnoliopsida,Fabales,Fabaceae,Jacksonia,Jacksonia anthoclada,5612831
tsakalos_2018_applvegsci,False,Jacksonia condensata,Jacksonia condensata,Crisp & J.R.Wheeler,Species,Accepted,2331402,Jacksonia condensata,Crisp & J.R.Wheeler,2331402,Fabaceae,exact,100,5359763,Jacksonia condensata Crisp & J.R.Wheeler,Jacksonia condensata,Crisp & J.R.Wheeler,SPECIES,ACCEPTED,EXACT,100,5359763,Jacksonia condensata Crisp & J.R.Wheeler,Crisp & J.R.Wheeler,Plantae,Tracheophyta,Magnoliopsida,Fabales,Fabaceae,Jacksonia,Jacksonia condensata,5359763
inaturalist_eneabba|riviera_2021_restecol|tsakalos_2018_applvegsci,False,Jacksonia floribunda,Jacksonia floribunda,Endl.,Species,Accepted,2331304,Jacksonia floribunda,Endl.,2331304,Fabaceae,exact,100,5359777,Jacksonia floribunda Endl.,Jacksonia floribunda,Endl.,SPECIES,ACCEPTED,EXACT,100,5359777,Jacksonia floribunda Endl.,Endl.,Plantae,Tracheophyta,Magnoliopsida,Fabales,Fabaceae,Jacksonia,Jacksonia floribunda,5359777
inaturalist_eneabba|riviera_2021_restecol|tsakalos_2018_applvegsci,False,Jacksonia hakeoides,Jacksonia hakeoides,Meisn.,Species,Accepted,2331310,Jacksonia hakeoides,Meisn.,2331310,Fabaceae,exact,100,5359761,Jacksonia hakeoides Meisn.,Jacksonia hakeoides,Meisn.,SPECIES,ACCEPTED,EXACT,100,5359761,Jacksonia hakeoides Meisn.,Meisn.,Plantae,Tracheophyta,Magnoliopsida,Fabales,Fabaceae,Jacksonia,Jacksonia hakeoides,5359761
tsakalos_2018_applvegsci,False,Jacksonia lehmannii,Jacksonia lehmannii,Meisn.,Species,Accepted,2331314,Jacksonia lehmannii,Meisn.,2331314,Fabaceae,exact,100,5359746,Jacksonia lehmannii Meisn.,Jacksonia lehmannii,Meisn.,SPECIES,ACCEPTED,EXACT,100,5359746,Jacksonia lehmannii Meisn.,Meisn.,Plantae,Tracheophyta,Magnoliopsida,Fabales,Fabaceae,Jacksonia,Jacksonia lehmannii,5359746
tsakalos_2018_applvegsci,False,Jacksonia nutans,Jacksonia nutans,Chappill,Species,Accepted,2607579,Jacksonia nutans,Chappill,2607579,Fabaceae,exact,100,5612717,Jacksonia nutans Chappill,Jacksonia nutans,Chappill,SPECIES,ACCEPTED,EXACT,100,5612717,Jacksonia nutans Chappill,Chappill,Plantae,Tracheophyta,Magnoliopsida,Fabales,Fabaceae,Jacksonia,Jacksonia nutans,5612717
tsakalos_2018_applvegsci,False,Jacksonia restioides,Jacksonia restioides,Meisn.,Species,Accepted,2331280,Jacksonia restioides,Meisn.,2331280,Fabaceae,exact,100,5359751,Jacksonia restioides Meisn.,Jacksonia restioides,Meisn.,SPECIES,ACCEPTED,EXACT,100,5359751,Jacksonia restioides Meisn.,Meisn.,Plantae,Tracheophyta,Magnoliopsida,Fabales,Fabaceae,Jacksonia,Jacksonia restioides,5359751
inaturalist_eneabba,False,Labichea lanceolata,Labichea lanceolata,Benth.,Species,Accepted,2350879,Labichea lanceolata,Benth.,2350879,Fabaceae,exact,100,2975915,Labichea lanceolata Benth.,Labichea lanceolata,Benth.,SPECIES,ACCEPTED,EXACT,100,2975915,Labichea lanceolata Benth.,Benth.,Plantae,Tracheophyta,Magnoliopsida,Fabales,Fabaceae,Labichea,Labichea lanceolata,2975915
tsakalos_2018_applvegsci,False,Labichea punctata,Labichea punctata,Benth.,Species,Accepted,2350786,Labichea punctata,Benth.,2350786,Fabaceae,exact,100,7905612,Labichea punctata Benth.,Labichea punctata,Benth.,SPECIES,ACCEPTED,EXACT,100,7905612,Labichea punctata Benth.,Benth.,Plantae,Tracheophyta,Magnoliopsida,Fabales,Fabaceae,Labichea,Labichea punctata,7905612
tsakalos_2018_applvegsci,False,Mirbelia floribunda,Mirbelia floribunda,Benth.,Species,Accepted,2374019,Mirbelia floribunda,Benth.,2374019,Fabaceae,exact,100,5348558,Mirbelia floribunda Benth.,Mirbelia floribunda,Benth.,SPECIES,ACCEPTED,EXACT,100,5348558,Mirbelia floribunda Benth.,Benth.,Plantae,Tracheophyta,Magnoliopsida,Fabales,Fabaceae,Mirbelia,Mirbelia floribunda,5348558
inaturalist_eneabba,False,Mirbelia spinosa,Mirbelia spinosa,Benth.,Species,Accepted,2373855,Mirbelia spinosa,Benth.,2373855,Fabaceae,exact,100,5348549,Mirbelia spinosa Benth.,Mirbelia spinosa,Benth.,SPECIES,ACCEPTED,EXACT,100,5348549,Mirbelia spinosa Benth.,Benth.,Plantae,Tracheophyta,Magnoliopsida,Fabales,Fabaceae,Mirbelia,Mirbelia spinosa,5348549
tsakalos_2018_applvegsci,False,Mirbelia trichocalyx,Mirbelia trichocalyx,Domin,Species,Accepted,2373860,Mirbelia trichocalyx,Domin,2373860,Fabaceae,exact,100,5348541,Mirbelia trichocalyx Domin,Mirbelia trichocalyx,Domin,SPECIES,ACCEPTED,EXACT,100,5348541,Mirbelia trichocalyx Domin,Domin,Plantae,Tracheophyta,Magnoliopsida,Fabales,Fabaceae,Mirbelia,Mirbelia trichocalyx,5348541
tsakalos_2018_applvegsci,False,Sphaerolobium drummondii,Sphaerolobium drummondii,Turcz.,Species,Accepted,2597563,Sphaerolobium drummondii,Turcz.,2597563,Fabaceae,exact,100,2974306,Sphaerolobium drummondii Turcz.,Sphaerolobium drummondii,Turcz.,SPECIES,ACCEPTED,EXACT,100,2974306,Sphaerolobium drummondii Turcz.,Turcz.,Plantae,Tracheophyta,Magnoliopsida,Fabales,Fabaceae,Sphaerolobium,Sphaerolobium drummondii,2974306
tsakalos_2018_applvegsci,False,Sphaerolobium pulchellum,Sphaerolobium pulchellum,Meisn.,Species,Accepted,2597572,Sphaerolobium pulchellum,Meisn.,2597572,Fabaceae,exact,100,2974320,Sphaerolobium pulchellum Meisn.,Sphaerolobium pulchellum,Meisn.,SPECIES,ACCEPTED,EXACT,100,2974320,Sphaerolobium pulchellum Meisn.,Meisn.,Plantae,Tracheophyta,Magnoliopsida,Fabales,Fabaceae,Sphaerolobium,Sphaerolobium pulchellum,2974320
inaturalist_eneabba|riviera_2021_restecol,False,Viminaria juncea,Viminaria juncea,(Schrad.) Hoffmanns.,Species,Accepted,2452583,Viminaria juncea,(Schrad.) Hoffmanns.,2452583,Fabaceae,exact,100,2946422,Viminaria juncea (Schrad.) Hoffmanns.,Viminaria juncea,(Schrad.) Hoffmanns.,SPECIES,ACCEPTED,EXACT,100,2946422,Viminaria juncea (Schrad.) Hoffmanns.,(Schrad.) Hoffmanns.,Plantae,Tracheophyta,Magnoliopsida,Fabales,Fabaceae,Viminaria,Viminaria juncea,2946422
dbca_2025_tpfl,False,Frankenia glomerata,Frankenia glomerata,Turcz.,Species,Accepted,2814192,Frankenia glomerata,Turcz.,2814192,Frankeniaceae,exact,100,7273506,Frankenia glomerata Turcz.,Frankenia glomerata,Turcz.,SPECIES,ACCEPTED,EXACT,100,7273506,Frankenia glomerata Turcz.,Turcz.,Plantae,Tracheophyta,Magnoliopsida,Caryophyllales,Frankeniaceae,Frankenia,Frankenia glomerata,7273506
tsakalos_2018_applvegsci,False,Schenkia australis,Schenkia australis,(R.Br.) G.Mans.,Species,Accepted,2589595,Schenkia australis,(R.Br.) G.Mans.,2589595,Gentianaceae,exact,100,5595259,Schenkia australis (R.Br.) G.Mans.,Schenkia australis,(R.Br.) G.Mans.,SPECIES,ACCEPTED,EXACT,100,5595259,Schenkia australis (R.Br.) G.Mans.,(R.Br.) G.Mans.,Plantae,Tracheophyta,Magnoliopsida,Gentianales,Gentianaceae,Schenkia,Schenkia australis,5595259
tsakalos_2018_applvegsci,True,Pelargonium capitatum,Pelargonium capitatum,(L.) L'Hér.,Species,Accepted,2533326,Pelargonium capitatum,(L.) L'Hér.,2533326,Geraniaceae,exact,100,9711656,Pelargonium capitatum (L.) L'Hér.,Pelargonium capitatum,(L.) L'Hér.,SPECIES,ACCEPTED,EXACT,100,9711656,Pelargonium capitatum (L.) L'Hér.,(L.) L'Hér.,Plantae,Tracheophyta,Magnoliopsida,Geraniales,Geraniaceae,Pelargonium,Pelargonium capitatum,9711656
tsakalos_2018_applvegsci,False,Dampiera carinata,Dampiera carinata,Benth.,Species,Accepted,2756608,Dampiera carinata,Benth.,2756608,Goodeniaceae,exact,100,5569526,Dampiera carinata Benth.,Dampiera carinata,Benth.,SPECIES,ACCEPTED,EXACT,100,5569526,Dampiera carinata Benth.,Benth.,Plantae,Tracheophyta,Magnoliopsida,Asterales,Goodeniaceae,Dampiera,Dampiera carinata,5569526
tsakalos_2018_applvegsci,False,Dampiera lavandulacea,Dampiera lavandulacea,Lindl.,Species,Accepted,2756657,Dampiera lavandulacea,Lindl.,2756657,Goodeniaceae,exact,100,5569243,Dampiera lavandulacea Lindl.,Dampiera lavandulacea,Lindl.,SPECIES,ACCEPTED,EXACT,100,5569243,Dampiera lavandulacea Lindl.,Lindl.,Plantae,Tracheophyta,Magnoliopsida,Asterales,Goodeniaceae,Dampiera,Dampiera lavandulacea,5569243
tsakalos_2018_applvegsci,False,Dampiera linearis,Dampiera linearis,R.Br.,Species,Accepted,2756662,Dampiera linearis,R.Br.,2756662,Goodeniaceae,exact,100,7262173,Dampiera linearis R.Br.,Dampiera linearis,R.Br.,SPECIES,ACCEPTED,EXACT,100,7262173,Dampiera linearis R.Br.,R.Br.,Plantae,Tracheophyta,Magnoliopsida,Asterales,Goodeniaceae,Dampiera,Dampiera linearis,7262173
tsakalos_2018_applvegsci,False,Dampiera oligophylla,Dampiera oligophylla,Benth.,Species,Accepted,2756677,Dampiera oligophylla,Benth.,2756677,Goodeniaceae,exact,100,5569147,Dampiera oligophylla Benth.,Dampiera oligophylla,Benth.,SPECIES,ACCEPTED,EXACT,100,5569147,Dampiera oligophylla Benth.,Benth.,Plantae,Tracheophyta,Magnoliopsida,Asterales,Goodeniaceae,Dampiera,Dampiera oligophylla,5569147
tsakalos_2018_applvegsci,False,Dampiera spicigera,Dampiera spicigera,Benth.,Species,Accepted,2756707,Dampiera spicigera,Benth.,2756707,Goodeniaceae,exact,100,7262333,Dampiera spicigera Benth.,Dampiera spicigera,Benth.,SPECIES,ACCEPTED,EXACT,100,7262333,Dampiera spicigera Benth.,Benth.,Plantae,Tracheophyta,Magnoliopsida,Asterales,Goodeniaceae,Dampiera,Dampiera spicigera,7262333
tsakalos_2018_applvegsci,False,Dampiera teres,Dampiera teres,Lindl.,Species,Accepted,2756721,Dampiera teres,Lindl.,2756721,Goodeniaceae,exact,100,9783004,Dampiera teres Lindl.,Dampiera teres,Lindl.,SPECIES,ACCEPTED,EXACT,100,9783004,Dampiera teres Lindl.,Lindl.,Plantae,Tracheophyta,Magnoliopsida,Asterales,Goodeniaceae,Dampiera,Dampiera teres,9783004
tsakalos_2018_applvegsci,False,Goodenia berardiana,Goodenia berardiana,(Gaudich.) Carolin,Species,Accepted,2830466,Goodenia berardiana,(Gaudich.) Carolin,2830466,Goodeniaceae,exact,100,3761482,Goodenia berardiana (Gaudich.) Carolin,Goodenia berardiana,(Gaudich.) Carolin,SPECIES,ACCEPTED,EXACT,100,3761482,Goodenia berardiana (Gaudich.) Carolin,(Gaudich.) Carolin,Plantae,Tracheophyta,Magnoliopsida,Asterales,Goodeniaceae,Goodenia,Goodenia berardiana,3761482
tsakalos_2018_applvegsci,False,Goodenia coerulea,Goodenia caerulea,R.Br.,Species,Accepted,2830475,Goodenia caerulea,R.Br.,2830475,Goodeniaceae,fuzzy,94,3761355,Goodenia caerulea R.Br.,Goodenia caerulea,R.Br.,SPECIES,ACCEPTED,EXACT,100,3761355,Goodenia caerulea R.Br.,R.Br.,Plantae,Tracheophyta,Magnoliopsida,Asterales,Goodeniaceae,Goodenia,Goodenia caerulea,3761355
tsakalos_2018_applvegsci,False,Verreauxia reinwardtii,Verreauxia reinwardtii,(de Vriese) Benth.,Species,Synonym,2457775,Goodenia reinwardtii,(de Vriese) K.A.Sheph.,3244210,Goodeniaceae,exact,100,11190565,Goodenia reinwardtii (de Vriese) K.A.Sheph.,Goodenia reinwardtii,(de Vriese) K.A.Sheph.,SPECIES,ACCEPTED,EXACT,100,11190565,Goodenia reinwardtii (de Vriese) K.A.Sheph.,(de Vriese) K.A.Sheph.,Plantae,Tracheophyta,Magnoliopsida,Asterales,Goodeniaceae,Goodenia,Goodenia reinwardtii,11190565
tsakalos_2018_applvegsci,False,Goodenia trichophylla,Goodenia trichophylla,de Vriese ex Benth.,Species,Accepted,2830760,Goodenia trichophylla,de Vriese ex Benth.,2830760,Goodeniaceae,exact,100,3761749,Goodenia trichophylla de Vriese ex Benth.,Goodenia trichophylla,de Vriese ex Benth.,SPECIES,ACCEPTED,EXACT,100,3761749,Goodenia trichophylla de Vriese ex Benth.,de Vriese ex Benth.,Plantae,Tracheophyta,Magnoliopsida,Asterales,Goodeniaceae,Goodenia,Goodenia trichophylla,3761749
tsakalos_2018_applvegsci,False,Lechenaultia biloba,Leschenaultia biloba,Lindl.,Species,Accepted,2348926,Leschenaultia biloba,Lindl.,2348926,Goodeniaceae,fuzzy,97,5569556,Leschenaultia biloba Lindl.,Leschenaultia biloba,Lindl.,SPECIES,ACCEPTED,EXACT,100,5569556,Leschenaultia biloba Lindl.,Lindl.,Plantae,Tracheophyta,Magnoliopsida,Asterales,Goodeniaceae,Leschenaultia,Leschenaultia biloba,5569556
inaturalist_eneabba,False,Leschenaultia biloba,Leschenaultia biloba,Lindl.,Species,Accepted,2348926,Leschenaultia biloba,Lindl.,2348926,Goodeniaceae,exact,100,5569556,Leschenaultia biloba Lindl.,Leschenaultia biloba,Lindl.,SPECIES,ACCEPTED,EXACT,100,5569556,Leschenaultia biloba Lindl.,Lindl.,Plantae,Tracheophyta,Magnoliopsida,Asterales,Goodeniaceae,Leschenaultia,Leschenaultia biloba,5569556
tsakalos_2018_applvegsci,False,Lechenaultia floribunda,Leschenaultia floribunda,Benth.,Species,Accepted,2348934,Leschenaultia floribunda,Benth.,2348934,Goodeniaceae,fuzzy,98,5569528,Leschenaultia floribunda Benth.,Leschenaultia floribunda,Benth.,SPECIES,ACCEPTED,EXACT,100,5569528,Leschenaultia floribunda Benth.,Benth.,Plantae,Tracheophyta,Magnoliopsida,Asterales,Goodeniaceae,Leschenaultia,Leschenaultia floribunda,5569528
inaturalist_eneabba,False,Leschenaultia floribunda,Leschenaultia floribunda,Benth.,Species,Accepted,2348934,Leschenaultia floribunda,Benth.,2348934,Goodeniaceae,exact,100,5569528,Leschenaultia floribunda Benth.,Leschenaultia floribunda,Benth.,SPECIES,ACCEPTED,EXACT,100,5569528,Leschenaultia floribunda Benth.,Benth.,Plantae,Tracheophyta,Magnoliopsida,Asterales,Goodeniaceae,Leschenaultia,Leschenaultia floribunda,5569528
tsakalos_2018_applvegsci,False,Lechenaultia hirsuta,Leschenaultia hirsuta,F.Muell.,Species,Accepted,2348845,Leschenaultia hirsuta,F.Muell.,2348845,Goodeniaceae,fuzzy,98,5569507,Leschenaultia hirsuta F.Muell.,Leschenaultia hirsuta,F.Muell.,SPECIES,ACCEPTED,EXACT,100,5569507,Leschenaultia hirsuta F.Muell.,F.Muell.,Plantae,Tracheophyta,Magnoliopsida,Asterales,Goodeniaceae,Leschenaultia,Leschenaultia hirsuta,5569507
inaturalist_eneabba,False,Leschenaultia hirsuta,Leschenaultia hirsuta,F.Muell.,Species,Accepted,2348845,Leschenaultia hirsuta,F.Muell.,2348845,Goodeniaceae,exact,100,5569507,Leschenaultia hirsuta F.Muell.,Leschenaultia hirsuta,F.Muell.,SPECIES,ACCEPTED,EXACT,100,5569507,Leschenaultia hirsuta F.Muell.,F.Muell.,Plantae,Tracheophyta,Magnoliopsida,Asterales,Goodeniaceae,Leschenaultia,Leschenaultia hirsuta,5569507
tsakalos_2018_applvegsci,False,Lechenaultia linarioides,Leschenaultia linarioides,DC.,Species,Accepted,2348850,Leschenaultia linarioides,DC.,2348850,Goodeniaceae,fuzzy,98,8772188,Leschenaultia linarioides DC.,Leschenaultia linarioides,DC.,SPECIES,ACCEPTED,EXACT,100,8772188,Leschenaultia linarioides DC.,DC.,Plantae,Tracheophyta,Magnoliopsida,Asterales,Goodeniaceae,Leschenaultia,Leschenaultia linarioides,8772188
tsakalos_2018_applvegsci,False,Lechenaultia stenosepala,Leschenaultia stenosepala,E.Pritz.,Species,Accepted,2348860,Leschenaultia stenosepala,E.Pritz.,2348860,Goodeniaceae,fuzzy,98,5569461,Leschenaultia stenosepala E.Pritz.,Leschenaultia stenosepala,E.Pritz.,SPECIES,ACCEPTED,EXACT,100,5569461,Leschenaultia stenosepala E.Pritz.,E.Pritz.,Plantae,Tracheophyta,Magnoliopsida,Asterales,Goodeniaceae,Leschenaultia,Leschenaultia stenosepala,5569461
inaturalist_eneabba,False,Leschenaultia stenosepala,Leschenaultia stenosepala,E.Pritz.,Species,Accepted,2348860,Leschenaultia stenosepala,E.Pritz.,2348860,Goodeniaceae,exact,100,5569461,Leschenaultia stenosepala E.Pritz.,Leschenaultia stenosepala,E.Pritz.,SPECIES,ACCEPTED,EXACT,100,5569461,Leschenaultia stenosepala E.Pritz.,E.Pritz.,Plantae,Tracheophyta,Magnoliopsida,Asterales,Goodeniaceae,Leschenaultia,Leschenaultia stenosepala,5569461
tsakalos_2018_applvegsci,False,Scaevola anchusifolia,Scaevola anchusifolia,Benth.,Species,Accepted,2589504,Scaevola anchusifolia,Benth.,2589504,Goodeniaceae,exact,100,5569328,Scaevola anchusifolia Benth.,Scaevola anchusifolia,Benth.,SPECIES,ACCEPTED,EXACT,100,5569328,Scaevola anchusifolia Benth.,Benth.,Plantae,Tracheophyta,Magnoliopsida,Asterales,Goodeniaceae,Scaevola,Scaevola anchusifolia,5569328
inaturalist_eneabba|tsakalos_2018_applvegsci,False,Scaevola canescens,Scaevola canescens,Benth.,Species,Accepted,2589540,Scaevola canescens,Benth.,2589540,Goodeniaceae,exact,100,5569190,Scaevola canescens Benth.,Scaevola canescens,Benth.,SPECIES,ACCEPTED,EXACT,100,5569190,Scaevola canescens Benth.,Benth.,Plantae,Tracheophyta,Magnoliopsida,Asterales,Goodeniaceae,Scaevola,Scaevola canescens,5569190
inaturalist_eneabba,False,Scaevola crassifolia,Scaevola crassifolia,Labill.,Species,Accepted,2589521,Scaevola crassifolia,Labill.,2589521,Goodeniaceae,exact,100,5569128,Scaevola crassifolia Labill.,Scaevola crassifolia,Labill.,SPECIES,ACCEPTED,EXACT,100,5569128,Scaevola crassifolia Labill.,Labill.,Plantae,Tracheophyta,Magnoliopsida,Asterales,Goodeniaceae,Scaevola,Scaevola crassifolia,5569128
dbca_2025_tpfl|tsakalos_2018_applvegsci,False,Scaevola eneabba,Scaevola eneabba,Carolin,Species,Accepted,2589441,Scaevola eneabba,Carolin,2589441,Goodeniaceae,exact,100,5569048,Scaevola eneabba Carolin,Scaevola eneabba,Carolin,SPECIES,ACCEPTED,EXACT,100,5569048,Scaevola eneabba Carolin,Carolin,Plantae,Tracheophyta,Magnoliopsida,Asterales,Goodeniaceae,Scaevola,Scaevola eneabba,5569048
tsakalos_2018_applvegsci,False,Scaevola glandulifera,Scaevola glandulifera,DC.,Species,Accepted,2589424,Scaevola glandulifera,DC.,2589424,Goodeniaceae,exact,100,7262321,Scaevola glandulifera DC.,Scaevola glandulifera,DC.,SPECIES,ACCEPTED,EXACT,100,7262321,Scaevola glandulifera DC.,DC.,Plantae,Tracheophyta,Magnoliopsida,Asterales,Goodeniaceae,Scaevola,Scaevola glandulifera,7262321
tsakalos_2018_applvegsci,False,Scaevola lanceolata,Scaevola lanceolata,Benth.,Species,Accepted,2589463,Scaevola lanceolata,Benth.,2589463,Goodeniaceae,exact,100,7262274,Scaevola lanceolata Benth.,Scaevola lanceolata,Benth.,SPECIES,ACCEPTED,EXACT,100,7262274,Scaevola lanceolata Benth.,Benth.,Plantae,Tracheophyta,Magnoliopsida,Asterales,Goodeniaceae,Scaevola,Scaevola lanceolata,7262274
inaturalist_eneabba|tsakalos_2018_applvegsci,False,Scaevola phlebopetala,Scaevola phlebopetala,F.Muell.,Species,Accepted,2589165,Scaevola phlebopetala,F.Muell.,2589165,Goodeniaceae,exact,100,7357282,Scaevola phlebopetala F.Muell.,Scaevola phlebopetala,F.Muell.,SPECIES,ACCEPTED,EXACT,100,7357282,Scaevola phlebopetala F.Muell.,F.Muell.,Plantae,Tracheophyta,Magnoliopsida,Asterales,Goodeniaceae,Scaevola,Scaevola phlebopetala,7357282
tsakalos_2018_applvegsci,False,Scaevola repens,Scaevola repens,de Vriese,Species,Accepted,2589211,Scaevola repens,de Vriese,2589211,Goodeniaceae,exact,100,7262313,Scaevola repens de Vriese,Scaevola repens,de Vriese,SPECIES,ACCEPTED,EXACT,100,7262313,Scaevola repens de Vriese,de Vriese,Plantae,Tracheophyta,Magnoliopsida,Asterales,Goodeniaceae,Scaevola,Scaevola repens,7262313
tsakalos_2018_applvegsci,False,Scaevola sericophylla,Scaevola sericophylla,F.Muell. ex Benth.,Species,Accepted,2589168,Scaevola sericophylla,F.Muell. ex Benth.,2589168,Goodeniaceae,exact,100,7262279,Scaevola sericophylla F.Muell. ex Benth.,Scaevola sericophylla,F.Muell. ex Benth.,SPECIES,ACCEPTED,EXACT,100,7262279,Scaevola sericophylla F.Muell. ex Benth.,F.Muell. ex Benth.,Plantae,Tracheophyta,Magnoliopsida,Asterales,Goodeniaceae,Scaevola,Scaevola sericophylla,7262279
tsakalos_2018_applvegsci,False,Gyrostemon ramulosus,Gyrostemon ramulosus,Desf.,Species,Accepted,2837058,Gyrostemon ramulosus,Desf.,2837058,Gyrostemonaceae,exact,100,7330833,Gyrostemon ramulosus Desf.,Gyrostemon ramulosus,Desf.,SPECIES,ACCEPTED,EXACT,100,7330833,Gyrostemon ramulosus Desf.,Desf.,Plantae,Tracheophyta,Magnoliopsida,Brassicales,Gyrostemonaceae,Gyrostemon,Gyrostemon ramulosus,7330833
dbca_2025_tpfl,False,Walteranthus erectus,Walteranthus erectus,Keighery,Species,Accepted,2466536,Walteranthus erectus,Keighery,2466536,Gyrostemonaceae,exact,100,3718299,Walteranthus erectus Keighery,Walteranthus erectus,Keighery,SPECIES,ACCEPTED,EXACT,100,3718299,Walteranthus erectus Keighery,Keighery,Plantae,Tracheophyta,Magnoliopsida,Brassicales,Gyrostemonaceae,Walteranthus,Walteranthus erectus,3718299
inaturalist_eneabba|tsakalos_2018_applvegsci,False,Anigozanthos humilis,Anigozanthos humilis,Lindl.,Species,Accepted,220313,Anigozanthos humilis,Lindl.,220313,Haemodoraceae,exact,100,2765857,Anigozanthos humilis Lindl.,Anigozanthos humilis,Lindl.,SPECIES,ACCEPTED,EXACT,100,2765857,Anigozanthos humilis Lindl.,Lindl.,Plantae,Tracheophyta,Liliopsida,Commelinales,Haemodoraceae,Anigozanthos,Anigozanthos humilis,2765857
inaturalist_eneabba,False,Anigozanthos humilis subsp. humilis,Anigozanthos humilis subsp. humilis,nan,Subspecies,Accepted,220315,Anigozanthos humilis subsp. humilis,nan,220315,Haemodoraceae,exact,100,7227485,Anigozanthos humilis subsp. humilis,Anigozanthos humilis humilis,,SUBSPECIES,ACCEPTED,EXACT,99,7227485,Anigozanthos humilis subsp. humilis,,Plantae,Tracheophyta,Liliopsida,Commelinales,Haemodoraceae,Anigozanthos,Anigozanthos humilis,2765857
inaturalist_eneabba|tsakalos_2018_applvegsci,False,Anigozanthos manglesii,Anigozanthos manglesii,D.Don,Species,Accepted,220317,Anigozanthos manglesii,D.Don,220317,Haemodoraceae,exact,100,2765842,Anigozanthos manglesii D.Don,Anigozanthos manglesii,D.Don,SPECIES,ACCEPTED,EXACT,100,2765842,Anigozanthos manglesii D.Don,D.Don,Plantae,Tracheophyta,Liliopsida,Commelinales,Haemodoraceae,Anigozanthos,Anigozanthos manglesii,2765842
tsakalos_2018_applvegsci,False,Anigozanthos pulcherrimus,Anigozanthos pulcherrimus,Hook.,Species,Accepted,220324,Anigozanthos pulcherrimus,Hook.,220324,Haemodoraceae,exact,100,2765855,Anigozanthos pulcherrimus Hook.,Anigozanthos pulcherrimus,Hook.,SPECIES,ACCEPTED,EXACT,100,2765855,Anigozanthos pulcherrimus Hook.,Hook.,Plantae,Tracheophyta,Liliopsida,Commelinales,Haemodoraceae,Anigozanthos,Anigozanthos pulcherrimus,2765855
tsakalos_2018_applvegsci,False,Blancoa canescens,Blancoa canescens,Lindl.,Species,Accepted,221761,Blancoa canescens,Lindl.,221761,Haemodoraceae,exact,100,5303593,Blancoa canescens Lindl.,Blancoa canescens,Lindl.,SPECIES,ACCEPTED,EXACT,100,5303593,Blancoa canescens Lindl.,Lindl.,Plantae,Tracheophyta,Liliopsida,Commelinales,Haemodoraceae,Blancoa,Blancoa canescens,5303593
tsakalos_2018_applvegsci,False,Conostylis aculeata subsp. breviflora,Conostylis aculeata subsp. breviflora,Hopper,Subspecies,Accepted,234320,Conostylis aculeata subsp. breviflora,Hopper,234320,Haemodoraceae,exact,100,2765745,Conostylis aculeata subsp. breviflora Hopper,Conostylis aculeata breviflora,Hopper,SUBSPECIES,ACCEPTED,EXACT,100,2765745,Conostylis aculeata subsp. breviflora Hopper,Hopper,Plantae,Tracheophyta,Liliopsida,Commelinales,Haemodoraceae,Conostylis,Conostylis aculeata,2765740
tsakalos_2018_applvegsci,False,Conostylis androstemma,Conostylis androstemma,F.Muell.,Species,Accepted,234334,Conostylis androstemma,F.Muell.,234334,Haemodoraceae,exact,100,2765738,Conostylis androstemma F.Muell.,Conostylis androstemma,F.Muell.,SPECIES,ACCEPTED,EXACT,100,2765738,Conostylis androstemma F.Muell.,F.Muell.,Plantae,Tracheophyta,Liliopsida,Commelinales,Haemodoraceae,Conostylis,Conostylis androstemma,2765738
inaturalist_eneabba|tsakalos_2018_applvegsci,False,Conostylis aurea,Conostylis aurea,Lindl.,Species,Accepted,234339,Conostylis aurea,Lindl.,234339,Haemodoraceae,exact,100,2765729,Conostylis aurea Lindl.,Conostylis aurea,Lindl.,SPECIES,ACCEPTED,EXACT,100,2765729,Conostylis aurea Lindl.,Lindl.,Plantae,Tracheophyta,Liliopsida,Commelinales,Haemodoraceae,Conostylis,Conostylis aurea,2765729
tsakalos_2018_applvegsci,False,Conostylis candicans,Conostylis candicans,Endl.,Species,Accepted,234346,Conostylis candicans,Endl.,234346,Haemodoraceae,exact,100,2765767,Conostylis candicans Endl.,Conostylis candicans,Endl.,SPECIES,ACCEPTED,EXACT,100,2765767,Conostylis candicans Endl.,Endl.,Plantae,Tracheophyta,Liliopsida,Commelinales,Haemodoraceae,Conostylis,Conostylis candicans,2765767
tsakalos_2018_applvegsci,False,Conostylis canteriata,Conostylis canteriata,Hopper,Species,Accepted,234352,Conostylis canteriata,Hopper,234352,Haemodoraceae,exact,100,2765737,Conostylis canteriata Hopper,Conostylis canteriata,Hopper,SPECIES,ACCEPTED,EXACT,100,2765737,Conostylis canteriata Hopper,Hopper,Plantae,Tracheophyta,Liliopsida,Commelinales,Haemodoraceae,Conostylis,Conostylis canteriata,2765737
tsakalos_2018_applvegsci,False,Conostylis crassinervia,Conostylis crassinerva,J.W.Green,Species,Accepted,234356,Conostylis crassinerva,J.W.Green,234356,Haemodoraceae,fuzzy,98,2765713,Conostylis crassinerva J.W.Green,Conostylis crassinerva,J.W.Green,SPECIES,ACCEPTED,EXACT,100,2765713,Conostylis crassinerva J.W.Green,J.W.Green,Plantae,Tracheophyta,Liliopsida,Commelinales,Haemodoraceae,Conostylis,Conostylis crassinerva,2765713
tsakalos_2018_applvegsci,False,Conostylis dielsii,Conostylis dielsii,W.Fitzg.,Species,Accepted,234363,Conostylis dielsii,W.Fitzg.,234363,Haemodoraceae,exact,100,2765721,Conostylis dielsii W.Fitzg.,Conostylis dielsii,W.Fitzg.,SPECIES,ACCEPTED,EXACT,100,2765721,Conostylis dielsii W.Fitzg.,W.Fitzg.,Plantae,Tracheophyta,Liliopsida,Commelinales,Haemodoraceae,Conostylis,Conostylis dielsii,2765721
tsakalos_2018_applvegsci,False,Conostylis hiemalis,Conostylis hiemalis,Hopper,Species,Accepted,234376,Conostylis hiemalis,Hopper,234376,Haemodoraceae,exact,100,2765716,Conostylis hiemalis Hopper,Conostylis hiemalis,Hopper,SPECIES,ACCEPTED,EXACT,100,2765716,Conostylis hiemalis Hopper,Hopper,Plantae,Tracheophyta,Liliopsida,Commelinales,Haemodoraceae,Conostylis,Conostylis hiemalis,2765716
inaturalist_eneabba|riviera_2021_restecol|tsakalos_2018_applvegsci,False,Conostylis neocymosa,Conostylis neocymosa,Hopper,Species,Accepted,234388,Conostylis neocymosa,Hopper,234388,Haemodoraceae,exact,100,2765809,Conostylis neocymosa Hopper,Conostylis neocymosa,Hopper,SPECIES,ACCEPTED,EXACT,100,2765809,Conostylis neocymosa Hopper,Hopper,Plantae,Tracheophyta,Liliopsida,Commelinales,Haemodoraceae,Conostylis,Conostylis neocymosa,2765809
tsakalos_2018_applvegsci,False,Conostylis prolifera,Conostylis prolifera,Benth.,Species,Accepted,234396,Conostylis prolifera,Benth.,234396,Haemodoraceae,exact,100,2765711,Conostylis prolifera Benth.,Conostylis prolifera,Benth.,SPECIES,ACCEPTED,EXACT,100,2765711,Conostylis prolifera Benth.,Benth.,Plantae,Tracheophyta,Liliopsida,Commelinales,Haemodoraceae,Conostylis,Conostylis prolifera,2765711
tsakalos_2018_applvegsci,False,Conostylis resinosa,Conostylis resinosa,Hopper,Species,Accepted,234402,Conostylis resinosa,Hopper,234402,Haemodoraceae,exact,100,2765718,Conostylis resinosa Hopper,Conostylis resinosa,Hopper,SPECIES,ACCEPTED,EXACT,100,2765718,Conostylis resinosa Hopper,Hopper,Plantae,Tracheophyta,Liliopsida,Commelinales,Haemodoraceae,Conostylis,Conostylis resinosa,2765718
inaturalist_eneabba|tsakalos_2018_applvegsci,False,Conostylis teretifolia,Conostylis teretifolia,J.W.Green,Species,Accepted,234419,Conostylis teretifolia,J.W.Green,234419,Haemodoraceae,exact,100,2765795,Conostylis teretifolia J.W.Green,Conostylis teretifolia,J.W.Green,SPECIES,ACCEPTED,EXACT,100,2765795,Conostylis teretifolia J.W.Green,J.W.Green,Plantae,Tracheophyta,Liliopsida,Commelinales,Haemodoraceae,Conostylis,Conostylis teretifolia,2765795
tsakalos_2018_applvegsci,False,Conostylis teretiuscula,Conostylis teretiuscula,F.Muell.,Species,Accepted,234422,Conostylis teretiuscula,F.Muell.,234422,Haemodoraceae,exact,100,2765763,Conostylis teretiuscula F.Muell.,Conostylis teretiuscula,F.Muell.,SPECIES,ACCEPTED,EXACT,100,2765763,Conostylis teretiuscula F.Muell.,F.Muell.,Plantae,Tracheophyta,Liliopsida,Commelinales,Haemodoraceae,Conostylis,Conostylis teretiuscula,2765763
tsakalos_2018_applvegsci,False,Conostylis tomentosa,Conostylis tomentosa,Hopper,Species,Accepted,234423,Conostylis tomentosa,Hopper,234423,Haemodoraceae,exact,100,2765720,Conostylis tomentosa Hopper,Conostylis tomentosa,Hopper,SPECIES,ACCEPTED,EXACT,100,2765720,Conostylis tomentosa Hopper,Hopper,Plantae,Tracheophyta,Liliopsida,Commelinales,Haemodoraceae,Conostylis,Conostylis tomentosa,2765720
tsakalos_2018_applvegsci,False,Haemodorum discolor,Haemodorum discolor,T.D.Macfarl.,Species,Accepted,247899,Haemodorum discolor,T.D.Macfarl.,247899,Haemodoraceae,exact,100,2765666,Haemodorum discolor T.D.Macfarl.,Haemodorum discolor,T.D.Macfarl.,SPECIES,ACCEPTED,EXACT,100,2765666,Haemodorum discolor T.D.Macfarl.,T.D.Macfarl.,Plantae,Tracheophyta,Liliopsida,Commelinales,Haemodoraceae,Haemodorum,Haemodorum discolor,2765666
tsakalos_2018_applvegsci,False,Haemodorum laxum,Haemodorum laxum,R.Br.,Species,Accepted,247905,Haemodorum laxum,R.Br.,247905,Haemodoraceae,exact,100,2765678,Haemodorum laxum R.Br.,Haemodorum laxum,R.Br.,SPECIES,ACCEPTED,EXACT,100,2765678,Haemodorum laxum R.Br.,R.Br.,Plantae,Tracheophyta,Liliopsida,Commelinales,Haemodoraceae,Haemodorum,Haemodorum laxum,2765678
dbca_2025_tpfl|tsakalos_2018_applvegsci,False,Haemodorum loratum,Haemodorum loratum,T.D.Macfarl.,Species,Accepted,247908,Haemodorum loratum,T.D.Macfarl.,247908,Haemodoraceae,exact,100,2765655,Haemodorum loratum T.D.Macfarl.,Haemodorum loratum,T.D.Macfarl.,SPECIES,ACCEPTED,EXACT,100,2765655,Haemodorum loratum T.D.Macfarl.,T.D.Macfarl.,Plantae,Tracheophyta,Liliopsida,Commelinales,Haemodoraceae,Haemodorum,Haemodorum loratum,2765655
tsakalos_2018_applvegsci,False,Haemodorum simulans,Haemodorum simulans,F.Muell.,Species,Accepted,247914,Haemodorum simulans,F.Muell.,247914,Haemodoraceae,exact,100,2765671,Haemodorum simulans F.Muell.,Haemodorum simulans,F.Muell.,SPECIES,ACCEPTED,EXACT,100,2765671,Haemodorum simulans F.Muell.,F.Muell.,Plantae,Tracheophyta,Liliopsida,Commelinales,Haemodoraceae,Haemodorum,Haemodorum simulans,2765671
tsakalos_2018_applvegsci,False,Haemodorum spicatum,Haemodorum spicatum,R.Br.,Species,Accepted,247916,Haemodorum spicatum,R.Br.,247916,Haemodoraceae,exact,100,2765661,Haemodorum spicatum R.Br.,Haemodorum spicatum,R.Br.,SPECIES,ACCEPTED,EXACT,100,2765661,Haemodorum spicatum R.Br.,R.Br.,Plantae,Tracheophyta,Liliopsida,Commelinales,Haemodoraceae,Haemodorum,Haemodorum spicatum,2765661
tsakalos_2018_applvegsci,False,Haemodorum venosum,Haemodorum venosum,T.D.Macfarl.,Species,Accepted,247921,Haemodorum venosum,T.D.Macfarl.,247921,Haemodoraceae,exact,100,2765673,Haemodorum venosum T.D.Macfarl.,Haemodorum venosum,T.D.Macfarl.,SPECIES,ACCEPTED,EXACT,100,2765673,Haemodorum venosum T.D.Macfarl.,T.D.Macfarl.,Plantae,Tracheophyta,Liliopsida,Commelinales,Haemodoraceae,Haemodorum,Haemodorum venosum,2765673
inaturalist_eneabba|tsakalos_2018_applvegsci,False,Macropidia fuliginosa,Macropidia fuliginosa,(Hook.) Druce,Species,Accepted,252884,Macropidia fuliginosa,(Hook.) Druce,252884,Haemodoraceae,exact,100,2765828,Macropidia fuliginosa (Hook.) Druce,Macropidia fuliginosa,(Hook.) Druce,SPECIES,ACCEPTED,EXACT,100,2765828,Macropidia fuliginosa (Hook.) Druce,(Hook.) Druce,Plantae,Tracheophyta,Liliopsida,Commelinales,Haemodoraceae,Macropidia,Macropidia fuliginosa,2765828
tsakalos_2018_applvegsci,False,Phlebocarya filifolia,Phlebocarya filifolia,(F.Muell.) Benth.,Species,Accepted,257782,Phlebocarya filifolia,(F.Muell.) Benth.,257782,Haemodoraceae,exact,100,2765900,Phlebocarya filifolia (F.Muell.) Benth.,Phlebocarya filifolia,(F.Muell.) Benth.,SPECIES,ACCEPTED,EXACT,100,2765900,Phlebocarya filifolia (F.Muell.) Benth.,(F.Muell.) Benth.,Plantae,Tracheophyta,Liliopsida,Commelinales,Haemodoraceae,Phlebocarya,Phlebocarya filifolia,2765900
dbca_2025_tpfl,False,Phlebocarya pilosissima subsp. pilosissima,Phlebocarya pilosissima subsp. pilosissima,nan,Subspecies,Accepted,257785,Phlebocarya pilosissima subsp. pilosissima,nan,257785,Haemodoraceae,exact,100,7227481,Phlebocarya pilosissima subsp. pilosissima,Phlebocarya pilosissima pilosissima,,SUBSPECIES,ACCEPTED,EXACT,99,7227481,Phlebocarya pilosissima subsp. pilosissima,,Plantae,Tracheophyta,Liliopsida,Commelinales,Haemodoraceae,Phlebocarya,Phlebocarya pilosissima,2765894
inaturalist_eneabba|tsakalos_2018_applvegsci,False,Glischrocaryon aureum,Glischrocaryon aureum,(Lindl.) Orchard,Species,Accepted,2826608,Glischrocaryon aureum,(Lindl.) Orchard,2826608,Haloragaceae,exact,100,7329715,Glischrocaryon aureum (Lindl.) Orchard,Glischrocaryon aureum,(Lindl.) Orchard,SPECIES,ACCEPTED,EXACT,100,7329715,Glischrocaryon aureum (Lindl.) Orchard,(Lindl.) Orchard,Plantae,Tracheophyta,Magnoliopsida,Saxifragales,Haloragaceae,Glischrocaryon,Glischrocaryon aureum,7329715
tsakalos_2018_applvegsci,False,Gonocarpus pithyoides,Gonocarpus pithyoides,Nees,Species,Accepted,2829862,Gonocarpus pithyoides,Nees,2829862,Haloragaceae,exact,100,5555460,Gonocarpus pithyoides Nees,Gonocarpus pithyoides,Nees,SPECIES,ACCEPTED,EXACT,100,5555460,Gonocarpus pithyoides Nees,Nees,Plantae,Tracheophyta,Magnoliopsida,Saxifragales,Haloragaceae,Gonocarpus,Gonocarpus pithyoides,5555460
inaturalist_eneabba,False,Freesia leichtlinii,Freesia leichtlinii,Klatt,Species,Accepted,328133,Freesia leichtlinii,Klatt,328133,Iridaceae,exact,100,2747079,Freesia leichtlinii Klatt,Freesia leichtlinii,Klatt,SPECIES,ACCEPTED,EXACT,100,2747079,Freesia leichtlinii Klatt,Klatt,Plantae,Tracheophyta,Liliopsida,Asparagales,Iridaceae,Freesia,Freesia leichtlinii,2747079
inaturalist_eneabba,False,Patersonia juncea,Patersonia juncea,Lindl.,Species,Accepted,324348,Patersonia juncea,Lindl.,324348,Iridaceae,exact,100,2746987,Patersonia juncea Lindl.,Patersonia juncea,Lindl.,SPECIES,ACCEPTED,EXACT,100,2746987,Patersonia juncea Lindl.,Lindl.,Plantae,Tracheophyta,Liliopsida,Asparagales,Iridaceae,Patersonia,Patersonia juncea,2746987
tsakalos_2018_applvegsci,False,Patersonia occidentalis,Patersonia occidentalis,R.Br.,Species,Accepted,324217,Patersonia occidentalis,R.Br.,324217,Iridaceae,exact,100,2746968,Patersonia occidentalis R.Br.,Patersonia occidentalis,R.Br.,SPECIES,ACCEPTED,EXACT,100,2746968,Patersonia occidentalis R.Br.,R.Br.,Plantae,Tracheophyta,Liliopsida,Asparagales,Iridaceae,Patersonia,Patersonia occidentalis,2746968
inaturalist_eneabba|tsakalos_2018_applvegsci,False,Hemiandra rubriflora,Hemiandra rubriflora,O.H.Sarg.,Species,Accepted,98101,Hemiandra rubriflora,O.H.Sarg.,98101,Lamiaceae,exact,100,3888121,Hemiandra rubriflora O.H.Sarg.,Hemiandra rubriflora,O.H.Sarg.,SPECIES,ACCEPTED,EXACT,100,3888121,Hemiandra rubriflora O.H.Sarg.,O.H.Sarg.,Plantae,Tracheophyta,Magnoliopsida,Lamiales,Lamiaceae,Hemiandra,Hemiandra rubriflora,3888121
inaturalist_eneabba|tsakalos_2018_applvegsci,False,Hemiphora bartlingii,Hemiphora bartlingii,(Lehm.) B.J.Conn & Henwood,Species,Accepted,467402,Hemiphora bartlingii,(Lehm.) B.J.Conn & Henwood,467402,Lamiaceae,exact,100,7838971,Hemiphora bartlingii (Lehm.) B.J.Conn & Henwood,Hemiphora bartlingii,(Lehm.) B.J.Conn & Henwood,SPECIES,ACCEPTED,EXACT,100,7838971,Hemiphora bartlingii (Lehm.) B.J.Conn & Henwood,(Lehm.) B.J.Conn & Henwood,Plantae,Tracheophyta,Magnoliopsida,Lamiales,Lamiaceae,Hemiphora,Hemiphora bartlingii,7838971
inaturalist_eneabba|tsakalos_2018_applvegsci,False,Lachnostachys eriobotrya,Lachnostachys eriobotrya,(F.Muell.) Druce,Species,Accepted,106742,Lachnostachys eriobotrya,(F.Muell.) Druce,106742,Lamiaceae,exact,100,3898909,Lachnostachys eriobotrya (F.Muell.) Druce,Lachnostachys eriobotrya,(F.Muell.) Druce,SPECIES,ACCEPTED,EXACT,100,3898909,Lachnostachys eriobotrya (F.Muell.) Druce,(F.Muell.) Druce,Plantae,Tracheophyta,Magnoliopsida,Lamiales,Lamiaceae,Lachnostachys,Lachnostachys eriobotrya,3898909
inaturalist_eneabba|tsakalos_2018_applvegsci,False,Pityrodia hemigenioides,Pityrodia hemigenioides,(F.Muell.) Benth.,Species,Accepted,156725,Pityrodia hemigenioides,(F.Muell.) Benth.,156725,Lamiaceae,exact,100,3882597,Pityrodia hemigenioides (F.Muell.) Benth.,Pityrodia hemigenioides,(F.Muell.) Benth.,SPECIES,ACCEPTED,EXACT,100,3882597,Pityrodia hemigenioides (F.Muell.) Benth.,(F.Muell.) Benth.,Plantae,Tracheophyta,Magnoliopsida,Lamiales,Lamiaceae,Pityrodia,Pityrodia hemigenioides,3882597
tsakalos_2018_applvegsci,False,Pityrodia viscida,Pityrodia viscida,W.Fitzg.,Species,Accepted,156757,Pityrodia viscida,W.Fitzg.,156757,Lamiaceae,exact,100,3896958,Pityrodia viscida W.Fitzg.,Pityrodia viscida,W.Fitzg.,SPECIES,ACCEPTED,EXACT,100,3896958,Pityrodia viscida W.Fitzg.,W.Fitzg.,Plantae,Tracheophyta,Magnoliopsida,Lamiales,Lamiaceae,Pityrodia,Pityrodia viscida,3896958
tsakalos_2018_applvegsci,False,Quoya verbascina,Quoya verbascina,(F.Muell.) B.J.Conn & Henwood,Species,Accepted,468032,Quoya verbascina,(F.Muell.) B.J.Conn & Henwood,468032,Lamiaceae,exact,100,8410867,Quoya verbascina (F.Muell.) B.J.Conn & Henwood,Quoya verbascina,(F.Muell.) B.J.Conn & Henwood,SPECIES,ACCEPTED,EXACT,100,8410867,Quoya verbascina (F.Muell.) B.J.Conn & Henwood,(F.Muell.) B.J.Conn & Henwood,Plantae,Tracheophyta,Magnoliopsida,Lamiales,Lamiaceae,Quoya,Quoya verbascina,8410867
tsakalos_2018_applvegsci,False,Cassytha glabella agg.,Cassytha glabella,R.Br.,Species,Accepted,2704609,Cassytha glabella,R.Br.,2704609,Lauraceae,exact,100,7304255,Cassytha glabella R.Br.,Cassytha glabella,R.Br.,SPECIES,ACCEPTED,EXACT,100,7304255,Cassytha glabella R.Br.,R.Br.,Plantae,Tracheophyta,Magnoliopsida,Laurales,Lauraceae,Cassytha,Cassytha glabella,7304255
inaturalist_eneabba|tsakalos_2018_applvegsci,False,Orianthera spermacocea,Orianthera spermacocea,(F.Muell.) C.S.P.Foster & B.J.Conn,Species,Accepted,3009924,Orianthera spermacocea,(F.Muell.) C.S.P.Foster & B.J.Conn,3009924,Loganiaceae,exact,100,9030619,Orianthera spermacocea (F.Muell.) C.S.P.Foster & B.J.Conn,Orianthera spermacocea,(F.Muell.) C.S.P.Foster & B.J.Conn,SPECIES,ACCEPTED,EXACT,100,9030619,Orianthera spermacocea (F.Muell.) C.S.P.Foster & B.J.Conn,(F.Muell.) C.S.P.Foster & B.J.Conn,Plantae,Tracheophyta,Magnoliopsida,Gentianales,Loganiaceae,Orianthera,Orianthera spermacocea,9030619
tsakalos_2018_applvegsci,False,Phyllangium divergens,Phyllangium divergens,(Hook.f.) Dunlop,Species,Accepted,2537494,Phyllangium divergens,(Hook.f.) Dunlop,2537494,Loganiaceae,exact,100,4019866,Phyllangium divergens (Hook.fil.) Dunlop,Phyllangium divergens,(Hook.fil.) Dunlop,SPECIES,ACCEPTED,EXACT,100,4019866,Phyllangium divergens (Hook.fil.) Dunlop,(Hook.fil.) Dunlop,Plantae,Tracheophyta,Magnoliopsida,Gentianales,Loganiaceae,Phyllangium,Phyllangium divergens,4019866
tsakalos_2018_applvegsci,False,Amyema miquelii,Amyema miquelii,(Lehm. ex Miq.) Tiegh.,Species,Accepted,2635291,Amyema miquelii,(Lehm. ex Miq.) Tiegh.,2635291,Loranthaceae,exact,100,4000948,Amyema miquelii (Lehm. ex Miq.) Tiegh.,Amyema miquelii,(Lehm. ex Miq.) Tiegh.,SPECIES,ACCEPTED,EXACT,100,4000948,Amyema miquelii (Lehm. ex Miq.) Tiegh.,(Lehm. ex Miq.) Tiegh.,Plantae,Tracheophyta,Magnoliopsida,Santalales,Loranthaceae,Amyema,Amyema miquelii,4000948
tsakalos_2018_applvegsci,False,Nuytsia floribunda,Nuytsia floribunda,(Labill.) R.Br. ex G.Don,Species,Accepted,2378651,Nuytsia floribunda,(Labill.) R.Br. ex G.Don,2378651,Loranthaceae,exact,100,11019792,Nuytsia floribunda (Labill.) R.Br. ex G.Don,Nuytsia floribunda,(Labill.) R.Br. ex G.Don,SPECIES,SYNONYM,EXACT,100,4004137,Nuytsia floribunda (Labill.) R.Br.,(Labill.) R.Br.,Plantae,Tracheophyta,Magnoliopsida,Santalales,Loranthaceae,Nuytsia,Nuytsia floribunda,4004137
inaturalist_eneabba|tsakalos_2018_applvegsci,False,Macarthuria australis,Macarthuria australis,Hügel ex Endl.,Species,Accepted,2505267,Macarthuria australis,Hügel ex Endl.,2505267,Macarthuriaceae,exact,100,7904287,Macarthuria australis Hügel ex Endl.,Macarthuria australis,Hügel ex Endl.,SPECIES,ACCEPTED,EXACT,100,7904287,Macarthuria australis Hügel ex Endl.,Hügel ex Endl.,Plantae,Tracheophyta,Magnoliopsida,Caryophyllales,Macarthuriaceae,Macarthuria,Macarthuria australis,7904287
inaturalist_eneabba,False,Androcalva pulchella,Androcalva pulchella,(Turcz.) C.F.Wilkins & Whitlock,Species,Accepted,2903191,Androcalva pulchella,(Turcz.) C.F.Wilkins & Whitlock,2903191,Malvaceae,exact,100,7920482,Androcalva pulchella (Turcz.) C.F.Wilkins & Whitlock,Androcalva pulchella,(Turcz.) C.F.Wilkins & Whitlock,SPECIES,ACCEPTED,EXACT,100,7920482,Androcalva pulchella (Turcz.) C.F.Wilkins & Whitlock,(Turcz.) C.F.Wilkins & Whitlock,Plantae,Tracheophyta,Magnoliopsida,Malvales,Malvaceae,Androcalva,Androcalva pulchella,7920482
dbca_2025_tpfl,False,Guichenotia alba,Guichenotia alba,Keighery,Species,Accepted,2834825,Guichenotia alba,Keighery,2834825,Malvaceae,exact,100,7560334,Guichenotia alba Keighery,Guichenotia alba,Keighery,SPECIES,ACCEPTED,EXACT,100,7560334,Guichenotia alba Keighery,Keighery,Plantae,Tracheophyta,Magnoliopsida,Malvales,Malvaceae,Guichenotia,Guichenotia alba,7560334
tsakalos_2018_applvegsci,False,Guichenotia ledifolia,Guichenotia ledifolia,J.Gay,Species,Accepted,2834834,Guichenotia ledifolia,J.Gay,2834834,Malvaceae,exact,100,7416625,Guichenotia ledifolia J.Gay,Guichenotia ledifolia,J.Gay,SPECIES,ACCEPTED,EXACT,100,7416625,Guichenotia ledifolia J.Gay,J.Gay,Plantae,Tracheophyta,Magnoliopsida,Malvales,Malvaceae,Guichenotia,Guichenotia ledifolia,7416625
tsakalos_2018_applvegsci,False,Guichenotia macrantha,Guichenotia macrantha,Turcz.,Species,Accepted,2834835,Guichenotia macrantha,Turcz.,2834835,Malvaceae,exact,100,8092097,Guichenotia macrantha Turcz.,Guichenotia macrantha,Turcz.,SPECIES,ACCEPTED,EXACT,100,8092097,Guichenotia macrantha Turcz.,Turcz.,Plantae,Tracheophyta,Magnoliopsida,Malvales,Malvaceae,Guichenotia,Guichenotia macrantha,8092097
tsakalos_2018_applvegsci,False,Guichenotia micrantha,Guichenotia micrantha,(Steetz) Benth.,Species,Accepted,2834836,Guichenotia micrantha,(Steetz) Benth.,2834836,Malvaceae,exact,100,7941479,Guichenotia micrantha (Steetz) Benth.,Guichenotia micrantha,(Steetz) Benth.,SPECIES,ACCEPTED,EXACT,100,7941479,Guichenotia micrantha (Steetz) Benth.,(Steetz) Benth.,Plantae,Tracheophyta,Magnoliopsida,Malvales,Malvaceae,Guichenotia,Guichenotia micrantha,7941479
tsakalos_2018_applvegsci,False,Guichenotia sarotes,Guichenotia sarotes,Benth.,Species,Accepted,2834838,Guichenotia sarotes,Benth.,2834838,Malvaceae,exact,100,8315905,Guichenotia sarotes Benth.,Guichenotia sarotes,Benth.,SPECIES,ACCEPTED,EXACT,100,8315905,Guichenotia sarotes Benth.,Benth.,Plantae,Tracheophyta,Magnoliopsida,Malvales,Malvaceae,Guichenotia,Guichenotia sarotes,8315905
tsakalos_2018_applvegsci,False,Lasiopetalum angustifolium,Lasiopetalum angustifolium,W.Fitzg.,Species,Accepted,2496118,Lasiopetalum angustifolium,W.Fitzg.,2496118,Malvaceae,exact,100,3671283,Lasiopetalum angustifolium W.Fitzg.,Lasiopetalum angustifolium,W.Fitzg.,SPECIES,ACCEPTED,EXACT,100,3671283,Lasiopetalum angustifolium W.Fitzg.,W.Fitzg.,Plantae,Tracheophyta,Magnoliopsida,Malvales,Malvaceae,Lasiopetalum,Lasiopetalum angustifolium,3671283
tsakalos_2018_applvegsci,False,Lasiopetalum drummondii,Lasiopetalum drummondii,Benth.,Species,Accepted,2496302,Lasiopetalum drummondii,Benth.,2496302,Malvaceae,exact,100,3670988,Lasiopetalum drummondii Benth.,Lasiopetalum drummondii,Benth.,SPECIES,ACCEPTED,EXACT,100,3670988,Lasiopetalum drummondii Benth.,Benth.,Plantae,Tracheophyta,Magnoliopsida,Malvales,Malvaceae,Lasiopetalum,Lasiopetalum drummondii,3670988
tsakalos_2018_applvegsci,False,Keraudrenia hermanniifolia,Keraudrenia hermanniifolia,J.Gay,Species,Synonym,2335083,Seringia hermanniifolia,(J.Gay) F.Muell.,2581561,Malvaceae,exact,100,7471499,Seringia hermannifolia (J.Gay) F.Muell.,Seringia hermannifolia,(J.Gay) F.Muell.,SPECIES,ACCEPTED,FUZZY,100,7471499,Seringia hermannifolia (J.Gay) F.Muell.,(J.Gay) F.Muell.,Plantae,Tracheophyta,Magnoliopsida,Malvales,Malvaceae,Seringia,Seringia hermannifolia,7471499
tsakalos_2018_applvegsci,False,Thomasia rulingioides,Thomasia rulingioides,Steud.,Species,Accepted,2520307,Thomasia rulingioides,Steud.,2520307,Malvaceae,exact,100,7908563,Thomasia rulingioides Steud.,Thomasia rulingioides,Steud.,SPECIES,DOUBTFUL,EXACT,100,7908563,Thomasia rulingioides Steud.,Steud.,Plantae,Tracheophyta,Magnoliopsida,Malvales,Malvaceae,Thomasia,Thomasia rulingioides,7908563
dbca_2025_tpfl,False,Liparophyllum congestiflorum,Liparophyllum congestiflorum,(F.Muell.) Tippery & Les,Species,Accepted,2900141,Liparophyllum congestiflorum,(F.Muell.) Tippery & Les,2900141,Menyanthaceae,exact,100,7598700,Liparophyllum congestiflorum (F.Muell.) Tippery & Les,Liparophyllum congestiflorum,(F.Muell.) Tippery & Les,SPECIES,ACCEPTED,EXACT,100,7598700,Liparophyllum congestiflorum (F.Muell.) Tippery & Les,(F.Muell.) Tippery & Les,Plantae,Tracheophyta,Magnoliopsida,Asterales,Menyanthaceae,Liparophyllum,Liparophyllum congestiflorum,7598700
tsakalos_2018_applvegsci,False,Calandrinia corrigioloides,Calandrinia corrigioloides,F.Muell. ex Benth.,Species,Synonym,2690577,Parakeelya corrigioloides,(F.Muell. ex Benth.) Hershk.,2574197,Montiaceae,exact,100,4022815,Parakeelya corrigioloides (F.Muell. ex Benth.) Hershk.,Parakeelya corrigioloides,(F.Muell. ex Benth.) Hershk.,SPECIES,SYNONYM,EXACT,100,11412088,Rumicastrum corrigioloides (F.Muell. ex Benth.) Carolin,(F.Muell. ex Benth.) Carolin,Plantae,Tracheophyta,Magnoliopsida,Caryophyllales,Montiaceae,Rumicastrum,Rumicastrum corrigioloides,11412088
tsakalos_2018_applvegsci,False,Calandrinia remota,Calandrinia remota,J.M.Black,Species,Synonym,2690745,Parakeelya remota,(J.M.Black) Hershk.,2574348,Montiaceae,exact,100,4022723,Parakeelya remota (J.M.Black) Hershk.,Parakeelya remota,(J.M.Black) Hershk.,SPECIES,SYNONYM,EXACT,100,11556330,Rumicastrum remotum (J.M.Black) Carolin,(J.M.Black) Carolin,Plantae,Tracheophyta,Magnoliopsida,Caryophyllales,Montiaceae,Rumicastrum,Rumicastrum remotum,11556330
inaturalist_eneabba,False,Apectospermum spinescens,Apectospermum spinescens,(Endl.) Peter G.Wilson,Species,Accepted,3301443,Apectospermum spinescens,(Endl.) Peter G.Wilson,3301443,Myrtaceae,exact,100,3181787,Leptospermum spinescens Endl.,Leptospermum spinescens,Endl.,SPECIES,ACCEPTED,EXACT,99,3181787,Leptospermum spinescens Endl.,Endl.,Plantae,Tracheophyta,Magnoliopsida,Myrtales,Myrtaceae,Leptospermum,Leptospermum spinescens,3181787
tsakalos_2018_applvegsci,False,Leptospermum spinescens,Leptospermum spinescens,Endl.,Species,Synonym,111503,Apectospermum spinescens,(Endl.) Peter G.Wilson,3301443,Myrtaceae,exact,100,3181787,Leptospermum spinescens Endl.,Leptospermum spinescens,Endl.,SPECIES,ACCEPTED,EXACT,99,3181787,Leptospermum spinescens Endl.,Endl.,Plantae,Tracheophyta,Magnoliopsida,Myrtales,Myrtaceae,Leptospermum,Leptospermum spinescens,3181787
tsakalos_2018_applvegsci,False,Babingtonia camphorosmae,Babingtonia camphorosmae,(Endl.) Lindl.,Species,Accepted,18542,Babingtonia camphorosmae,(Endl.) Lindl.,18542,Myrtaceae,exact,100,3173613,Babingtonia camphorosmae (Endl.) Lindl.,Babingtonia camphorosmae,(Endl.) Lindl.,SPECIES,ACCEPTED,EXACT,100,3173613,Babingtonia camphorosmae (Endl.) Lindl.,(Endl.) Lindl.,Plantae,Tracheophyta,Magnoliopsida,Myrtales,Myrtaceae,Babingtonia,Babingtonia camphorosmae,3173613
inaturalist_eneabba|tsakalos_2018_applvegsci,False,Babingtonia grandiflora,Babingtonia grandiflora,(Benth.) Rye,Species,Accepted,3289107,Babingtonia grandiflora,(Benth.) Rye,3289107,Myrtaceae,exact,100,9247960,Babingtonia grandiflora (Benth.) Rye,Babingtonia grandiflora,(Benth.) Rye,SPECIES,ACCEPTED,EXACT,100,9247960,Babingtonia grandiflora (Benth.) Rye,(Benth.) Rye,Plantae,Tracheophyta,Magnoliopsida,Myrtales,Myrtaceae,Babingtonia,Babingtonia grandiflora,9247960
dbca_2025_tpfl|tsakalos_2018_applvegsci,False,Calytrix chrysantha,Calytrix chrysantha,Craven,Species,Accepted,32814,Calytrix chrysantha,Craven,32814,Myrtaceae,exact,100,3185012,Calytrix chrysantha Craven,Calytrix chrysantha,Craven,SPECIES,ACCEPTED,EXACT,100,3185012,Calytrix chrysantha Craven,Craven,Plantae,Tracheophyta,Magnoliopsida,Myrtales,Myrtaceae,Calytrix,Calytrix chrysantha,3185012
tsakalos_2018_applvegsci,False,Calytrix depressa,Calytrix depressa,(Turcz.) Benth.,Species,Accepted,32824,Calytrix depressa,(Turcz.) Benth.,32824,Myrtaceae,exact,100,3184955,Calytrix depressa (Turcz.) Benth.,Calytrix depressa,(Turcz.) Benth.,SPECIES,ACCEPTED,EXACT,100,3184955,Calytrix depressa (Turcz.) Benth.,(Turcz.) Benth.,Plantae,Tracheophyta,Magnoliopsida,Myrtales,Myrtaceae,Calytrix,Calytrix depressa,3184955
dbca_2025_tpfl|tsakalos_2018_applvegsci,False,Calytrix eneabbensis,Calytrix eneabbensis,Craven,Species,Accepted,32832,Calytrix eneabbensis,Craven,32832,Myrtaceae,exact,100,3185024,Calytrix eneabbensis Craven,Calytrix eneabbensis,Craven,SPECIES,ACCEPTED,EXACT,100,3185024,Calytrix eneabbensis Craven,Craven,Plantae,Tracheophyta,Magnoliopsida,Myrtales,Myrtaceae,Calytrix,Calytrix eneabbensis,3185024
inaturalist_eneabba|tsakalos_2018_applvegsci,False,Calytrix flavescens,Calytrix flavescens,A.Cunn.,Species,Accepted,32837,Calytrix flavescens,A.Cunn.,32837,Myrtaceae,exact,100,3184896,Calytrix flavescens A.Cunn.,Calytrix flavescens,A.Cunn.,SPECIES,ACCEPTED,EXACT,100,3184896,Calytrix flavescens A.Cunn.,A.Cunn.,Plantae,Tracheophyta,Magnoliopsida,Myrtales,Myrtaceae,Calytrix,Calytrix flavescens,3184896
tsakalos_2018_applvegsci,False,Calytrix fraseri,Calytrix fraseri,A.Cunn.,Species,Accepted,32841,Calytrix fraseri,A.Cunn.,32841,Myrtaceae,exact,100,3184823,Calytrix fraseri A.Cunn.,Calytrix fraseri,A.Cunn.,SPECIES,ACCEPTED,EXACT,100,3184823,Calytrix fraseri A.Cunn.,A.Cunn.,Plantae,Tracheophyta,Magnoliopsida,Myrtales,Myrtaceae,Calytrix,Calytrix fraseri,3184823
tsakalos_2018_applvegsci,False,Calytrix gracilis,Calytrix gracilis,Benth.,Species,Accepted,32845,Calytrix gracilis,Benth.,32845,Myrtaceae,exact,100,3185029,Calytrix gracilis Benth.,Calytrix gracilis,Benth.,SPECIES,ACCEPTED,EXACT,100,3185029,Calytrix gracilis Benth.,Benth.,Plantae,Tracheophyta,Magnoliopsida,Myrtales,Myrtaceae,Calytrix,Calytrix gracilis,3185029
tsakalos_2018_applvegsci,False,Calytrix oldfieldii,Calytrix oldfieldii,Benth.,Species,Accepted,32869,Calytrix oldfieldii,Benth.,32869,Myrtaceae,exact,100,3185026,Calytrix oldfieldii Benth.,Calytrix oldfieldii,Benth.,SPECIES,ACCEPTED,EXACT,100,3185026,Calytrix oldfieldii Benth.,Benth.,Plantae,Tracheophyta,Magnoliopsida,Myrtales,Myrtaceae,Calytrix,Calytrix oldfieldii,3185026
tsakalos_2018_applvegsci,False,Calytrix sapphirina,Calytrix sapphirina,Lindl.,Species,Accepted,32881,Calytrix sapphirina,Lindl.,32881,Myrtaceae,exact,100,3184975,Calytrix sapphirina Lindl.,Calytrix sapphirina,Lindl.,SPECIES,ACCEPTED,EXACT,100,3184975,Calytrix sapphirina Lindl.,Lindl.,Plantae,Tracheophyta,Magnoliopsida,Myrtales,Myrtaceae,Calytrix,Calytrix sapphirina,3184975
tsakalos_2018_applvegsci,False,Calytrix strigosa,Calytrix strigosa,A.Cunn.,Species,Accepted,32891,Calytrix strigosa,A.Cunn.,32891,Myrtaceae,exact,100,3184833,Calytrix strigosa A.Cunn.,Calytrix strigosa,A.Cunn.,SPECIES,ACCEPTED,EXACT,100,3184833,Calytrix strigosa A.Cunn.,A.Cunn.,Plantae,Tracheophyta,Magnoliopsida,Myrtales,Myrtaceae,Calytrix,Calytrix strigosa,3184833
dbca_2025_tpfl|tsakalos_2018_applvegsci,False,Calytrix superba,Calytrix superba,C.A.Gardner & A.S.George,Species,Accepted,32893,Calytrix superba,C.A.Gardner & A.S.George,32893,Myrtaceae,exact,100,3184887,Calytrix superba C.A.Gardner & George,Calytrix superba,C.A.Gardner & George,SPECIES,ACCEPTED,EXACT,100,3184887,Calytrix superba C.A.Gardner & George,C.A.Gardner & George,Plantae,Tracheophyta,Magnoliopsida,Myrtales,Myrtaceae,Calytrix,Calytrix superba,3184887
inaturalist_eneabba|tsakalos_2018_applvegsci,False,Chamelaucium uncinatum,Chamelaucium uncinatum,Schauer,Species,Accepted,38331,Chamelaucium uncinatum,Schauer,38331,Myrtaceae,exact,100,3188340,Chamelaucium uncinatum Schauer,Chamelaucium uncinatum,Schauer,SPECIES,ACCEPTED,EXACT,100,3188340,Chamelaucium uncinatum Schauer,Schauer,Plantae,Tracheophyta,Magnoliopsida,Myrtales,Myrtaceae,Chamelaucium,Chamelaucium uncinatum,3188340
tsakalos_2018_applvegsci,False,Corymbia calophylla,Corymbia calophylla,(Lindl.) K.D.Hill & L.A.S.Johnson,Species,Accepted,47981,Corymbia calophylla,(Lindl.) K.D.Hill & L.A.S.Johnson,47981,Myrtaceae,exact,100,5418394,Corymbia calophylla (Lindl.) K.D.Hill & L.A.S.Johnson,Corymbia calophylla,(Lindl.) K.D.Hill & L.A.S.Johnson,SPECIES,ACCEPTED,EXACT,100,5418394,Corymbia calophylla (Lindl.) K.D.Hill & L.A.S.Johnson,(Lindl.) K.D.Hill & L.A.S.Johnson,Plantae,Tracheophyta,Magnoliopsida,Myrtales,Myrtaceae,Corymbia,Corymbia calophylla,5418394
inaturalist_eneabba|tsakalos_2018_applvegsci,False,Darwinia neildiana,Darwinia neildiana,F.Muell.,Species,Accepted,56515,Darwinia neildiana,F.Muell.,56515,Myrtaceae,exact,100,5418353,Darwinia neildiana F.Muell.,Darwinia neildiana,F.Muell.,SPECIES,ACCEPTED,EXACT,100,5418353,Darwinia neildiana F.Muell.,F.Muell.,Plantae,Tracheophyta,Magnoliopsida,Myrtales,Myrtaceae,Darwinia,Darwinia neildiana,5418353
tsakalos_2018_applvegsci,False,Darwinia pauciflora,Darwinia pauciflora,Benth.,Species,Accepted,56519,Darwinia pauciflora,Benth.,56519,Myrtaceae,exact,100,5418329,Darwinia pauciflora Benth.,Darwinia pauciflora,Benth.,SPECIES,ACCEPTED,EXACT,100,5418329,Darwinia pauciflora Benth.,Benth.,Plantae,Tracheophyta,Magnoliopsida,Myrtales,Myrtaceae,Darwinia,Darwinia pauciflora,5418329
inaturalist_eneabba|tsakalos_2018_applvegsci,False,Darwinia sanguinea,Darwinia sanguinea,(Meisn.) Benth.,Species,Accepted,56530,Darwinia sanguinea,(Meisn.) Benth.,56530,Myrtaceae,exact,100,5418338,Darwinia sanguinea (Meisn.) Benth.,Darwinia sanguinea,(Meisn.) Benth.,SPECIES,ACCEPTED,EXACT,100,5418338,Darwinia sanguinea (Meisn.) Benth.,(Meisn.) Benth.,Plantae,Tracheophyta,Magnoliopsida,Myrtales,Myrtaceae,Darwinia,Darwinia sanguinea,5418338
inaturalist_eneabba|tsakalos_2018_applvegsci,False,Darwinia speciosa,Darwinia speciosa,(Meisn.) Benth.,Species,Accepted,56533,Darwinia speciosa,(Meisn.) Benth.,56533,Myrtaceae,exact,100,5418324,Darwinia speciosa (Meisn.) Benth.,Darwinia speciosa,(Meisn.) Benth.,SPECIES,ACCEPTED,EXACT,100,5418324,Darwinia speciosa (Meisn.) Benth.,(Meisn.) Benth.,Plantae,Tracheophyta,Magnoliopsida,Myrtales,Myrtaceae,Darwinia,Darwinia speciosa,5418324
tsakalos_2018_applvegsci,False,Ericomyrtus serpyllifolia,Ericomyrtus serpyllifolia,(Turcz.) Rye,Species,Accepted,496665,Ericomyrtus serpyllifolia,(Turcz.) Rye,496665,Myrtaceae,exact,100,9437845,Ericomyrtus serpyllifolia (Turcz.) Rye,Ericomyrtus serpyllifolia,(Turcz.) Rye,SPECIES,ACCEPTED,EXACT,100,9437845,Ericomyrtus serpyllifolia (Turcz.) Rye,(Turcz.) Rye,Plantae,Tracheophyta,Magnoliopsida,Myrtales,Myrtaceae,Ericomyrtus,Ericomyrtus serpyllifolia,9437845
inaturalist_eneabba|tsakalos_2018_applvegsci,False,Eucalyptus accedens,Eucalyptus accedens,W.Fitzg.,Species,Accepted,72374,Eucalyptus accedens,W.Fitzg.,72374,Myrtaceae,exact,100,3176604,Eucalyptus accedens Fitzg.,Eucalyptus accedens,Fitzg.,SPECIES,ACCEPTED,EXACT,100,3176604,Eucalyptus accedens Fitzg.,Fitzg.,Plantae,Tracheophyta,Magnoliopsida,Myrtales,Myrtaceae,Eucalyptus,Eucalyptus accedens,3176604
inaturalist_eneabba,False,Eucalyptus camaldulensis,Eucalyptus camaldulensis,Dehnh.,Species,Accepted,72616,Eucalyptus camaldulensis,Dehnh.,72616,Myrtaceae,exact,100,3176197,Eucalyptus camaldulensis Dehn.,Eucalyptus camaldulensis,Dehn.,SPECIES,DOUBTFUL,EXACT,100,3176197,Eucalyptus camaldulensis Dehn.,Dehn.,Plantae,Tracheophyta,Magnoliopsida,Myrtales,Myrtaceae,Eucalyptus,Eucalyptus camaldulensis,3176197
inaturalist_eneabba|tsakalos_2018_applvegsci,False,Eucalyptus drummondii,Eucalyptus drummondii,Benth.,Species,Accepted,72857,Eucalyptus drummondii,Benth.,72857,Myrtaceae,exact,100,3176648,Eucalyptus drummondii Benth.,Eucalyptus drummondii,Benth.,SPECIES,ACCEPTED,EXACT,100,3176648,Eucalyptus drummondii Benth.,Benth.,Plantae,Tracheophyta,Magnoliopsida,Myrtales,Myrtaceae,Eucalyptus,Eucalyptus drummondii,3176648
tsakalos_2018_applvegsci,False,Eucalyptus erythrocorys,Eucalyptus erythrocorys,F.Muell.,Species,Accepted,72898,Eucalyptus erythrocorys,F.Muell.,72898,Myrtaceae,exact,100,3176896,Eucalyptus erythrocorys F.Muell.,Eucalyptus erythrocorys,F.Muell.,SPECIES,ACCEPTED,EXACT,100,3176896,Eucalyptus erythrocorys F.Muell.,F.Muell.,Plantae,Tracheophyta,Magnoliopsida,Myrtales,Myrtaceae,Eucalyptus,Eucalyptus erythrocorys,3176896
tsakalos_2018_applvegsci,False,Eucalyptus gittinsii subsp. illucida,Eucalyptus gittinsii subsp. illucida,D.Nicolle,Subspecies,Accepted,72998,Eucalyptus gittinsii subsp. illucida,D.Nicolle,72998,Myrtaceae,exact,100,3716732,Eucalyptus gittinsii subsp. illucida D.Nicolle,Eucalyptus gittinsii illucida,D.Nicolle,SUBSPECIES,ACCEPTED,EXACT,100,3716732,Eucalyptus gittinsii subsp. illucida D.Nicolle,D.Nicolle,Plantae,Tracheophyta,Magnoliopsida,Myrtales,Myrtaceae,Eucalyptus,Eucalyptus gittinsii,3177327
dbca_2025_tpfl,False,Eucalyptus johnsoniana,Eucalyptus johnsoniana,Brooker & Blaxell,Species,Accepted,73159,Eucalyptus johnsoniana,Brooker & Blaxell,73159,Myrtaceae,exact,100,3177082,Eucalyptus johnsoniana Brooker & Blaxell,Eucalyptus johnsoniana,Brooker & Blaxell,SPECIES,ACCEPTED,EXACT,100,3177082,Eucalyptus johnsoniana Brooker & Blaxell,Brooker & Blaxell,Plantae,Tracheophyta,Magnoliopsida,Myrtales,Myrtaceae,Eucalyptus,Eucalyptus johnsoniana,3177082
tsakalos_2018_applvegsci,False,Eucalyptus jucunda,Eucalyptus jucunda,C.A.Gardner,Species,Accepted,73162,Eucalyptus jucunda,C.A.Gardner,73162,Myrtaceae,exact,100,3176236,Eucalyptus jucunda C.A.Gardner,Eucalyptus jucunda,C.A.Gardner,SPECIES,ACCEPTED,EXACT,100,3176236,Eucalyptus jucunda C.A.Gardner,C.A.Gardner,Plantae,Tracheophyta,Magnoliopsida,Myrtales,Myrtaceae,Eucalyptus,Eucalyptus jucunda,3176236
inaturalist_eneabba,False,Eucalyptus macrocarpa,Eucalyptus macrocarpa,Hook.,Species,Accepted,73306,Eucalyptus macrocarpa,Hook.,73306,Myrtaceae,exact,100,3176430,Eucalyptus macrocarpa Hook.,Eucalyptus macrocarpa,Hook.,SPECIES,ACCEPTED,EXACT,100,3176430,Eucalyptus macrocarpa Hook.,Hook.,Plantae,Tracheophyta,Magnoliopsida,Myrtales,Myrtaceae,Eucalyptus,Eucalyptus macrocarpa,3176430
dbca_2025_tpfl|tsakalos_2018_applvegsci,False,Eucalyptus macrocarpa subsp. elachantha,Eucalyptus macrocarpa subsp. elachantha,Brooker & Hopper,Subspecies,Accepted,73307,Eucalyptus macrocarpa subsp. elachantha,Brooker & Hopper,73307,Myrtaceae,exact,100,3716375,Eucalyptus macrocarpa subsp. elachantha Brooker & Hopper,Eucalyptus macrocarpa elachantha,Brooker & Hopper,SUBSPECIES,ACCEPTED,EXACT,100,3716375,Eucalyptus macrocarpa subsp. elachantha Brooker & Hopper,Brooker & Hopper,Plantae,Tracheophyta,Magnoliopsida,Myrtales,Myrtaceae,Eucalyptus,Eucalyptus macrocarpa,3176430
inaturalist_eneabba|riviera_2021_restecol|tsakalos_2018_applvegsci,False,Eucalyptus pleurocarpa,Eucalyptus pleurocarpa,Schauer,Species,Accepted,73664,Eucalyptus pleurocarpa,Schauer,73664,Myrtaceae,exact,100,3177078,Eucalyptus pleurocarpa Schauer,Eucalyptus pleurocarpa,Schauer,SPECIES,SYNONYM,EXACT,100,3176512,Eucalyptus tetragona (R.Br.) F.Muell.,(R.Br.) F.Muell.,Plantae,Tracheophyta,Magnoliopsida,Myrtales,Myrtaceae,Eucalyptus,Eucalyptus tetragona,3176512
inaturalist_eneabba,False,Eucalyptus suberea,Eucalyptus suberea,Brooker & Hopper,Species,Accepted,73974,Eucalyptus suberea,Brooker & Hopper,73974,Myrtaceae,exact,100,3176682,Eucalyptus suberea Brooker & Hopper,Eucalyptus suberea,Brooker & Hopper,SPECIES,ACCEPTED,EXACT,100,3176682,Eucalyptus suberea Brooker & Hopper,Brooker & Hopper,Plantae,Tracheophyta,Magnoliopsida,Myrtales,Myrtaceae,Eucalyptus,Eucalyptus suberea,3176682
inaturalist_eneabba|tsakalos_2018_applvegsci,False,Eucalyptus todtiana,Eucalyptus todtiana,F.Muell.,Species,Accepted,74039,Eucalyptus todtiana,F.Muell.,74039,Myrtaceae,exact,100,3176386,Eucalyptus todtiana F.Muell.,Eucalyptus todtiana,F.Muell.,SPECIES,ACCEPTED,EXACT,100,3176386,Eucalyptus todtiana F.Muell.,F.Muell.,Plantae,Tracheophyta,Magnoliopsida,Myrtales,Myrtaceae,Eucalyptus,Eucalyptus todtiana,3176386
tsakalos_2018_applvegsci,False,Hypocalymma angustifolium,Hypocalymma angustifolium,(Endl.) S.Schauer,Species,Accepted,101481,Hypocalymma angustifolium,(Endl.) S.Schauer,101481,Myrtaceae,exact,100,3186716,Hypocalymma angustifolium Schauer,Hypocalymma angustifolium,Schauer,SPECIES,ACCEPTED,EXACT,100,3186716,Hypocalymma angustifolium Schauer,Schauer,Plantae,Tracheophyta,Magnoliopsida,Myrtales,Myrtaceae,Hypocalymma,Hypocalymma angustifolium,3186716
tsakalos_2018_applvegsci,False,Hypocalymma gardneri,Hypocalymma gardneri,Strid & Keighery,Species,Accepted,216926,Hypocalymma gardneri,Strid & Keighery,216926,Myrtaceae,exact,100,3186700,Hypocalymma gardneri Strid & Keighery,Hypocalymma gardneri,Strid & Keighery,SPECIES,ACCEPTED,EXACT,100,3186700,Hypocalymma gardneri Strid & Keighery,Strid & Keighery,Plantae,Tracheophyta,Magnoliopsida,Myrtales,Myrtaceae,Hypocalymma,Hypocalymma gardneri,3186700
tsakalos_2018_applvegsci,False,Hypocalymma hirsutum,Hypocalymma hirsutum,Strid & Keighery,Species,Accepted,216927,Hypocalymma hirsutum,Strid & Keighery,216927,Myrtaceae,exact,100,3186740,Hypocalymma hirsutum Strid & Keighery,Hypocalymma hirsutum,Strid & Keighery,SPECIES,ACCEPTED,EXACT,100,3186740,Hypocalymma hirsutum Strid & Keighery,Strid & Keighery,Plantae,Tracheophyta,Magnoliopsida,Myrtales,Myrtaceae,Hypocalymma,Hypocalymma hirsutum,3186740
tsakalos_2018_applvegsci,False,Hypocalymma xanthopetalum,Hypocalymma xanthopetalum,F.Muell.,Species,Accepted,101512,Hypocalymma xanthopetalum,F.Muell.,101512,Myrtaceae,exact,100,3186702,Hypocalymma xanthopetalum F.Muell.,Hypocalymma xanthopetalum,F.Muell.,SPECIES,ACCEPTED,EXACT,100,3186702,Hypocalymma xanthopetalum F.Muell.,F.Muell.,Plantae,Tracheophyta,Magnoliopsida,Myrtales,Myrtaceae,Hypocalymma,Hypocalymma xanthopetalum,3186702
tsakalos_2018_applvegsci,False,Kunzea micrantha subsp. petiolata,Kunzea micrantha subsp. petiolata,Toelken,Subspecies,Accepted,106557,Kunzea micrantha subsp. petiolata,Toelken,106557,Myrtaceae,exact,100,5419973,Kunzea micrantha subsp. petiolata Toelken,Kunzea micrantha petiolata,Toelken,SUBSPECIES,ACCEPTED,EXACT,100,5419973,Kunzea micrantha subsp. petiolata Toelken,Toelken,Plantae,Tracheophyta,Magnoliopsida,Myrtales,Myrtaceae,Kunzea,Kunzea micrantha,5419971
inaturalist_eneabba,False,Leptospermopsis oligandra,Leptospermopsis oligandra,(Turcz.) Peter G.Wilson,Species,Accepted,3306328,Leptospermopsis oligandra,(Turcz.) Peter G.Wilson,3306328,Myrtaceae,exact,100,3181696,,,,,,higherrank_only,,,,,,,,,,,,
tsakalos_2018_applvegsci,False,Leptospermum oligandrum,Leptospermum oligandrum,Turcz.,Species,Synonym,111407,Leptospermopsis oligandra,(Turcz.) Peter G.Wilson,3306328,Myrtaceae,exact,100,3181696,,,,,,higherrank_only,,,,,,,,,,,,
dbca_2025_tpfl,False,Calothamnus arcuatus,Calothamnus arcuatus,A.S.George,Species,Synonym,462539,Melaleuca arcuata,(A.S.George) Craven & R.D.Edwards,491473,Myrtaceae,exact,100,9627060,Melaleuca arcuata (A.S.George) Craven & R.D.Edwards,Melaleuca arcuata,(A.S.George) Craven & R.D.Edwards,SPECIES,ACCEPTED,EXACT,100,9627060,Melaleuca arcuata (A.S.George) Craven & R.D.Edwards,(A.S.George) Craven & R.D.Edwards,Plantae,Tracheophyta,Magnoliopsida,Myrtales,Myrtaceae,Melaleuca,Melaleuca arcuata,9627060
tsakalos_2018_applvegsci,False,Melaleuca aspalathoides,Melaleuca aspalathoides,Schauer,Species,Accepted,123501,Melaleuca aspalathoides,Schauer,123501,Myrtaceae,exact,100,5416043,Melaleuca aspalathoides Schauer,Melaleuca aspalathoides,Schauer,SPECIES,ACCEPTED,EXACT,100,5416043,Melaleuca aspalathoides Schauer,Schauer,Plantae,Tracheophyta,Magnoliopsida,Myrtales,Myrtaceae,Melaleuca,Melaleuca aspalathoides,5416043
riviera_2021_restecol|tsakalos_2018_applvegsci,False,Eremaea beaufortioides,Eremaea beaufortioides,Benth.,Species,Synonym,70638,Melaleuca beaufortioides,(Benth.) Craven & R.D.Edwards,491538,Myrtaceae,exact,100,9273812,Melaleuca beaufortioides (Benth.) Craven & R.D.Edwards,Melaleuca beaufortioides,(Benth.) Craven & R.D.Edwards,SPECIES,ACCEPTED,EXACT,100,9273812,Melaleuca beaufortioides (Benth.) Craven & R.D.Edwards,(Benth.) Craven & R.D.Edwards,Plantae,Tracheophyta,Magnoliopsida,Myrtales,Myrtaceae,Melaleuca,Melaleuca beaufortioides,9273812
inaturalist_eneabba,False,Melaleuca blepharosperma,Melaleuca blepharosperma,(F.Muell.) Craven & R.D.Edwards,Species,Accepted,491483,Melaleuca blepharosperma,(F.Muell.) Craven & R.D.Edwards,491483,Myrtaceae,exact,100,9233597,Melaleuca blepharosperma (F.Muell.) Craven & R.D.Edwards,Melaleuca blepharosperma,(F.Muell.) Craven & R.D.Edwards,SPECIES,ACCEPTED,EXACT,100,9233597,Melaleuca blepharosperma (F.Muell.) Craven & R.D.Edwards,(F.Muell.) Craven & R.D.Edwards,Plantae,Tracheophyta,Magnoliopsida,Myrtales,Myrtaceae,Melaleuca,Melaleuca blepharosperma,9233597
tsakalos_2018_applvegsci,False,Melaleuca cardiophylla,Melaleuca cardiophylla,F.Muell.,Species,Accepted,123543,Melaleuca cardiophylla,F.Muell.,123543,Myrtaceae,exact,100,5416048,Melaleuca cardiophylla F.Muell.,Melaleuca cardiophylla,F.Muell.,SPECIES,ACCEPTED,EXACT,100,5416048,Melaleuca cardiophylla F.Muell.,F.Muell.,Plantae,Tracheophyta,Magnoliopsida,Myrtales,Myrtaceae,Melaleuca,Melaleuca cardiophylla,5416048
tsakalos_2018_applvegsci,False,Melaleuca ciliosa,Melaleuca ciliosa,Turcz.,Species,Accepted,123551,Melaleuca ciliosa,Turcz.,123551,Myrtaceae,exact,100,5415863,Melaleuca ciliosa Turcz.,Melaleuca ciliosa,Turcz.,SPECIES,ACCEPTED,EXACT,100,5415863,Melaleuca ciliosa Turcz.,Turcz.,Plantae,Tracheophyta,Magnoliopsida,Myrtales,Myrtaceae,Melaleuca,Melaleuca ciliosa,5415863
tsakalos_2018_applvegsci,False,Melaleuca concreta,Melaleuca concreta,F.Muell.,Species,Accepted,123564,Melaleuca concreta,F.Muell.,123564,Myrtaceae,exact,100,5416077,Melaleuca concreta F.Muell.,Melaleuca concreta,F.Muell.,SPECIES,ACCEPTED,EXACT,100,5416077,Melaleuca concreta F.Muell.,F.Muell.,Plantae,Tracheophyta,Magnoliopsida,Myrtales,Myrtaceae,Melaleuca,Melaleuca concreta,5416077
tsakalos_2018_applvegsci,False,Conothamnus trinervis,Conothamnus trinervis,Lindl.,Species,Synonym,46653,Melaleuca cuspidata,Turcz.,123590,Myrtaceae,exact,100,5419968,Melaleuca cuspidata Turcz.,Melaleuca cuspidata,Turcz.,SPECIES,SYNONYM,EXACT,100,9284326,Melaleuca cowleyae Craven & R.D.Edwards,Craven & R.D.Edwards,Plantae,Tracheophyta,Magnoliopsida,Myrtales,Myrtaceae,Melaleuca,Melaleuca cowleyae,9284326
inaturalist_eneabba,False,Melaleuca cuspidata,Melaleuca cuspidata,Turcz.,Species,Accepted,123590,Melaleuca cuspidata,Turcz.,123590,Myrtaceae,exact,100,5419968,Melaleuca cuspidata Turcz.,Melaleuca cuspidata,Turcz.,SPECIES,SYNONYM,EXACT,100,9284326,Melaleuca cowleyae Craven & R.D.Edwards,Craven & R.D.Edwards,Plantae,Tracheophyta,Magnoliopsida,Myrtales,Myrtaceae,Melaleuca,Melaleuca cowleyae,9284326
tsakalos_2018_applvegsci,False,Eremaea ectadioclada,Eremaea ectadioclada,Hnatiuk,Species,Synonym,70649,Melaleuca ectadioclada,(Hnatiuk) Craven & R.D.Edwards,491580,Myrtaceae,exact,100,9444927,Melaleuca ectadioclada (Hnatiuk) Craven & R.D.Edwards,Melaleuca ectadioclada,(Hnatiuk) Craven & R.D.Edwards,SPECIES,ACCEPTED,EXACT,100,9444927,Melaleuca ectadioclada (Hnatiuk) Craven & R.D.Edwards,(Hnatiuk) Craven & R.D.Edwards,Plantae,Tracheophyta,Magnoliopsida,Myrtales,Myrtaceae,Melaleuca,Melaleuca ectadioclada,9444927
inaturalist_eneabba,False,Melaleuca ectadioclada,Melaleuca ectadioclada,(Hnatiuk) Craven & R.D.Edwards,Species,Accepted,491580,Melaleuca ectadioclada,(Hnatiuk) Craven & R.D.Edwards,491580,Myrtaceae,exact,100,9444927,Melaleuca ectadioclada (Hnatiuk) Craven & R.D.Edwards,Melaleuca ectadioclada,(Hnatiuk) Craven & R.D.Edwards,SPECIES,ACCEPTED,EXACT,100,9444927,Melaleuca ectadioclada (Hnatiuk) Craven & R.D.Edwards,(Hnatiuk) Craven & R.D.Edwards,Plantae,Tracheophyta,Magnoliopsida,Myrtales,Myrtaceae,Melaleuca,Melaleuca ectadioclada,9444927
tsakalos_2018_applvegsci,False,Calothamnus sanguineus,Calothamnus sanguineus,Labill.,Species,Synonym,31951,Melaleuca eriocarpa,(Lindl.) ined.,494705,Myrtaceae,exact,100,10924797,Melaleuca eriocarpa (Lindl.),Melaleuca eriocarpa,(Lindl.) ,SPECIES,SYNONYM,EXACT,100,9242924,Melaleuca cruenta Craven & R.D.Edwards,Craven & R.D.Edwards,Plantae,Tracheophyta,Magnoliopsida,Myrtales,Myrtaceae,Melaleuca,Melaleuca cruenta,9242924
inaturalist_eneabba,False,Melaleuca eriocarpa,Melaleuca eriocarpa,(Lindl.) ined.,Species,Accepted,494705,Melaleuca eriocarpa,(Lindl.) ined.,494705,Myrtaceae,exact,100,10924797,Melaleuca eriocarpa (Lindl.),Melaleuca eriocarpa,(Lindl.) ,SPECIES,SYNONYM,EXACT,100,9242924,Melaleuca cruenta Craven & R.D.Edwards,Craven & R.D.Edwards,Plantae,Tracheophyta,Magnoliopsida,Myrtales,Myrtaceae,Melaleuca,Melaleuca cruenta,9242924
tsakalos_2018_applvegsci,False,Calothamnus glaber,Calothamnus glaber,(Benth.) Hawkeswood ex A.S.George,Species,Synonym,462783,Melaleuca glabra,(Benth.) Craven & R.D.Edwards,491498,Myrtaceae,exact,100,9558670,Melaleuca glabra (Benth.) Craven & R.D.Edwards,Melaleuca glabra,(Benth.) Craven & R.D.Edwards,SPECIES,ACCEPTED,EXACT,100,9558670,Melaleuca glabra (Benth.) Craven & R.D.Edwards,(Benth.) Craven & R.D.Edwards,Plantae,Tracheophyta,Magnoliopsida,Myrtales,Myrtaceae,Melaleuca,Melaleuca glabra,9558670
tsakalos_2018_applvegsci,False,Beaufortia bracteosa,Beaufortia bracteosa,Diels,Species,Synonym,20214,Melaleuca glumacea,Craven & R.D.Edwards,491462,Myrtaceae,exact,100,9354343,Melaleuca glumacea Craven & R.D.Edwards,Melaleuca glumacea,Craven & R.D.Edwards,SPECIES,ACCEPTED,EXACT,100,9354343,Melaleuca glumacea Craven & R.D.Edwards,Craven & R.D.Edwards,Plantae,Tracheophyta,Magnoliopsida,Myrtales,Myrtaceae,Melaleuca,Melaleuca glumacea,9354343
inaturalist_eneabba,False,Melaleuca glumacea,Melaleuca glumacea,Craven & R.D.Edwards,Species,Accepted,491462,Melaleuca glumacea,Craven & R.D.Edwards,491462,Myrtaceae,exact,100,9354343,Melaleuca glumacea Craven & R.D.Edwards,Melaleuca glumacea,Craven & R.D.Edwards,SPECIES,ACCEPTED,EXACT,100,9354343,Melaleuca glumacea Craven & R.D.Edwards,Craven & R.D.Edwards,Plantae,Tracheophyta,Magnoliopsida,Myrtales,Myrtaceae,Melaleuca,Melaleuca glumacea,9354343
tsakalos_2018_applvegsci,False,Melaleuca hamata,Melaleuca hamata,Fielding & Gardner,Species,Accepted,123685,Melaleuca hamata,Fielding & Gardner,123685,Myrtaceae,exact,100,5415770,Melaleuca hamata Fielding & G.A.Gardner,Melaleuca hamata,Fielding & G.A.Gardner,SPECIES,ACCEPTED,EXACT,100,5415770,Melaleuca hamata Fielding & G.A.Gardner,Fielding & G.A.Gardner,Plantae,Tracheophyta,Magnoliopsida,Myrtales,Myrtaceae,Melaleuca,Melaleuca hamata,5415770
tsakalos_2018_applvegsci,False,Melaleuca hamulosa,Melaleuca hamulosa,Turcz.,Species,Accepted,123686,Melaleuca hamulosa,Turcz.,123686,Myrtaceae,exact,100,5415761,Melaleuca hamulosa Turcz.,Melaleuca hamulosa,Turcz.,SPECIES,ACCEPTED,EXACT,100,5415761,Melaleuca hamulosa Turcz.,Turcz.,Plantae,Tracheophyta,Magnoliopsida,Myrtales,Myrtaceae,Melaleuca,Melaleuca hamulosa,5415761
tsakalos_2018_applvegsci,False,Calothamnus hirsutus,Calothamnus hirsutus,Hawkeswood,Species,Synonym,31924,Melaleuca hirsuta,(Hawkeswood) Craven & R.D.Edwards,491495,Myrtaceae,exact,100,9370507,Melaleuca hirsuta (Hawkeswood) Craven & R.D.Edwards,Melaleuca hirsuta,(Hawkeswood) Craven & R.D.Edwards,SPECIES,ACCEPTED,EXACT,100,9370507,Melaleuca hirsuta (Hawkeswood) Craven & R.D.Edwards,(Hawkeswood) Craven & R.D.Edwards,Plantae,Tracheophyta,Magnoliopsida,Myrtales,Myrtaceae,Melaleuca,Melaleuca hirsuta,9370507
tsakalos_2018_applvegsci,False,Melaleuca huegelii subsp. huegelii,Melaleuca huegelii subsp. huegelii,nan,Subspecies,Accepted,123695,Melaleuca huegelii subsp. huegelii,nan,123695,Myrtaceae,exact,100,7223992,Melaleuca huegelii subsp. huegelii,Melaleuca huegelii huegelii,,SUBSPECIES,ACCEPTED,EXACT,99,7223992,Melaleuca huegelii subsp. huegelii,,Plantae,Tracheophyta,Magnoliopsida,Myrtales,Myrtaceae,Melaleuca,Melaleuca huegelii,5416080
tsakalos_2018_applvegsci,False,Eremaea violacea,Eremaea violacea,F.Muell.,Species,Synonym,70662,Melaleuca kybeliona,Craven & R.D.Edwards,491582,Myrtaceae,exact,100,9426806,Melaleuca kybeliona Craven & R.D.Edwards,Melaleuca kybeliona,Craven & R.D.Edwards,SPECIES,ACCEPTED,EXACT,100,9426806,Melaleuca kybeliona Craven & R.D.Edwards,Craven & R.D.Edwards,Plantae,Tracheophyta,Magnoliopsida,Myrtales,Myrtaceae,Melaleuca,Melaleuca kybeliona,9426806
inaturalist_eneabba,False,Melaleuca kybeliona,Melaleuca kybeliona,Craven & R.D.Edwards,Species,Accepted,491582,Melaleuca kybeliona,Craven & R.D.Edwards,491582,Myrtaceae,exact,100,9426806,Melaleuca kybeliona Craven & R.D.Edwards,Melaleuca kybeliona,Craven & R.D.Edwards,SPECIES,ACCEPTED,EXACT,100,9426806,Melaleuca kybeliona Craven & R.D.Edwards,Craven & R.D.Edwards,Plantae,Tracheophyta,Magnoliopsida,Myrtales,Myrtaceae,Melaleuca,Melaleuca kybeliona,9426806
tsakalos_2018_applvegsci,False,Melaleuca lateriflora,Melaleuca lateriflora,Benth.,Species,Accepted,123725,Melaleuca lateriflora,Benth.,123725,Myrtaceae,exact,100,5415824,Melaleuca lateriflora Benth.,Melaleuca lateriflora,Benth.,SPECIES,ACCEPTED,EXACT,100,5415824,Melaleuca lateriflora Benth.,Benth.,Plantae,Tracheophyta,Magnoliopsida,Myrtales,Myrtaceae,Melaleuca,Melaleuca lateriflora,5415824
riviera_2021_restecol,False,Melaleuca leuopoma agg.,Melaleuca leuropoma,Craven,Species,Accepted,123748,Melaleuca leuropoma,Craven,123748,Myrtaceae,fuzzy,97,5415873,Melaleuca leuropoma Craven,Melaleuca leuropoma,Craven,SPECIES,ACCEPTED,EXACT,100,5415873,Melaleuca leuropoma Craven,Craven,Plantae,Tracheophyta,Magnoliopsida,Myrtales,Myrtaceae,Melaleuca,Melaleuca leuropoma,5415873
tsakalos_2018_applvegsci,False,Melaleuca leuropoma,Melaleuca leuropoma,Craven,Species,Accepted,123748,Melaleuca leuropoma,Craven,123748,Myrtaceae,exact,100,5415873,Melaleuca leuropoma Craven,Melaleuca leuropoma,Craven,SPECIES,ACCEPTED,EXACT,100,5415873,Melaleuca leuropoma Craven,Craven,Plantae,Tracheophyta,Magnoliopsida,Myrtales,Myrtaceae,Melaleuca,Melaleuca leuropoma,5415873
tsakalos_2018_applvegsci,False,Calothamnus longissimus,Calothamnus longissimus,F.Muell.,Species,Synonym,31935,Melaleuca longissima,(F.Muell.) Craven & R.D.Edwards,491475,Myrtaceae,exact,100,9494884,Melaleuca longissima (F.Muell.) Craven & R.D.Edwards,Melaleuca longissima,(F.Muell.) Craven & R.D.Edwards,SPECIES,ACCEPTED,EXACT,100,9494884,Melaleuca longissima (F.Muell.) Craven & R.D.Edwards,(F.Muell.) Craven & R.D.Edwards,Plantae,Tracheophyta,Magnoliopsida,Myrtales,Myrtaceae,Melaleuca,Melaleuca longissima,9494884
tsakalos_2018_applvegsci,False,Melaleuca marginata,Melaleuca marginata,"(Sond.) Hislop, Lepschi & Craven",Species,Accepted,473785,Melaleuca marginata,"(Sond.) Hislop, Lepschi & Craven",473785,Myrtaceae,exact,100,9618931,"Melaleuca marginata (Sond.) Hislop, Lepschi & Craven",Melaleuca marginata,"(Sond.) Hislop, Lepschi & Craven",SPECIES,ACCEPTED,EXACT,100,9618931,"Melaleuca marginata (Sond.) Hislop, Lepschi & Craven","(Sond.) Hislop, Lepschi & Craven",Plantae,Tracheophyta,Magnoliopsida,Myrtales,Myrtaceae,Melaleuca,Melaleuca marginata,9618931
inaturalist_eneabba,False,Melaleuca orbicularis,Melaleuca orbicularis,Craven,Species,Accepted,123799,Melaleuca orbicularis,Craven,123799,Myrtaceae,exact,100,5416142,Melaleuca orbicularis Craven,Melaleuca orbicularis,Craven,SPECIES,ACCEPTED,EXACT,100,5416142,Melaleuca orbicularis Craven,Craven,Plantae,Tracheophyta,Magnoliopsida,Myrtales,Myrtaceae,Melaleuca,Melaleuca orbicularis,5416142
tsakalos_2018_applvegsci,False,Eremaea pauciflora,Eremaea pauciflora,(Endl.) Druce,Species,Synonym,70654,Melaleuca pilosa var. pilosa,nan,70657,Myrtaceae,exact,100,10977928,Melaleuca pilosa var. pilosa,Melaleuca pilosa pilosa,,VARIETY,SYNONYM,EXACT,98,9263926,Melaleuca rariflora Craven & R.D.Edwards,Craven & R.D.Edwards,Plantae,Tracheophyta,Magnoliopsida,Myrtales,Myrtaceae,Melaleuca,Melaleuca rariflora,9263926
tsakalos_2018_applvegsci,False,Melaleuca platycalyx,Melaleuca platycalyx,Diels,Species,Accepted,123836,Melaleuca platycalyx,Diels,123836,Myrtaceae,exact,100,5415818,Melaleuca platycalyx Diels,Melaleuca platycalyx,Diels,SPECIES,ACCEPTED,EXACT,100,5415818,Melaleuca platycalyx Diels,Diels,Plantae,Tracheophyta,Magnoliopsida,Myrtales,Myrtaceae,Melaleuca,Melaleuca platycalyx,5415818
inaturalist_eneabba,False,Melaleuca porphyrocephala,Melaleuca porphyrocephala,(F.Muell.) Craven & R.D.Edwards,Species,Accepted,491565,Melaleuca porphyrocephala,(F.Muell.) Craven & R.D.Edwards,491565,Myrtaceae,exact,100,9434147,Melaleuca porphyrocephala (F.Muell.) Craven & R.D.Edwards,Melaleuca porphyrocephala,(F.Muell.) Craven & R.D.Edwards,SPECIES,ACCEPTED,EXACT,100,9434147,Melaleuca porphyrocephala (F.Muell.) Craven & R.D.Edwards,(F.Muell.) Craven & R.D.Edwards,Plantae,Tracheophyta,Magnoliopsida,Myrtales,Myrtaceae,Melaleuca,Melaleuca porphyrocephala,9434147
tsakalos_2018_applvegsci,False,Phymatocarpus porphyrocephalus,Phymatocarpus porphyrocephalus,F.Muell.,Species,Synonym,155713,Melaleuca porphyrocephala,(F.Muell.) Craven & R.D.Edwards,491565,Myrtaceae,exact,100,9434147,Melaleuca porphyrocephala (F.Muell.) Craven & R.D.Edwards,Melaleuca porphyrocephala,(F.Muell.) Craven & R.D.Edwards,SPECIES,ACCEPTED,EXACT,100,9434147,Melaleuca porphyrocephala (F.Muell.) Craven & R.D.Edwards,(F.Muell.) Craven & R.D.Edwards,Plantae,Tracheophyta,Magnoliopsida,Myrtales,Myrtaceae,Melaleuca,Melaleuca porphyrocephala,9434147
tsakalos_2018_applvegsci,False,Calothamnus quadrifidus,Calothamnus quadrifidus,R.Br.,Species,Synonym,31948,Melaleuca quadrifida,(R.Br.) Craven & R.D.Edwards,491481,Myrtaceae,exact,100,9498040,Melaleuca quadrifida (R.Br.) Craven & R.D.Edwards,Melaleuca quadrifida,(R.Br.) Craven & R.D.Edwards,SPECIES,ACCEPTED,EXACT,100,9498040,Melaleuca quadrifida (R.Br.) Craven & R.D.Edwards,(R.Br.) Craven & R.D.Edwards,Plantae,Tracheophyta,Magnoliopsida,Myrtales,Myrtaceae,Melaleuca,Melaleuca quadrifida,9498040
inaturalist_eneabba,False,Melaleuca quadrifida,Melaleuca quadrifida,(R.Br.) Craven & R.D.Edwards,Species,Accepted,491481,Melaleuca quadrifida,(R.Br.) Craven & R.D.Edwards,491481,Myrtaceae,exact,100,9498040,Melaleuca quadrifida (R.Br.) Craven & R.D.Edwards,Melaleuca quadrifida,(R.Br.) Craven & R.D.Edwards,SPECIES,ACCEPTED,EXACT,100,9498040,Melaleuca quadrifida (R.Br.) Craven & R.D.Edwards,(R.Br.) Craven & R.D.Edwards,Plantae,Tracheophyta,Magnoliopsida,Myrtales,Myrtaceae,Melaleuca,Melaleuca quadrifida,9498040
inaturalist_eneabba,False,Melaleuca quadrifida subsp. angustifolia,Melaleuca quadrifida subsp. angustifolia,(Ewart) Craven & R.D.Edwards,Subspecies,Accepted,491474,Melaleuca quadrifida subsp. angustifolia,(Ewart) Craven & R.D.Edwards,491474,Myrtaceae,exact,100,9264141,Melaleuca quadrifida subsp. angustifolia (Ewart) Craven & R.D.Edwards,Melaleuca quadrifida angustifolia,(Ewart) Craven & R.D.Edwards,SUBSPECIES,ACCEPTED,EXACT,100,9264141,Melaleuca quadrifida subsp. angustifolia (Ewart) Craven & R.D.Edwards,(Ewart) Craven & R.D.Edwards,Plantae,Tracheophyta,Magnoliopsida,Myrtales,Myrtaceae,Melaleuca,Melaleuca quadrifida,9498040
tsakalos_2018_applvegsci,False,Melaleuca radula,Melaleuca radula,Lindl.,Species,Accepted,123858,Melaleuca radula,Lindl.,123858,Myrtaceae,exact,100,5415811,Melaleuca radula Lindl.,Melaleuca radula,Lindl.,SPECIES,ACCEPTED,EXACT,100,5415811,Melaleuca radula Lindl.,Lindl.,Plantae,Tracheophyta,Magnoliopsida,Myrtales,Myrtaceae,Melaleuca,Melaleuca radula,5415811
riviera_2021_restecol,False,Melaleuca ryeae agg.,Melaleuca ryeae,Craven,Species,Accepted,123865,Melaleuca ryeae,Craven,123865,Myrtaceae,exact,100,5416143,Melaleuca ryeae Craven,Melaleuca ryeae,Craven,SPECIES,ACCEPTED,EXACT,100,5416143,Melaleuca ryeae Craven,Craven,Plantae,Tracheophyta,Magnoliopsida,Myrtales,Myrtaceae,Melaleuca,Melaleuca ryeae,5416143
riviera_2021_restecol|tsakalos_2018_applvegsci,False,Beaufortia elegans,Beaufortia elegans,S.Schauer,Species,Synonym,20219,Melaleuca scitula,Craven & R.D.Edwards,491445,Myrtaceae,exact,100,9371374,Melaleuca scitula Craven & R.D.Edwards,Melaleuca scitula,Craven & R.D.Edwards,SPECIES,ACCEPTED,EXACT,100,9371374,Melaleuca scitula Craven & R.D.Edwards,Craven & R.D.Edwards,Plantae,Tracheophyta,Magnoliopsida,Myrtales,Myrtaceae,Melaleuca,Melaleuca scitula,9371374
inaturalist_eneabba,False,Melaleuca scitula,Melaleuca scitula,Craven & R.D.Edwards,Species,Accepted,491445,Melaleuca scitula,Craven & R.D.Edwards,491445,Myrtaceae,exact,100,9371374,Melaleuca scitula Craven & R.D.Edwards,Melaleuca scitula,Craven & R.D.Edwards,SPECIES,ACCEPTED,EXACT,100,9371374,Melaleuca scitula Craven & R.D.Edwards,Craven & R.D.Edwards,Plantae,Tracheophyta,Magnoliopsida,Myrtales,Myrtaceae,Melaleuca,Melaleuca scitula,9371374
tsakalos_2018_applvegsci,False,Melaleuca systena,Melaleuca systena,Craven,Species,Accepted,123920,Melaleuca systena,Craven,123920,Myrtaceae,exact,100,5415794,Melaleuca systena Craven,Melaleuca systena,Craven,SPECIES,ACCEPTED,EXACT,100,5415794,Melaleuca systena Craven,Craven,Plantae,Tracheophyta,Magnoliopsida,Myrtales,Myrtaceae,Melaleuca,Melaleuca systena,5415794
tsakalos_2018_applvegsci,False,Melaleuca tinkeri,Melaleuca tinkeri,Craven,Species,Accepted,123937,Melaleuca tinkeri,Craven,123937,Myrtaceae,exact,100,5415934,Melaleuca tinkeri Craven,Melaleuca tinkeri,Craven,SPECIES,ACCEPTED,EXACT,100,5415934,Melaleuca tinkeri Craven,Craven,Plantae,Tracheophyta,Magnoliopsida,Myrtales,Myrtaceae,Melaleuca,Melaleuca tinkeri,5415934
tsakalos_2018_applvegsci,False,Calothamnus torulosus,Calothamnus torulosus,S.Schauer,Species,Synonym,31957,Melaleuca torulosa,(Schauer) Craven & R.D.Edwards,491503,Myrtaceae,exact,100,9441419,Melaleuca torulosa (Schauer) Craven & R.D.Edwards,Melaleuca torulosa,(Schauer) Craven & R.D.Edwards,SPECIES,ACCEPTED,EXACT,100,9441419,Melaleuca torulosa (Schauer) Craven & R.D.Edwards,(Schauer) Craven & R.D.Edwards,Plantae,Tracheophyta,Magnoliopsida,Myrtales,Myrtaceae,Melaleuca,Melaleuca torulosa,9441419
inaturalist_eneabba,False,Melaleuca torulosa,Melaleuca torulosa,(Schauer) Craven & R.D.Edwards,Species,Accepted,491503,Melaleuca torulosa,(Schauer) Craven & R.D.Edwards,491503,Myrtaceae,exact,100,9441419,Melaleuca torulosa (Schauer) Craven & R.D.Edwards,Melaleuca torulosa,(Schauer) Craven & R.D.Edwards,SPECIES,ACCEPTED,EXACT,100,9441419,Melaleuca torulosa (Schauer) Craven & R.D.Edwards,(Schauer) Craven & R.D.Edwards,Plantae,Tracheophyta,Magnoliopsida,Myrtales,Myrtaceae,Melaleuca,Melaleuca torulosa,9441419
inaturalist_eneabba|tsakalos_2018_applvegsci,False,Melaleuca trichophylla,Melaleuca trichophylla,Lindl.,Species,Accepted,123941,Melaleuca trichophylla,Lindl.,123941,Myrtaceae,exact,100,5415802,Melaleuca trichophylla Lindl.,Melaleuca trichophylla,Lindl.,SPECIES,ACCEPTED,EXACT,100,5415802,Melaleuca trichophylla Lindl.,Lindl.,Plantae,Tracheophyta,Magnoliopsida,Myrtales,Myrtaceae,Melaleuca,Melaleuca trichophylla,5415802
tsakalos_2018_applvegsci,False,Melaleuca urceolaris,Melaleuca urceolaris,F.Muell. ex Benth.,Species,Accepted,123956,Melaleuca urceolaris,F.Muell. ex Benth.,123956,Myrtaceae,exact,100,5416032,Melaleuca urceolaris F.Muell. ex Benth.,Melaleuca urceolaris,F.Muell. ex Benth.,SPECIES,ACCEPTED,EXACT,100,5416032,Melaleuca urceolaris F.Muell. ex Benth.,F.Muell. ex Benth.,Plantae,Tracheophyta,Magnoliopsida,Myrtales,Myrtaceae,Melaleuca,Melaleuca urceolaris,5416032
inaturalist_eneabba,False,Melaleuca variegata,Melaleuca variegata,Craven & R.D.Edwards,Species,Accepted,491448,Melaleuca variegata,Craven & R.D.Edwards,491448,Myrtaceae,exact,100,9615278,Melaleuca variegata Craven & R.D.Edwards,Melaleuca variegata,Craven & R.D.Edwards,SPECIES,ACCEPTED,EXACT,100,9615278,Melaleuca variegata Craven & R.D.Edwards,Craven & R.D.Edwards,Plantae,Tracheophyta,Magnoliopsida,Myrtales,Myrtaceae,Melaleuca,Melaleuca variegata,9615278
riviera_2021_restecol|tsakalos_2018_applvegsci,False,Melaleuca viminea subsp. viminea,Melaleuca viminea subsp. viminea,nan,Subspecies,Accepted,123968,Melaleuca viminea subsp. viminea,nan,123968,Myrtaceae,exact,100,5415847,Melaleuca viminea subsp. viminea,Melaleuca viminea viminea,,SUBSPECIES,ACCEPTED,EXACT,99,5415847,Melaleuca viminea subsp. viminea,,Plantae,Tracheophyta,Magnoliopsida,Myrtales,Myrtaceae,Melaleuca,Melaleuca viminea,5415846
tsakalos_2018_applvegsci,False,Melaleuca zonalis,Melaleuca zonalis,Craven,Species,Accepted,123986,Melaleuca zonalis,Craven,123986,Myrtaceae,exact,100,5415841,Melaleuca zonalis Craven,Melaleuca zonalis,Craven,SPECIES,ACCEPTED,EXACT,100,5415841,Melaleuca zonalis Craven,Craven,Plantae,Tracheophyta,Magnoliopsida,Myrtales,Myrtaceae,Melaleuca,Melaleuca zonalis,5415841
tsakalos_2018_applvegsci,False,Eremaea x phoenicea,Eremaea × phoenicea,Hnatiuk,Species,Synonym,70658,Melaleuca × mulleola,Craven & R.D.Edwards,491584,Myrtaceae,fuzzy,97,9253627,Melaleuca ×mulleola Craven & R.D.Edwards,Melaleuca mulleola,Craven & R.D.Edwards,SPECIES,ACCEPTED,EXACT,100,9253627,Melaleuca ×mulleola Craven & R.D.Edwards,Craven & R.D.Edwards,Plantae,Tracheophyta,Magnoliopsida,Myrtales,Myrtaceae,Melaleuca,Melaleuca mulleola,9253627
inaturalist_eneabba|riviera_2021_restecol|tsakalos_2018_applvegsci,False,Pileanthus filifolius,Pileanthus filifolius,Meisn.,Species,Accepted,156068,Pileanthus filifolius,Meisn.,156068,Myrtaceae,exact,100,3188404,Pileanthus filifolius Meisn.,Pileanthus filifolius,Meisn.,SPECIES,ACCEPTED,EXACT,100,3188404,Pileanthus filifolius Meisn.,Meisn.,Plantae,Tracheophyta,Magnoliopsida,Myrtales,Myrtaceae,Pileanthus,Pileanthus filifolius,3188404
tsakalos_2018_applvegsci,False,Scholtzia laxiflora,Scholtzia laxiflora,Benth.,Species,Accepted,188302,Scholtzia laxiflora,Benth.,188302,Myrtaceae,exact,100,3186802,Scholtzia laxiflora Benth.,Scholtzia laxiflora,Benth.,SPECIES,ACCEPTED,EXACT,100,3186802,Scholtzia laxiflora Benth.,Benth.,Plantae,Tracheophyta,Magnoliopsida,Myrtales,Myrtaceae,Scholtzia,Scholtzia laxiflora,3186802
riviera_2021_restecol,False,Scholtzia laxiflora agg.,Scholtzia laxiflora,Benth.,Species,Accepted,188302,Scholtzia laxiflora,Benth.,188302,Myrtaceae,exact,100,3186802,Scholtzia laxiflora Benth.,Scholtzia laxiflora,Benth.,SPECIES,ACCEPTED,EXACT,100,3186802,Scholtzia laxiflora Benth.,Benth.,Plantae,Tracheophyta,Magnoliopsida,Myrtales,Myrtaceae,Scholtzia,Scholtzia laxiflora,3186802
tsakalos_2018_applvegsci,False,Scholtzia involucrata,Scholtzia involucrata,(Endl.) Druce,Species,Synonym,188301,Scholtzia obovata,(DC.) S.Schauer,188304,Myrtaceae,exact,100,3186820,Scholtzia obovata (DC.) Schauer,Scholtzia obovata,(DC.) Schauer,SPECIES,ACCEPTED,EXACT,100,3186820,Scholtzia obovata (DC.) Schauer,(DC.) Schauer,Plantae,Tracheophyta,Magnoliopsida,Myrtales,Myrtaceae,Scholtzia,Scholtzia obovata,3186820
tsakalos_2018_applvegsci,False,Scholtzia umbellifera,Scholtzia umbellifera,F.Muell.,Species,Accepted,188310,Scholtzia umbellifera,F.Muell.,188310,Myrtaceae,exact,100,3186808,Scholtzia umbellifera F.Muell.,Scholtzia umbellifera,F.Muell.,SPECIES,ACCEPTED,EXACT,100,3186808,Scholtzia umbellifera F.Muell.,F.Muell.,Plantae,Tracheophyta,Magnoliopsida,Myrtales,Myrtaceae,Scholtzia,Scholtzia umbellifera,3186808
tsakalos_2018_applvegsci,False,Thryptomene hyporhytis,Thryptomene hyporhytis,Turcz.,Species,Accepted,204266,Thryptomene hyporhytis,Turcz.,204266,Myrtaceae,exact,100,3177561,Thryptomene hyporhytis Turcz.,Thryptomene hyporhytis,Turcz.,SPECIES,ACCEPTED,EXACT,100,3177561,Thryptomene hyporhytis Turcz.,Turcz.,Plantae,Tracheophyta,Magnoliopsida,Myrtales,Myrtaceae,Thryptomene,Thryptomene hyporhytis,3177561
tsakalos_2018_applvegsci,False,Thryptomene mucronulata,Thryptomene mucronulata,Turcz.,Species,Accepted,204278,Thryptomene mucronulata,Turcz.,204278,Myrtaceae,exact,100,3177576,Thryptomene mucronulata Turcz.,Thryptomene mucronulata,Turcz.,SPECIES,ACCEPTED,EXACT,100,3177576,Thryptomene mucronulata Turcz.,Turcz.,Plantae,Tracheophyta,Magnoliopsida,Myrtales,Myrtaceae,Thryptomene,Thryptomene mucronulata,3177576
tsakalos_2018_applvegsci,False,Thryptomene racemulosa,Thryptomene racemulosa,Turcz.,Species,Accepted,204289,Thryptomene racemulosa,Turcz.,204289,Myrtaceae,exact,100,3177564,Thryptomene racemulosa Turcz.,Thryptomene racemulosa,Turcz.,SPECIES,ACCEPTED,EXACT,100,3177564,Thryptomene racemulosa Turcz.,Turcz.,Plantae,Tracheophyta,Magnoliopsida,Myrtales,Myrtaceae,Thryptomene,Thryptomene racemulosa,3177564
dbca_2025_tpfl|tsakalos_2018_applvegsci,False,Thryptomene spicata,Thryptomene spicata,Rye & Trudgen,Species,Accepted,498079,Thryptomene spicata,Rye & Trudgen,498079,Myrtaceae,exact,100,9266757,Thryptomene spicata Rye & Trudgen,Thryptomene spicata,Rye & Trudgen,SPECIES,ACCEPTED,EXACT,100,9266757,Thryptomene spicata Rye & Trudgen,Rye & Trudgen,Plantae,Tracheophyta,Magnoliopsida,Myrtales,Myrtaceae,Thryptomene,Thryptomene spicata,9266757
dbca_2025_tpfl,False,Verticordia albida,Verticordia albida,A.S.George,Species,Accepted,212862,Verticordia albida,A.S.George,212862,Myrtaceae,exact,100,5420218,Verticordia albida A.S.George,Verticordia albida,A.S.George,SPECIES,ACCEPTED,EXACT,100,5420218,Verticordia albida A.S.George,A.S.George,Plantae,Tracheophyta,Magnoliopsida,Myrtales,Myrtaceae,Verticordia,Verticordia albida,5420218
dbca_2025_tpfl,False,Verticordia amphigia,Verticordia amphigia,A.S.George,Species,Accepted,212863,Verticordia amphigia,A.S.George,212863,Myrtaceae,exact,100,5420209,Verticordia amphigia A.S.George,Verticordia amphigia,A.S.George,SPECIES,ACCEPTED,EXACT,100,5420209,Verticordia amphigia A.S.George,A.S.George,Plantae,Tracheophyta,Magnoliopsida,Myrtales,Myrtaceae,Verticordia,Verticordia amphigia,5420209
dbca_2025_tpfl|inaturalist_eneabba|tsakalos_2018_applvegsci,False,Verticordia argentea,Verticordia argentea,A.S.George,Species,Accepted,212865,Verticordia argentea,A.S.George,212865,Myrtaceae,exact,100,5420175,Verticordia argentea A.S.George,Verticordia argentea,A.S.George,SPECIES,ACCEPTED,EXACT,100,5420175,Verticordia argentea A.S.George,A.S.George,Plantae,Tracheophyta,Magnoliopsida,Myrtales,Myrtaceae,Verticordia,Verticordia argentea,5420175
dbca_2025_tpfl|inaturalist_eneabba|tsakalos_2018_applvegsci,False,Verticordia aurea,Verticordia aurea,A.S.George,Species,Accepted,212867,Verticordia aurea,A.S.George,212867,Myrtaceae,exact,100,5420144,Verticordia aurea A.S.George,Verticordia aurea,A.S.George,SPECIES,ACCEPTED,EXACT,100,5420144,Verticordia aurea A.S.George,A.S.George,Plantae,Tracheophyta,Magnoliopsida,Myrtales,Myrtaceae,Verticordia,Verticordia aurea,5420144
tsakalos_2018_applvegsci,False,Verticordia blepharophylla,Verticordia blepharophylla,A.S.George,Species,Accepted,212870,Verticordia blepharophylla,A.S.George,212870,Myrtaceae,exact,100,5420270,Verticordia blepharophylla A.S.George,Verticordia blepharophylla,A.S.George,SPECIES,ACCEPTED,EXACT,100,5420270,Verticordia blepharophylla A.S.George,A.S.George,Plantae,Tracheophyta,Magnoliopsida,Myrtales,Myrtaceae,Verticordia,Verticordia blepharophylla,5420270
tsakalos_2018_applvegsci,False,Verticordia chrysanthella agg.,Verticordia chrysanthella,A.S.George,Species,Accepted,212885,Verticordia chrysanthella,A.S.George,212885,Myrtaceae,exact,100,5420204,Verticordia chrysanthella A.S.George,Verticordia chrysanthella,A.S.George,SPECIES,ACCEPTED,EXACT,100,5420204,Verticordia chrysanthella A.S.George,A.S.George,Plantae,Tracheophyta,Magnoliopsida,Myrtales,Myrtaceae,Verticordia,Verticordia chrysanthella,5420204
tsakalos_2018_applvegsci,False,Verticordia densiflora,Verticordia densiflora,Lindl.,Species,Accepted,212906,Verticordia densiflora,Lindl.,212906,Myrtaceae,exact,100,5420184,Verticordia densiflora Lindl.,Verticordia densiflora,Lindl.,SPECIES,ACCEPTED,EXACT,100,5420184,Verticordia densiflora Lindl.,Lindl.,Plantae,Tracheophyta,Magnoliopsida,Myrtales,Myrtaceae,Verticordia,Verticordia densiflora,5420184
dbca_2025_tpfl,False,Verticordia densiflora var. roseostella,Verticordia densiflora var. roseostella,A.S.George,Variety,Accepted,212910,Verticordia densiflora var. roseostella,A.S.George,212910,Myrtaceae,exact,100,5420188,Verticordia densiflora var. roseostella A.S.George,Verticordia densiflora roseostella,A.S.George,VARIETY,ACCEPTED,EXACT,100,5420188,Verticordia densiflora var. roseostella A.S.George,A.S.George,Plantae,Tracheophyta,Magnoliopsida,Myrtales,Myrtaceae,Verticordia,Verticordia densiflora,5420184
dbca_2025_tpfl|inaturalist_eneabba|tsakalos_2018_applvegsci,False,Verticordia fragrans,Verticordia fragrans,A.S.George,Species,Accepted,212938,Verticordia fragrans,A.S.George,212938,Myrtaceae,exact,100,5420166,Verticordia fragrans A.S.George,Verticordia fragrans,A.S.George,SPECIES,ACCEPTED,EXACT,100,5420166,Verticordia fragrans A.S.George,A.S.George,Plantae,Tracheophyta,Magnoliopsida,Myrtales,Myrtaceae,Verticordia,Verticordia fragrans,5420166
inaturalist_eneabba|tsakalos_2018_applvegsci,False,Verticordia grandis,Verticordia grandis,J.Drumm.,Species,Accepted,212943,Verticordia grandis,J.Drumm.,212943,Myrtaceae,exact,100,5420283,Verticordia grandis Drumm.,Verticordia grandis,Drumm.,SPECIES,ACCEPTED,EXACT,100,5420283,Verticordia grandis Drumm.,Drumm.,Plantae,Tracheophyta,Magnoliopsida,Myrtales,Myrtaceae,Verticordia,Verticordia grandis,5420283
tsakalos_2018_applvegsci,False,Verticordia laciniata,Verticordia laciniata,A.S.George,Species,Accepted,212968,Verticordia laciniata,A.S.George,212968,Myrtaceae,exact,100,5420219,Verticordia laciniata A.S.George,Verticordia laciniata,A.S.George,SPECIES,ACCEPTED,EXACT,100,5420219,Verticordia laciniata A.S.George,A.S.George,Plantae,Tracheophyta,Magnoliopsida,Myrtales,Myrtaceae,Verticordia,Verticordia laciniata,5420219
dbca_2025_tpfl,False,Verticordia luteola var. rosea,Verticordia luteola var. rosea,Eliz.George & A.S.George,Variety,Accepted,212979,Verticordia luteola var. rosea,Eliz.George & A.S.George,212979,Myrtaceae,exact,100,5420257,Verticordia luteola var. rosea Eliz.George & A.S.George,Verticordia luteola rosea,Eliz.George & A.S.George,VARIETY,ACCEPTED,EXACT,100,5420257,Verticordia luteola var. rosea Eliz.George & A.S.George,Eliz.George & A.S.George,Plantae,Tracheophyta,Magnoliopsida,Myrtales,Myrtaceae,Verticordia,Verticordia luteola,5420256
inaturalist_eneabba|tsakalos_2018_applvegsci,False,Verticordia monadelpha,Verticordia monadelpha,Turcz.,Species,Accepted,212984,Verticordia monadelpha,Turcz.,212984,Myrtaceae,exact,100,5420113,Verticordia monadelpha Turcz.,Verticordia monadelpha,Turcz.,SPECIES,ACCEPTED,EXACT,100,5420113,Verticordia monadelpha Turcz.,Turcz.,Plantae,Tracheophyta,Magnoliopsida,Myrtales,Myrtaceae,Verticordia,Verticordia monadelpha,5420113
inaturalist_eneabba,False,Verticordia monadelpha var. monadelpha,Verticordia monadelpha var. monadelpha,nan,Variety,Accepted,212986,Verticordia monadelpha var. monadelpha,nan,212986,Myrtaceae,exact,100,5420116,Verticordia monadelpha var. monadelpha,Verticordia monadelpha monadelpha,,VARIETY,ACCEPTED,EXACT,99,5420116,Verticordia monadelpha var. monadelpha,,Plantae,Tracheophyta,Magnoliopsida,Myrtales,Myrtaceae,Verticordia,Verticordia monadelpha,5420113
dbca_2025_tpfl,False,Verticordia muelleriana subsp. muelleriana,Verticordia muelleriana subsp. muelleriana,nan,Subspecies,Accepted,212989,Verticordia muelleriana subsp. muelleriana,nan,212989,Myrtaceae,exact,100,5420269,Verticordia muelleriana subsp. muelleriana,Verticordia muelleriana muelleriana,,SUBSPECIES,ACCEPTED,EXACT,99,5420269,Verticordia muelleriana subsp. muelleriana,,Plantae,Tracheophyta,Magnoliopsida,Myrtales,Myrtaceae,Verticordia,Verticordia muelleriana,5420267
inaturalist_eneabba,False,Verticordia nitens,Verticordia nitens,(Lindl.) Endl.,Species,Accepted,212993,Verticordia nitens,(Lindl.) Endl.,212993,Myrtaceae,exact,100,5420139,Verticordia nitens (Lindl.) Endl.,Verticordia nitens,(Lindl.) Endl.,SPECIES,SYNONYM,EXACT,100,7527490,Verticordia nitens (Lindl.) Schauer,(Lindl.) Schauer,Plantae,Tracheophyta,Magnoliopsida,Myrtales,Myrtaceae,Verticordia,Verticordia nitens,7527490
inaturalist_eneabba|tsakalos_2018_applvegsci,False,Verticordia nobilis,Verticordia nobilis,Meisn.,Species,Accepted,212994,Verticordia nobilis,Meisn.,212994,Myrtaceae,exact,100,5420127,Verticordia nobilis Meisn.,Verticordia nobilis,Meisn.,SPECIES,ACCEPTED,EXACT,100,5420127,Verticordia nobilis Meisn.,Meisn.,Plantae,Tracheophyta,Magnoliopsida,Myrtales,Myrtaceae,Verticordia,Verticordia nobilis,5420127
inaturalist_eneabba|tsakalos_2018_applvegsci,False,Verticordia ovalifolia,Verticordia ovalifolia,Meisn.,Species,Accepted,212996,Verticordia ovalifolia,Meisn.,212996,Myrtaceae,exact,100,5420297,Verticordia ovalifolia Meisn.,Verticordia ovalifolia,Meisn.,SPECIES,ACCEPTED,EXACT,100,5420297,Verticordia ovalifolia Meisn.,Meisn.,Plantae,Tracheophyta,Magnoliopsida,Myrtales,Myrtaceae,Verticordia,Verticordia ovalifolia,5420297
dbca_2025_tpfl,False,Verticordia penicillaris,Verticordia penicillaris,F.Muell.,Species,Accepted,213001,Verticordia penicillaris,F.Muell.,213001,Myrtaceae,exact,100,5420147,Verticordia penicillaris F.Muell.,Verticordia penicillaris,F.Muell.,SPECIES,ACCEPTED,EXACT,100,5420147,Verticordia penicillaris F.Muell.,F.Muell.,Plantae,Tracheophyta,Magnoliopsida,Myrtales,Myrtaceae,Verticordia,Verticordia penicillaris,5420147
inaturalist_eneabba|tsakalos_2018_applvegsci,False,Verticordia pennigera,Verticordia pennigera,Endl.,Species,Accepted,213002,Verticordia pennigera,Endl.,213002,Myrtaceae,exact,100,5420135,Verticordia pennigera Endl.,Verticordia pennigera,Endl.,SPECIES,ACCEPTED,EXACT,100,5420135,Verticordia pennigera Endl.,Endl.,Plantae,Tracheophyta,Magnoliopsida,Myrtales,Myrtaceae,Verticordia,Verticordia pennigera,5420135
dbca_2025_tpfl|inaturalist_eneabba,False,Verticordia rutilastra,Verticordia rutilastra,A.S.George,Species,Accepted,213024,Verticordia rutilastra,A.S.George,213024,Myrtaceae,exact,100,5420298,Verticordia rutilastra A.S.George,Verticordia rutilastra,A.S.George,SPECIES,ACCEPTED,EXACT,100,5420298,Verticordia rutilastra A.S.George,A.S.George,Plantae,Tracheophyta,Magnoliopsida,Myrtales,Myrtaceae,Verticordia,Verticordia rutilastra,5420298
tsakalos_2018_applvegsci,False,Olax benthamiana,Olax benthamiana,Miq.,Species,Accepted,2400291,Olax benthamiana,Miq.,2400291,Olacaceae,exact,100,3685880,Olax benthamiana Miq.,Olax benthamiana,Miq.,SPECIES,ACCEPTED,EXACT,100,3685880,Olax benthamiana Miq.,Miq.,Plantae,Tracheophyta,Magnoliopsida,Santalales,Olacaceae,Olax,Olax benthamiana,3685880
tsakalos_2018_applvegsci,False,Olax scalariformis,Olax scalariformis,A.S.George,Species,Accepted,2400243,Olax scalariformis,A.S.George,2400243,Olacaceae,exact,100,3686102,Olax scalariformis A.S.George,Olax scalariformis,A.S.George,SPECIES,ACCEPTED,EXACT,100,3686102,Olax scalariformis A.S.George,A.S.George,Plantae,Tracheophyta,Magnoliopsida,Santalales,Olacaceae,Olax,Olax scalariformis,3686102
tsakalos_2018_applvegsci,False,Jasminum calcareum,Jasminum calcareum,F.Muell.,Species,Accepted,351770,Jasminum calcareum,F.Muell.,351770,Oleaceae,exact,100,3682329,Jasminum calcareum F.Muell.,Jasminum calcareum,F.Muell.,SPECIES,ACCEPTED,EXACT,100,3682329,Jasminum calcareum F.Muell.,F.Muell.,Plantae,Tracheophyta,Magnoliopsida,Lamiales,Oleaceae,Jasminum,Jasminum calcareum,3682329
tsakalos_2018_applvegsci,False,Anthobolus foveolatus,Anthobolus foveolatus,F.Muell.,Species,Accepted,2641554,Anthobolus foveolatus,F.Muell.,2641554,Opiliaceae,exact,100,3789388,Anthobolus foveolatus F.Muell.,Anthobolus foveolatus,F.Muell.,SPECIES,ACCEPTED,EXACT,100,3789388,Anthobolus foveolatus F.Muell.,F.Muell.,Plantae,Tracheophyta,Magnoliopsida,Santalales,Opiliaceae,Anthobolus,Anthobolus foveolatus,3789388
inaturalist_eneabba,False,Caladenia bicalliata subsp. bicalliata,Caladenia bicalliata subsp. bicalliata,nan,Subspecies,Accepted,28466,Caladenia bicalliata subsp. bicalliata,nan,28466,Orchidaceae,exact,100,7069691,Caladenia bicalliata subsp. bicalliata,Caladenia bicalliata bicalliata,,SUBSPECIES,ACCEPTED,EXACT,99,7069691,Caladenia bicalliata subsp. bicalliata,,Plantae,Tracheophyta,Liliopsida,Asparagales,Orchidaceae,Caladenia,Caladenia bicalliata,2841358
inaturalist_eneabba,False,Elythranthera brunonis,Elythranthera brunonis,(Endl.) A.S.George,Species,Synonym,66843,Caladenia brunonis,(Endl.) Rchb.f.,28471,Orchidaceae,exact,100,2838946,Caladenia brunonis (Endl.) Rchb.f.,Caladenia brunonis,(Endl.) Rchb.f.,SPECIES,ACCEPTED,EXACT,100,2838946,Caladenia brunonis (Endl.) Rchb.f.,(Endl.) Rchb.f.,Plantae,Tracheophyta,Liliopsida,Asparagales,Orchidaceae,Caladenia,Caladenia brunonis,2838946
inaturalist_eneabba,False,Caladenia crebra,Caladenia crebra,A.S.George,Species,Accepted,28522,Caladenia crebra,A.S.George,28522,Orchidaceae,exact,100,2841103,Caladenia crebra A.S.George,Caladenia crebra,A.S.George,SPECIES,ACCEPTED,EXACT,100,2841103,Caladenia crebra A.S.George,A.S.George,Plantae,Tracheophyta,Liliopsida,Asparagales,Orchidaceae,Caladenia,Caladenia crebra,2841103
inaturalist_eneabba,False,Caladenia denticulata subsp. albicans,Caladenia denticulata subsp. albicans,A.P.Br. & G.Brockman,Subspecies,Accepted,496445,Caladenia denticulata subsp. albicans,A.P.Br. & G.Brockman,496445,Orchidaceae,exact,100,9338156,Caladenia denticulata subsp. albicans A.P.Br. & G.Brockman,Caladenia denticulata albicans,A.P.Br. & G.Brockman,SUBSPECIES,ACCEPTED,EXACT,100,9338156,Caladenia denticulata subsp. albicans A.P.Br. & G.Brockman,A.P.Br. & G.Brockman,Plantae,Tracheophyta,Liliopsida,Asparagales,Orchidaceae,Caladenia,Caladenia denticulata,2841697
inaturalist_eneabba|tsakalos_2018_applvegsci,False,Caladenia flava,Caladenia flava,R.Br.,Species,Accepted,28572,Caladenia flava,R.Br.,28572,Orchidaceae,exact,100,2841189,Caladenia flava R.Br.,Caladenia flava,R.Br.,SPECIES,ACCEPTED,EXACT,100,2841189,Caladenia flava R.Br.,R.Br.,Plantae,Tracheophyta,Liliopsida,Asparagales,Orchidaceae,Caladenia,Caladenia flava,2841189
inaturalist_eneabba,False,Caladenia longicauda,Caladenia longicauda,Lindl.,Species,Accepted,28618,Caladenia longicauda,Lindl.,28618,Orchidaceae,exact,100,2842059,Caladenia longicauda Lindl.,Caladenia longicauda,Lindl.,SPECIES,ACCEPTED,EXACT,100,2842059,Caladenia longicauda Lindl.,Lindl.,Plantae,Tracheophyta,Liliopsida,Asparagales,Orchidaceae,Caladenia,Caladenia longicauda,2842059
inaturalist_eneabba,False,Caladenia longicauda subsp. borealis,Caladenia longicauda subsp. borealis,Hopper & A.P.Br.,Subspecies,Accepted,222832,Caladenia longicauda subsp. borealis,Hopper & A.P.Br.,222832,Orchidaceae,exact,100,2842069,Caladenia longicauda subsp. borealis Hopper & A.P.Br.,Caladenia longicauda borealis,Hopper & A.P.Br.,SUBSPECIES,ACCEPTED,EXACT,100,2842069,Caladenia longicauda subsp. borealis Hopper & A.P.Br.,Hopper & A.P.Br.,Plantae,Tracheophyta,Liliopsida,Asparagales,Orchidaceae,Caladenia,Caladenia longicauda,2842059
inaturalist_eneabba,False,Caladenia radialis,Caladenia radialis,R.S.Rogers,Species,Accepted,28686,Caladenia radialis,R.S.Rogers,28686,Orchidaceae,exact,100,2841150,Caladenia radialis R.S.Rogers,Caladenia radialis,R.S.Rogers,SPECIES,ACCEPTED,EXACT,100,2841150,Caladenia radialis R.S.Rogers,R.S.Rogers,Plantae,Tracheophyta,Liliopsida,Asparagales,Orchidaceae,Caladenia,Caladenia radialis,2841150
inaturalist_eneabba,False,Caleana dixonii,Caleana dixonii,(Hopper & A.P.Br.) M.A.Clem.,Species,Accepted,489585,Caleana dixonii,(Hopper & A.P.Br.) M.A.Clem.,489585,Orchidaceae,exact,100,9362413,Caleana dixonii (Hopper & A.P.Br.) M.A.Clem.,Caleana dixonii,(Hopper & A.P.Br.) M.A.Clem.,SPECIES,ACCEPTED,EXACT,100,9362413,Caleana dixonii (Hopper & A.P.Br.) M.A.Clem.,(Hopper & A.P.Br.) M.A.Clem.,Plantae,Tracheophyta,Liliopsida,Asparagales,Orchidaceae,Caleana,Caleana dixonii,9362413
dbca_2025_tpfl|tsakalos_2018_applvegsci,False,Paracaleana dixonii,Paracaleana dixonii,Hopper & A.P.Br.,Species,Synonym,347775,Caleana dixonii,(Hopper & A.P.Br.) M.A.Clem.,489585,Orchidaceae,exact,100,9362413,Caleana dixonii (Hopper & A.P.Br.) M.A.Clem.,Caleana dixonii,(Hopper & A.P.Br.) M.A.Clem.,SPECIES,ACCEPTED,EXACT,100,9362413,Caleana dixonii (Hopper & A.P.Br.) M.A.Clem.,(Hopper & A.P.Br.) M.A.Clem.,Plantae,Tracheophyta,Liliopsida,Asparagales,Orchidaceae,Caleana,Caleana dixonii,9362413
inaturalist_eneabba,False,Caleana nigrita,Caleana nigrita,Lindl.,Species,Accepted,30578,Caleana nigrita,Lindl.,30578,Orchidaceae,exact,100,2820692,Caleana nigrita Lindl.,Caleana nigrita,Lindl.,SPECIES,ACCEPTED,EXACT,100,2820692,Caleana nigrita Lindl.,Lindl.,Plantae,Tracheophyta,Liliopsida,Asparagales,Orchidaceae,Caleana,Caleana nigrita,2820692
tsakalos_2018_applvegsci,False,Paracaleana nigrita,Paracaleana nigrita,(Lindl.) Blaxell,Species,Synonym,147408,Caleana nigrita,Lindl.,30578,Orchidaceae,exact,100,2820692,Caleana nigrita Lindl.,Caleana nigrita,Lindl.,SPECIES,ACCEPTED,EXACT,100,2820692,Caleana nigrita Lindl.,Lindl.,Plantae,Tracheophyta,Liliopsida,Asparagales,Orchidaceae,Caleana,Caleana nigrita,2820692
inaturalist_eneabba,False,Diuris refracta,Diuris refracta,D.L.Jones & C.J.French,Species,Accepted,490222,Diuris refracta,D.L.Jones & C.J.French,490222,Orchidaceae,exact,100,9523783,Diuris refracta D.L.Jones & C.J.French,Diuris refracta,D.L.Jones & C.J.French,SPECIES,ACCEPTED,EXACT,100,9523783,Diuris refracta D.L.Jones & C.J.French,D.L.Jones & C.J.French,Plantae,Tracheophyta,Liliopsida,Asparagales,Orchidaceae,Diuris,Diuris refracta,9523783
inaturalist_eneabba,False,Diuris tinkeri,Diuris tinkeri,D.L.Jones & C.J.French,Species,Accepted,490071,Diuris tinkeri,D.L.Jones & C.J.French,490071,Orchidaceae,exact,100,9400465,Diuris tinkeri D.L.Jones & C.J.French,Diuris tinkeri,D.L.Jones & C.J.French,SPECIES,ACCEPTED,EXACT,100,9400465,Diuris tinkeri D.L.Jones & C.J.French,D.L.Jones & C.J.French,Plantae,Tracheophyta,Liliopsida,Asparagales,Orchidaceae,Diuris,Diuris tinkeri,9400465
inaturalist_eneabba,False,Drakaea glyptodon,Drakaea glyptodon,Fitzg.,Species,Accepted,64184,Drakaea glyptodon,Fitzg.,64184,Orchidaceae,exact,100,2833951,Drakaea glyptodon Fitzg.,Drakaea glyptodon,Fitzg.,SPECIES,ACCEPTED,EXACT,100,2833951,Drakaea glyptodon Fitzg.,Fitzg.,Plantae,Tracheophyta,Liliopsida,Asparagales,Orchidaceae,Drakaea,Drakaea glyptodon,2833951
tsakalos_2018_applvegsci,False,Eriochilus dilatatus,Eriochilus dilatatus,Lindl.,Species,Accepted,71680,Eriochilus dilatatus,Lindl.,71680,Orchidaceae,exact,100,2791980,Eriochilus dilatatus Lindl.,Eriochilus dilatatus,Lindl.,SPECIES,ACCEPTED,EXACT,100,2791980,Eriochilus dilatatus Lindl.,Lindl.,Plantae,Tracheophyta,Liliopsida,Asparagales,Orchidaceae,Eriochilus,Eriochilus dilatatus,2791980
tsakalos_2018_applvegsci,False,Leporella fimbriata,Leporella fimbriata,(Lindl.) A.S.George,Species,Accepted,110880,Leporella fimbriata,(Lindl.) A.S.George,110880,Orchidaceae,exact,100,5311097,Leporella fimbriata (Lindl.) A.S.George,Leporella fimbriata,(Lindl.) A.S.George,SPECIES,ACCEPTED,EXACT,100,5311097,Leporella fimbriata (Lindl.) A.S.George,(Lindl.) A.S.George,Plantae,Tracheophyta,Liliopsida,Asparagales,Orchidaceae,Leporella,Leporella fimbriata,5311097
tsakalos_2018_applvegsci,False,Pheladenia deformis,Pheladenia deformis,(R.Br.) D.L.Jones & M.A.Clem.,Species,Accepted,151343,Pheladenia deformis,(R.Br.) D.L.Jones & M.A.Clem.,151343,Orchidaceae,exact,100,2790510,Pheladenia deformis (R.Br.) D.L.Jones & M.A.Clem.,Pheladenia deformis,(R.Br.) D.L.Jones & M.A.Clem.,SPECIES,ACCEPTED,EXACT,100,2790510,Pheladenia deformis (R.Br.) D.L.Jones & M.A.Clem.,(R.Br.) D.L.Jones & M.A.Clem.,Plantae,Tracheophyta,Liliopsida,Asparagales,Orchidaceae,Pheladenia,Pheladenia deformis,2790510
inaturalist_eneabba,False,Prasophyllum elatum,Prasophyllum elatum,R.Br.,Species,Accepted,164707,Prasophyllum elatum,R.Br.,164707,Orchidaceae,exact,100,2802717,Prasophyllum elatum R.Br.,Prasophyllum elatum,R.Br.,SPECIES,ACCEPTED,EXACT,100,2802717,Prasophyllum elatum R.Br.,R.Br.,Plantae,Tracheophyta,Liliopsida,Asparagales,Orchidaceae,Prasophyllum,Prasophyllum elatum,2802717
tsakalos_2018_applvegsci,False,Pterostylis recurva,Pterostylis recurva,Benth.,Species,Accepted,170635,Pterostylis recurva,Benth.,170635,Orchidaceae,exact,100,2847274,Pterostylis recurva Benth.,Pterostylis recurva,Benth.,SPECIES,ACCEPTED,EXACT,100,2847274,Pterostylis recurva Benth.,Benth.,Plantae,Tracheophyta,Liliopsida,Asparagales,Orchidaceae,Pterostylis,Pterostylis recurva,2847274
inaturalist_eneabba|tsakalos_2018_applvegsci,False,Pterostylis vittata,Pterostylis vittata,Lindl.,Species,Accepted,170683,Pterostylis vittata,Lindl.,170683,Orchidaceae,exact,100,2847496,Pterostylis vittata Lindl.,Pterostylis vittata,Lindl.,SPECIES,ACCEPTED,EXACT,100,2847496,Pterostylis vittata Lindl.,Lindl.,Plantae,Tracheophyta,Liliopsida,Asparagales,Orchidaceae,Pterostylis,Pterostylis vittata,2847496
tsakalos_2018_applvegsci,False,Pyrorchis nigricans,Pyrorchis nigricans,(R.Br.) D.L.Jones & M.A.Clem.,Species,Accepted,171300,Pyrorchis nigricans,(R.Br.) D.L.Jones & M.A.Clem.,171300,Orchidaceae,exact,100,2791576,Pyrorchis nigricans (R.Br.) D.L.Jones & M.A.Clem.,Pyrorchis nigricans,(R.Br.) D.L.Jones & M.A.Clem.,SPECIES,ACCEPTED,EXACT,100,2791576,Pyrorchis nigricans (R.Br.) D.L.Jones & M.A.Clem.,(R.Br.) D.L.Jones & M.A.Clem.,Plantae,Tracheophyta,Liliopsida,Asparagales,Orchidaceae,Pyrorchis,Pyrorchis nigricans,2791576
inaturalist_eneabba|tsakalos_2018_applvegsci,False,Thelymitra campanulata,Thelymitra campanulata,Lindl.,Species,Accepted,203721,Thelymitra campanulata,Lindl.,203721,Orchidaceae,exact,100,2814117,Thelymitra campanulata Lindl.,Thelymitra campanulata,Lindl.,SPECIES,ACCEPTED,EXACT,100,2814117,Thelymitra campanulata Lindl.,Lindl.,Plantae,Tracheophyta,Liliopsida,Asparagales,Orchidaceae,Thelymitra,Thelymitra campanulata,2814117
inaturalist_eneabba,False,Thelymitra pulcherrima,Thelymitra pulcherrima,Jeanes,Species,Accepted,459624,Thelymitra pulcherrima,Jeanes,459624,Orchidaceae,exact,100,5952169,Thelymitra pulcherrima Jeanes,Thelymitra pulcherrima,Jeanes,SPECIES,ACCEPTED,EXACT,100,5952169,Thelymitra pulcherrima Jeanes,Jeanes,Plantae,Tracheophyta,Liliopsida,Asparagales,Orchidaceae,Thelymitra,Thelymitra pulcherrima,5952169
tsakalos_2018_applvegsci,False,Phyllanthus calycinus,Phyllanthus calycinus,Labill.,Species,Accepted,153515,Phyllanthus calycinus,Labill.,153515,Phyllanthaceae,exact,100,5381927,Phyllanthus calycinus Labill.,Phyllanthus calycinus,Labill.,SPECIES,ACCEPTED,EXACT,100,5381927,Phyllanthus calycinus Labill.,Labill.,Plantae,Tracheophyta,Magnoliopsida,Malpighiales,Phyllanthaceae,Phyllanthus,Phyllanthus calycinus,5381927
dbca_2025_tpfl,False,Poranthera asybosca,Poranthera asybosca,R.L.Barrett,Species,Accepted,521850,Poranthera asybosca,R.L.Barrett,521850,Phyllanthaceae,exact,100,9283603,Poranthera asybosca R.L.Barrett,Poranthera asybosca,R.L.Barrett,SPECIES,ACCEPTED,EXACT,100,9283603,Poranthera asybosca R.L.Barrett,R.L.Barrett,Plantae,Tracheophyta,Magnoliopsida,Malpighiales,Phyllanthaceae,Poranthera,Poranthera asybosca,9283603
tsakalos_2018_applvegsci,False,Poranthera microphylla,Poranthera microphylla,Brongn.,Species,Accepted,163396,Poranthera microphylla,Brongn.,163396,Phyllanthaceae,exact,100,5383319,Poranthera microphylla Brongn.,Poranthera microphylla,Brongn.,SPECIES,ACCEPTED,EXACT,100,5383319,Poranthera microphylla Brongn.,Brongn.,Plantae,Tracheophyta,Magnoliopsida,Malpighiales,Phyllanthaceae,Poranthera,Poranthera microphylla,5383319
inaturalist_eneabba|tsakalos_2018_applvegsci,False,Stachystemon axillaris,Stachystemon axillaris,A.S.George,Species,Accepted,195792,Stachystemon axillaris,A.S.George,195792,Picrodendraceae,exact,100,3075348,Stachystemon axillaris A.S.George,Stachystemon axillaris,A.S.George,SPECIES,ACCEPTED,EXACT,100,3075348,Stachystemon axillaris A.S.George,A.S.George,Plantae,Tracheophyta,Magnoliopsida,Malpighiales,Picrodendraceae,Stachystemon,Stachystemon axillaris,3075348
tsakalos_2018_applvegsci,True,Aira caryophyllea,Aira caryophyllea,L.,Species,Accepted,390804,Aira caryophyllea,L.,390804,Poaceae,exact,100,7747216,Aira caryophyllea L.,Aira caryophyllea,L.,SPECIES,ACCEPTED,EXACT,100,7747216,Aira caryophyllea L.,L.,Plantae,Tracheophyta,Liliopsida,Poales,Poaceae,Aira,Aira caryophyllea,7747216
tsakalos_2018_applvegsci,False,Amphipogon caricinus,Amphipogon caricinus,F.Muell.,Species,Accepted,391734,Amphipogon caricinus,F.Muell.,391734,Poaceae,exact,100,4104775,Amphipogon caricinus F.Muell.,Amphipogon caricinus,F.Muell.,SPECIES,ACCEPTED,EXACT,100,4104775,Amphipogon caricinus F.Muell.,F.Muell.,Plantae,Tracheophyta,Liliopsida,Poales,Poaceae,Amphipogon,Amphipogon caricinus,4104775
tsakalos_2018_applvegsci,False,Amphipogon debilis,Amphipogon debilis,R.Br.,Species,Accepted,391739,Amphipogon debilis,R.Br.,391739,Poaceae,exact,100,4104724,Amphipogon debilis R.Br.,Amphipogon debilis,R.Br.,SPECIES,ACCEPTED,EXACT,100,4104724,Amphipogon debilis R.Br.,R.Br.,Plantae,Tracheophyta,Liliopsida,Poales,Poaceae,Amphipogon,Amphipogon debilis,4104724
tsakalos_2018_applvegsci,False,Amphipogon turbinatus,Amphipogon turbinatus,R.Br.,Species,Accepted,391759,Amphipogon turbinatus,R.Br.,391759,Poaceae,exact,100,5671564,Amphipogon turbinatus R.Br.,Amphipogon turbinatus,R.Br.,SPECIES,ACCEPTED,EXACT,100,5671564,Amphipogon turbinatus R.Br.,R.Br.,Plantae,Tracheophyta,Liliopsida,Poales,Poaceae,Amphipogon,Amphipogon turbinatus,5671564
tsakalos_2018_applvegsci,False,Aristida contorta,Aristida contorta,F.Muell.,Species,Accepted,394522,Aristida contorta,F.Muell.,394522,Poaceae,exact,100,4128741,Aristida contorta F.Muell.,Aristida contorta,F.Muell.,SPECIES,ACCEPTED,EXACT,100,4128741,Aristida contorta F.Muell.,F.Muell.,Plantae,Tracheophyta,Liliopsida,Poales,Poaceae,Aristida,Aristida contorta,4128741
tsakalos_2018_applvegsci,False,Austrostipa compressa,Austrostipa compressa,(R.Br.) S.W.L.Jacobs & J.Everett,Species,Accepted,397210,Austrostipa compressa,(R.Br.) S.W.L.Jacobs & J.Everett,397210,Poaceae,exact,100,4105554,Austrostipa compressa (R.Br.) S.W.L.Jacobs & J.Everett,Austrostipa compressa,(R.Br.) S.W.L.Jacobs & J.Everett,SPECIES,ACCEPTED,EXACT,100,4105554,Austrostipa compressa (R.Br.) S.W.L.Jacobs & J.Everett,(R.Br.) S.W.L.Jacobs & J.Everett,Plantae,Tracheophyta,Liliopsida,Poales,Poaceae,Austrostipa,Austrostipa compressa,4105554
tsakalos_2018_applvegsci,False,Austrostipa elegantissima,Austrostipa elegantissima,(Labill.) S.W.L.Jacobs & J.Everett,Species,Accepted,397217,Austrostipa elegantissima,(Labill.) S.W.L.Jacobs & J.Everett,397217,Poaceae,exact,100,4105448,Austrostipa elegantissima (Labill.) S.W.L.Jacobs & J.Everett,Austrostipa elegantissima,(Labill.) S.W.L.Jacobs & J.Everett,SPECIES,ACCEPTED,EXACT,100,4105448,Austrostipa elegantissima (Labill.) S.W.L.Jacobs & J.Everett,(Labill.) S.W.L.Jacobs & J.Everett,Plantae,Tracheophyta,Liliopsida,Poales,Poaceae,Austrostipa,Austrostipa elegantissima,4105448
tsakalos_2018_applvegsci,False,Austrostipa exilis,Austrostipa exilis,(Vickery) S.W.L.Jacobs & J.Everett,Species,Accepted,397219,Austrostipa exilis,(Vickery) S.W.L.Jacobs & J.Everett,397219,Poaceae,exact,100,4105409,Austrostipa exilis (Vickery) S.W.L.Jacobs & J.Everett,Austrostipa exilis,(Vickery) S.W.L.Jacobs & J.Everett,SPECIES,ACCEPTED,EXACT,100,4105409,Austrostipa exilis (Vickery) S.W.L.Jacobs & J.Everett,(Vickery) S.W.L.Jacobs & J.Everett,Plantae,Tracheophyta,Liliopsida,Poales,Poaceae,Austrostipa,Austrostipa exilis,4105409
tsakalos_2018_applvegsci,False,Austrostipa flavescens,Austrostipa flavescens,(Labill.) S.W.L.Jacobs & J.Everett,Species,Accepted,397221,Austrostipa flavescens,(Labill.) S.W.L.Jacobs & J.Everett,397221,Poaceae,exact,100,4105371,Austrostipa flavescens (Labill.) S.W.L.Jacobs & J.Everett,Austrostipa flavescens,(Labill.) S.W.L.Jacobs & J.Everett,SPECIES,ACCEPTED,EXACT,100,4105371,Austrostipa flavescens (Labill.) S.W.L.Jacobs & J.Everett,(Labill.) S.W.L.Jacobs & J.Everett,Plantae,Tracheophyta,Liliopsida,Poales,Poaceae,Austrostipa,Austrostipa flavescens,4105371
tsakalos_2018_applvegsci,False,Austrostipa hemipogon,Austrostipa hemipogon,(Benth.) S.W.L.Jacobs & J.Everett,Species,Accepted,397224,Austrostipa hemipogon,(Benth.) S.W.L.Jacobs & J.Everett,397224,Poaceae,exact,100,4105333,Austrostipa hemipogon (Benth.) S.W.L.Jacobs & J.Everett,Austrostipa hemipogon,(Benth.) S.W.L.Jacobs & J.Everett,SPECIES,ACCEPTED,EXACT,100,4105333,Austrostipa hemipogon (Benth.) S.W.L.Jacobs & J.Everett,(Benth.) S.W.L.Jacobs & J.Everett,Plantae,Tracheophyta,Liliopsida,Poales,Poaceae,Austrostipa,Austrostipa hemipogon,4105333
riviera_2021_restecol|tsakalos_2018_applvegsci,False,Austrostipa macalpinei,Austrostipa macalpinei,(Reader) S.W.L.Jacobs & J.Everett,Species,Accepted,397227,Austrostipa macalpinei,(Reader) S.W.L.Jacobs & J.Everett,397227,Poaceae,exact,100,4105291,Austrostipa macalpinei (Reader) S.W.L.Jacobs & J.Everett,Austrostipa macalpinei,(Reader) S.W.L.Jacobs & J.Everett,SPECIES,ACCEPTED,EXACT,100,4105291,Austrostipa macalpinei (Reader) S.W.L.Jacobs & J.Everett,(Reader) S.W.L.Jacobs & J.Everett,Plantae,Tracheophyta,Liliopsida,Poales,Poaceae,Austrostipa,Austrostipa macalpinei,4105291
tsakalos_2018_applvegsci,True,Avellinia michelii,Avellinia michelii,(Savi) Parl.,Species,Synonym,397266,Avellinia festucoides,(Link) Valdés & H.Scholz,450729,Poaceae,exact,100,4104665,Avellinia festucoides (Link) Valdés & H.Scholz,Avellinia festucoides,(Link) Valdés & H.Scholz,SPECIES,ACCEPTED,EXACT,100,4104665,Avellinia festucoides (Link) Valdés & H.Scholz,(Link) Valdés & H.Scholz,Plantae,Tracheophyta,Liliopsida,Poales,Poaceae,Avellinia,Avellinia festucoides,4104665
tsakalos_2018_applvegsci,True,Avena barbata,Avena barbata,Pott ex Link,Species,Accepted,397352,Avena barbata,Pott ex Link,397352,Poaceae,exact,100,2705300,Avena barbata Pott ex Link,Avena barbata,Pott ex Link,SPECIES,ACCEPTED,EXACT,100,2705300,Avena barbata Pott ex Link,Pott ex Link,Plantae,Tracheophyta,Liliopsida,Poales,Poaceae,Avena,Avena barbata,2705300
tsakalos_2018_applvegsci,True,Briza maxima,Briza maxima,L.,Species,Accepted,400234,Briza maxima,L.,400234,Poaceae,exact,100,2702792,Briza maxima L.,Briza maxima,L.,SPECIES,ACCEPTED,EXACT,100,2702792,Briza maxima L.,L.,Plantae,Tracheophyta,Liliopsida,Poales,Poaceae,Briza,Briza maxima,2702792
tsakalos_2018_applvegsci,True,Briza minor,Briza minor,L.,Species,Accepted,400281,Briza minor,L.,400281,Poaceae,exact,100,2702793,Briza minor L.,Briza minor,L.,SPECIES,ACCEPTED,EXACT,100,2702793,Briza minor L.,L.,Plantae,Tracheophyta,Liliopsida,Poales,Poaceae,Briza,Briza minor,2702793
tsakalos_2018_applvegsci,True,Ehrharta calycina,Ehrharta calycina,Sm.,Species,Accepted,410473,Ehrharta calycina,Sm.,410473,Poaceae,exact,100,2702865,Ehrharta calycina Sm.,Ehrharta calycina,Sm.,SPECIES,ACCEPTED,EXACT,100,2702865,Ehrharta calycina Sm.,Sm.,Plantae,Tracheophyta,Liliopsida,Poales,Poaceae,Ehrharta,Ehrharta calycina,2702865
tsakalos_2018_applvegsci,True,Ehrharta longiflora,Ehrharta longiflora,Sm.,Species,Accepted,410509,Ehrharta longiflora,Sm.,410509,Poaceae,exact,100,2702862,Ehrharta longiflora Sm.,Ehrharta longiflora,Sm.,SPECIES,ACCEPTED,EXACT,100,2702862,Ehrharta longiflora Sm.,Sm.,Plantae,Tracheophyta,Liliopsida,Poales,Poaceae,Ehrharta,Ehrharta longiflora,2702862
tsakalos_2018_applvegsci,True,Vulpia muralis,Vulpia muralis,(Kunth) Nees,Species,Synonym,450038,Festuca muralis,Kunth,415723,Poaceae,exact,100,4120026,Festuca muralis Kunth,Festuca muralis,Kunth,SPECIES,ACCEPTED,EXACT,100,4120026,Festuca muralis Kunth,Kunth,Plantae,Tracheophyta,Liliopsida,Poales,Poaceae,Festuca,Festuca muralis,4120026
tsakalos_2018_applvegsci,False,Neurachne alopecuroidea,Neurachne alopecuroidea,R.Br.,Species,Accepted,425807,Neurachne alopecuroidea,R.Br.,425807,Poaceae,exact,100,7403104,Neurachne alopecuroidea R.Br.,Neurachne alopecuroidea,R.Br.,SPECIES,ACCEPTED,EXACT,100,7403104,Neurachne alopecuroidea R.Br.,R.Br.,Plantae,Tracheophyta,Liliopsida,Poales,Poaceae,Neurachne,Neurachne alopecuroidea,7403104
tsakalos_2018_applvegsci,True,Pentaschistis airoides,Pentaschistis airoides,(Nees) Stapf,Species,Synonym,433124,Pentameris airoides,(Nees) Steud.,433045,Poaceae,exact,100,4146851,Pentameris airoides (Nees) Steud.,Pentameris airoides,(Nees) Steud.,SPECIES,ACCEPTED,EXACT,100,4146851,Pentameris airoides (Nees) Steud.,(Nees) Steud.,Plantae,Tracheophyta,Liliopsida,Poales,Poaceae,Pentameris,Pentameris airoides,4146851
riviera_2021_restecol,False,Rytidosperma caespitosum agg.,Rytidosperma caespitosum,(Gaudich.) Connor & Edgar,Species,Accepted,439759,Rytidosperma caespitosum,(Gaudich.) Connor & Edgar,439759,Poaceae,exact,100,4136604,Rytidosperma caespitosum (Gaudich.) Connor & Edgar,Rytidosperma caespitosum,(Gaudich.) Connor & Edgar,SPECIES,ACCEPTED,EXACT,100,4136604,Rytidosperma caespitosum (Gaudich.) Connor & Edgar,(Gaudich.) Connor & Edgar,Plantae,Tracheophyta,Liliopsida,Poales,Poaceae,Rytidosperma,Rytidosperma caespitosum,4136604
tsakalos_2018_applvegsci,False,Rytidosperma setaceum,Rytidosperma setaceum,(R.Br.) Connor & Edgar,Species,Accepted,439818,Rytidosperma setaceum,(R.Br.) Connor & Edgar,439818,Poaceae,exact,100,4135683,Rytidosperma setaceum (R.Br.) Connor & Edgar,Rytidosperma setaceum,(R.Br.) Connor & Edgar,SPECIES,ACCEPTED,EXACT,100,4135683,Rytidosperma setaceum (R.Br.) Connor & Edgar,(R.Br.) Connor & Edgar,Plantae,Tracheophyta,Liliopsida,Poales,Poaceae,Rytidosperma,Rytidosperma setaceum,4135683
riviera_2021_restecol,True,*Secale cereale,Secale cereale,L.,Species,Accepted,441740,Secale cereale,L.,441740,Poaceae,exact,100,2705966,Secale cereale L.,Secale cereale,L.,SPECIES,ACCEPTED,EXACT,100,2705966,Secale cereale L.,L.,Plantae,Tracheophyta,Liliopsida,Poales,Poaceae,Secale,Secale cereale,2705966
tsakalos_2018_applvegsci,False,Comesperma acerosum,Comesperma acerosum,Steetz,Species,Accepted,2733170,Comesperma acerosum,Steetz,2733170,Polygalaceae,exact,100,4049253,Comesperma acerosum Steetz,Comesperma acerosum,Steetz,SPECIES,ACCEPTED,EXACT,100,4049253,Comesperma acerosum Steetz,Steetz,Plantae,Tracheophyta,Magnoliopsida,Fabales,Polygalaceae,Comesperma,Comesperma acerosum,4049253
inaturalist_eneabba|tsakalos_2018_applvegsci,False,Comesperma calymega,Comesperma calymega,Labill.,Species,Accepted,2733178,Comesperma calymega,Labill.,2733178,Polygalaceae,exact,100,7293259,Comesperma calymega Labill.,Comesperma calymega,Labill.,SPECIES,ACCEPTED,EXACT,100,7293259,Comesperma calymega Labill.,Labill.,Plantae,Tracheophyta,Magnoliopsida,Fabales,Polygalaceae,Comesperma,Comesperma calymega,7293259
tsakalos_2018_applvegsci,False,Comesperma confertum,Comesperma confertum,Labill.,Species,Accepted,2733183,Comesperma confertum,Labill.,2733183,Polygalaceae,exact,100,7293668,Comesperma confertum Labill.,Comesperma confertum,Labill.,SPECIES,ACCEPTED,EXACT,100,7293668,Comesperma confertum Labill.,Labill.,Plantae,Tracheophyta,Magnoliopsida,Fabales,Polygalaceae,Comesperma,Comesperma confertum,7293668
inaturalist_eneabba|tsakalos_2018_applvegsci,False,Comesperma drummondii,Comesperma drummondii,Steetz,Species,Accepted,2733190,Comesperma drummondii,Steetz,2733190,Polygalaceae,exact,100,4052145,Comesperma drummondii Steetz,Comesperma drummondii,Steetz,SPECIES,ACCEPTED,EXACT,100,4052145,Comesperma drummondii Steetz,Steetz,Plantae,Tracheophyta,Magnoliopsida,Fabales,Polygalaceae,Comesperma,Comesperma drummondii,4052145
dbca_2025_tpfl|tsakalos_2018_applvegsci,False,Comesperma griffinii,Comesperma griffinii,Keighery,Species,Accepted,2733204,Comesperma griffinii,Keighery,2733204,Polygalaceae,exact,100,4052028,Comesperma griffinii Keighery,Comesperma griffinii,Keighery,SPECIES,ACCEPTED,EXACT,100,4052028,Comesperma griffinii Keighery,Keighery,Plantae,Tracheophyta,Magnoliopsida,Fabales,Polygalaceae,Comesperma,Comesperma griffinii,4052028
tsakalos_2018_applvegsci,False,Comesperma integerrimum,Comesperma integerrimum,Endl.,Species,Accepted,2733208,Comesperma integerrimum,Endl.,2733208,Polygalaceae,exact,100,4051972,Comesperma integerrimum Endl.,Comesperma integerrimum,Endl.,SPECIES,ACCEPTED,EXACT,100,4051972,Comesperma integerrimum Endl.,Endl.,Plantae,Tracheophyta,Magnoliopsida,Fabales,Polygalaceae,Comesperma,Comesperma integerrimum,4051972
dbca_2025_tpfl,False,Comesperma rhadinocarpum,Comesperma rhadinocarpum,F.Muell.,Species,Accepted,2733235,Comesperma rhadinocarpum,F.Muell.,2733235,Polygalaceae,exact,100,4051617,Comesperma rhadinocarpum F.Muell.,Comesperma rhadinocarpum,F.Muell.,SPECIES,ACCEPTED,EXACT,100,4051617,Comesperma rhadinocarpum F.Muell.,F.Muell.,Plantae,Tracheophyta,Magnoliopsida,Fabales,Polygalaceae,Comesperma,Comesperma rhadinocarpum,4051617
tsakalos_2018_applvegsci,False,Comesperma scoparium,Comesperma scoparium,Drumm.,Species,Accepted,2733238,Comesperma scoparium,Drumm.,2733238,Polygalaceae,exact,100,7492920,Comesperma scoparium Drumm.,Comesperma scoparium,Drumm.,SPECIES,ACCEPTED,EXACT,100,7492920,Comesperma scoparium Drumm.,Drumm.,Plantae,Tracheophyta,Magnoliopsida,Fabales,Polygalaceae,Comesperma,Comesperma scoparium,7492920
tsakalos_2018_applvegsci,False,Comesperma volubile,Comesperma volubile,Labill.,Species,Accepted,2733261,Comesperma volubile,Labill.,2733261,Polygalaceae,exact,100,7293539,Comesperma volubile Labill.,Comesperma volubile,Labill.,SPECIES,ACCEPTED,EXACT,100,7293539,Comesperma volubile Labill.,Labill.,Plantae,Tracheophyta,Magnoliopsida,Fabales,Polygalaceae,Comesperma,Comesperma volubile,7293539
tsakalos_2018_applvegsci,False,Muehlenbeckia adpressa,Muehlenbeckia adpressa,(Labill.) Meisn.,Species,Accepted,2508882,Muehlenbeckia adpressa,(Labill.) Meisn.,2508882,Polygonaceae,exact,100,7291259,Muehlenbeckia adpressa (Labill.) Meisn.,Muehlenbeckia adpressa,(Labill.) Meisn.,SPECIES,ACCEPTED,EXACT,100,7291259,Muehlenbeckia adpressa (Labill.) Meisn.,(Labill.) Meisn.,Plantae,Tracheophyta,Magnoliopsida,Caryophyllales,Polygonaceae,Muehlenbeckia,Muehlenbeckia adpressa,7291259
tsakalos_2018_applvegsci,True,Lysimachia arvensis,Lysimachia arvensis,(L.) U.Manns & Anderb.,Species,Accepted,2896568,Lysimachia arvensis,(L.) U.Manns & Anderb.,2896568,Primulaceae,exact,100,8184903,Lysimachia arvensis (L.) U.Manns & Anderb.,Lysimachia arvensis,(L.) U.Manns & Anderb.,SPECIES,ACCEPTED,EXACT,100,8184903,Lysimachia arvensis (L.) U.Manns & Anderb.,(L.) U.Manns & Anderb.,Plantae,Tracheophyta,Magnoliopsida,Ericales,Primulaceae,Lysimachia,Lysimachia arvensis,8184903
tsakalos_2018_applvegsci,False,Samolus repens,Samolus repens,(J.R.Forst. & G.Forst.) Pers.,Species,Accepted,2599148,Samolus repens,(J.R.Forst. & G.Forst.) Pers.,2599148,Primulaceae,exact,100,7290572,Samolus repens (J.R.Forst. & G.Forst.) Pers.,Samolus repens,(J.R.Forst. & G.Forst.) Pers.,SPECIES,ACCEPTED,EXACT,100,7290572,Samolus repens (J.R.Forst. & G.Forst.) Pers.,(J.R.Forst. & G.Forst.) Pers.,Plantae,Tracheophyta,Magnoliopsida,Ericales,Primulaceae,Samolus,Samolus repens,7290572
inaturalist_eneabba|tsakalos_2018_applvegsci,False,Adenanthos cygnorum,Adenanthos cygnorum,Diels & E.Pritz.,Species,Accepted,2621348,Adenanthos cygnorum,Diels & E.Pritz.,2621348,Proteaceae,exact,100,7287327,Adenanthos cygnorum Diels,Adenanthos cygnorum,Diels,SPECIES,ACCEPTED,EXACT,100,7287327,Adenanthos cygnorum Diels,Diels,Plantae,Tracheophyta,Magnoliopsida,Proteales,Proteaceae,Adenanthos,Adenanthos cygnorum,7287327
riviera_2021_restecol,False,Adenanthos cygnorum subsp. cygnorum,Adenanthos cygnorum subsp. cygnorum,nan,Subspecies,Accepted,3261663,Adenanthos cygnorum subsp. cygnorum,nan,3261663,Proteaceae,exact,100,3996919,Adenanthos cygnorum subsp. cygnorum,Adenanthos cygnorum cygnorum,,SUBSPECIES,ACCEPTED,EXACT,99,3996919,Adenanthos cygnorum subsp. cygnorum,,Plantae,Tracheophyta,Magnoliopsida,Proteales,Proteaceae,Adenanthos,Adenanthos cygnorum,7287327
inaturalist_eneabba|tsakalos_2018_applvegsci,False,Adenanthos drummondii,Adenanthos drummondii,Meisn.,Species,Accepted,2621353,Adenanthos drummondii,Meisn.,2621353,Proteaceae,exact,100,3996864,Adenanthos drummondii Meisn.,Adenanthos drummondii,Meisn.,SPECIES,ACCEPTED,EXACT,100,3996864,Adenanthos drummondii Meisn.,Meisn.,Plantae,Tracheophyta,Magnoliopsida,Proteales,Proteaceae,Adenanthos,Adenanthos drummondii,3996864
tsakalos_2018_applvegsci,False,Banksia armata,Banksia armata,(R.Br.) A.R.Mast & K.R.Thiele,Species,Accepted,2603639,Banksia armata,(R.Br.) A.R.Mast & K.R.Thiele,2603639,Proteaceae,exact,100,7287057,Banksia armata (R.Br.) A.R.Mast & K.R.Thiele,Banksia armata,(R.Br.) A.R.Mast & K.R.Thiele,SPECIES,ACCEPTED,EXACT,100,7287057,Banksia armata (R.Br.) A.R.Mast & K.R.Thiele,(R.Br.) A.R.Mast & K.R.Thiele,Plantae,Tracheophyta,Magnoliopsida,Proteales,Proteaceae,Banksia,Banksia armata,7287057
inaturalist_eneabba|tsakalos_2018_applvegsci,False,Banksia attenuata,Banksia attenuata,R.Br.,Species,Accepted,2669021,Banksia attenuata,R.Br.,2669021,Proteaceae,exact,100,5636437,Banksia attenuata R.Br.,Banksia attenuata,R.Br.,SPECIES,ACCEPTED,EXACT,100,5636437,Banksia attenuata R.Br.,R.Br.,Plantae,Tracheophyta,Magnoliopsida,Proteales,Proteaceae,Banksia,Banksia attenuata,5636437
tsakalos_2018_applvegsci,False,Banksia bipinnatifida subsp. multifida,Banksia bipinnatifida subsp. multifida,(A.S.George) A.R.Mast & K.R.Thiele,Subspecies,Accepted,2603644,Banksia bipinnatifida subsp. multifida,(A.S.George) A.R.Mast & K.R.Thiele,2603644,Proteaceae,exact,100,5636402,Banksia bipinnatifida subsp. multifida (A.S.George) A.R.Mast & K.R.Thiele,Banksia bipinnatifida multifida,(A.S.George) A.R.Mast & K.R.Thiele,SUBSPECIES,ACCEPTED,EXACT,100,5636402,Banksia bipinnatifida subsp. multifida (A.S.George) A.R.Mast & K.R.Thiele,(A.S.George) A.R.Mast & K.R.Thiele,Plantae,Tracheophyta,Magnoliopsida,Proteales,Proteaceae,Banksia,Banksia bipinnatifida,7287029
inaturalist_eneabba|riviera_2021_restecol|tsakalos_2018_applvegsci,False,Banksia candolleana,Banksia candolleana,Meisn.,Species,Accepted,2669040,Banksia candolleana,Meisn.,2669040,Proteaceae,exact,100,5636364,Banksia candolleana Meisn.,Banksia candolleana,Meisn.,SPECIES,ACCEPTED,EXACT,100,5636364,Banksia candolleana Meisn.,Meisn.,Plantae,Tracheophyta,Magnoliopsida,Proteales,Proteaceae,Banksia,Banksia candolleana,5636364
inaturalist_eneabba|riviera_2021_restecol|tsakalos_2018_applvegsci,False,Banksia carlinoides,Banksia carlinoides,(Meisn.) A.R.Mast & K.R.Thiele,Species,Accepted,2603650,Banksia carlinoides,(Meisn.) A.R.Mast & K.R.Thiele,2603650,Proteaceae,exact,100,5636357,Banksia carlinoides (Meisn.) A.R.Mast & K.R.Thiele,Banksia carlinoides,(Meisn.) A.R.Mast & K.R.Thiele,SPECIES,ACCEPTED,EXACT,100,5636357,Banksia carlinoides (Meisn.) A.R.Mast & K.R.Thiele,(Meisn.) A.R.Mast & K.R.Thiele,Plantae,Tracheophyta,Magnoliopsida,Proteales,Proteaceae,Banksia,Banksia carlinoides,5636357
dbca_2025_tpfl|inaturalist_eneabba|tsakalos_2018_applvegsci,False,Banksia chamaephyton,Banksia chamaephyton,A.S.George,Species,Accepted,2669042,Banksia chamaephyton,A.S.George,2669042,Proteaceae,exact,100,5636346,Banksia chamaephyton A.S.George,Banksia chamaephyton,A.S.George,SPECIES,ACCEPTED,EXACT,100,5636346,Banksia chamaephyton A.S.George,A.S.George,Plantae,Tracheophyta,Magnoliopsida,Proteales,Proteaceae,Banksia,Banksia chamaephyton,5636346
dbca_2025_tpfl|inaturalist_eneabba|tsakalos_2018_applvegsci,False,Banksia cypholoba,Banksia cypholoba,(A.S.George) A.R.Mast & K.R.Thiele,Species,Accepted,2603659,Banksia cypholoba,(A.S.George) A.R.Mast & K.R.Thiele,2603659,Proteaceae,exact,100,5636273,Banksia cypholoba (A.S.George) A.R.Mast & K.R.Thiele,Banksia cypholoba,(A.S.George) A.R.Mast & K.R.Thiele,SPECIES,ACCEPTED,EXACT,100,5636273,Banksia cypholoba (A.S.George) A.R.Mast & K.R.Thiele,(A.S.George) A.R.Mast & K.R.Thiele,Plantae,Tracheophyta,Magnoliopsida,Proteales,Proteaceae,Banksia,Banksia cypholoba,5636273
tsakalos_2018_applvegsci,False,Banksia dallanneyi,Banksia dallanneyi,A.R.Mast & K.R.Thiele,Species,Accepted,2603660,Banksia dallanneyi,A.R.Mast & K.R.Thiele,2603660,Proteaceae,exact,100,7286952,Banksia dallanneyi A.R.Mast & K.R.Thiele,Banksia dallanneyi,A.R.Mast & K.R.Thiele,SPECIES,ACCEPTED,EXACT,100,7286952,Banksia dallanneyi A.R.Mast & K.R.Thiele,A.R.Mast & K.R.Thiele,Plantae,Tracheophyta,Magnoliopsida,Proteales,Proteaceae,Banksia,Banksia dallanneyi,7286952
tsakalos_2018_applvegsci,False,Banksia elegans,Banksia elegans,Meisn.,Species,Accepted,2669073,Banksia elegans,Meisn.,2669073,Proteaceae,exact,100,5638556,Banksia elegans Meisn.,Banksia elegans,Meisn.,SPECIES,ACCEPTED,EXACT,100,5638556,Banksia elegans Meisn.,Meisn.,Plantae,Tracheophyta,Magnoliopsida,Proteales,Proteaceae,Banksia,Banksia elegans,5638556
tsakalos_2018_applvegsci,False,Banksia fraseri,Banksia fraseri,(R.Br.) A.R.Mast & K.R.Thiele,Species,Accepted,2603681,Banksia fraseri,(R.Br.) A.R.Mast & K.R.Thiele,2603681,Proteaceae,exact,100,7287722,Banksia fraseri (R.Br.) A.R.Mast & K.R.Thiele,Banksia fraseri,(R.Br.) A.R.Mast & K.R.Thiele,SPECIES,ACCEPTED,EXACT,100,7287722,Banksia fraseri (R.Br.) A.R.Mast & K.R.Thiele,(R.Br.) A.R.Mast & K.R.Thiele,Plantae,Tracheophyta,Magnoliopsida,Proteales,Proteaceae,Banksia,Banksia fraseri,7287722
dbca_2025_tpfl,False,Banksia fraseri var. crebra,Banksia fraseri var. crebra,(A.S.George) A.R.Mast & K.R.Thiele,Variety,Accepted,2606397,Banksia fraseri var. crebra,(A.S.George) A.R.Mast & K.R.Thiele,2606397,Proteaceae,exact,100,5638482,Banksia fraseri var. crebra (A.S.George) A.R.Mast & K.R.Thiele,Banksia fraseri crebra,(A.S.George) A.R.Mast & K.R.Thiele,VARIETY,ACCEPTED,EXACT,100,5638482,Banksia fraseri var. crebra (A.S.George) A.R.Mast & K.R.Thiele,(A.S.George) A.R.Mast & K.R.Thiele,Plantae,Tracheophyta,Magnoliopsida,Proteales,Proteaceae,Banksia,Banksia fraseri,7287722
tsakalos_2018_applvegsci,False,Banksia glaucifolia,Banksia glaucifolia,A.R.Mast & K.R.Thiele,Species,Accepted,2603685,Banksia glaucifolia,A.R.Mast & K.R.Thiele,2603685,Proteaceae,exact,100,5638445,Banksia glaucifolia A.R.Mast & K.R.Thiele,Banksia glaucifolia,A.R.Mast & K.R.Thiele,SPECIES,ACCEPTED,EXACT,100,5638445,Banksia glaucifolia A.R.Mast & K.R.Thiele,A.R.Mast & K.R.Thiele,Plantae,Tracheophyta,Magnoliopsida,Proteales,Proteaceae,Banksia,Banksia glaucifolia,5638445
inaturalist_eneabba|tsakalos_2018_applvegsci,False,Banksia grossa,Banksia grossa,A.S.George,Species,Accepted,2669096,Banksia grossa,A.S.George,2669096,Proteaceae,exact,100,5638425,Banksia grossa A.S.George,Banksia grossa,A.S.George,SPECIES,ACCEPTED,EXACT,100,5638425,Banksia grossa A.S.George,A.S.George,Plantae,Tracheophyta,Magnoliopsida,Proteales,Proteaceae,Banksia,Banksia grossa,5638425
inaturalist_eneabba|riviera_2021_restecol|tsakalos_2018_applvegsci,False,Banksia hookeriana,Banksia hookeriana,Meisn.,Species,Accepted,2669105,Banksia hookeriana,Meisn.,2669105,Proteaceae,exact,100,5638382,Banksia hookeriana Meisn.,Banksia hookeriana,Meisn.,SPECIES,ACCEPTED,EXACT,100,5638382,Banksia hookeriana Meisn.,Meisn.,Plantae,Tracheophyta,Magnoliopsida,Proteales,Proteaceae,Banksia,Banksia hookeriana,5638382
tsakalos_2018_applvegsci,False,Banksia incana,Banksia incana,A.S.George,Species,Accepted,2669112,Banksia incana,A.S.George,2669112,Proteaceae,exact,100,7287659,Banksia incana A.S.George,Banksia incana,A.S.George,SPECIES,ACCEPTED,EXACT,100,7287659,Banksia incana A.S.George,A.S.George,Plantae,Tracheophyta,Magnoliopsida,Proteales,Proteaceae,Banksia,Banksia incana,7287659
tsakalos_2018_applvegsci,False,Banksia kippistiana,Banksia kippistiana,(Meisn.) A.R.Mast & K.R.Thiele,Species,Accepted,2603693,Banksia kippistiana,(Meisn.) A.R.Mast & K.R.Thiele,2603693,Proteaceae,exact,100,7287622,Banksia kippistiana (Meisn.) A.R.Mast & K.R.Thiele,Banksia kippistiana,(Meisn.) A.R.Mast & K.R.Thiele,SPECIES,ACCEPTED,EXACT,100,7287622,Banksia kippistiana (Meisn.) A.R.Mast & K.R.Thiele,(Meisn.) A.R.Mast & K.R.Thiele,Plantae,Tracheophyta,Magnoliopsida,Proteales,Proteaceae,Banksia,Banksia kippistiana,7287622
inaturalist_eneabba,False,Banksia kippistiana var. kippistiana,Banksia kippistiana var. kippistiana,nan,Variety,Accepted,3261404,Banksia kippistiana var. kippistiana,nan,3261404,Proteaceae,exact,100,7287623,Banksia kippistiana var. kippistiana,Banksia kippistiana kippistiana,,VARIETY,ACCEPTED,EXACT,99,7287623,Banksia kippistiana var. kippistiana,,Plantae,Tracheophyta,Magnoliopsida,Proteales,Proteaceae,Banksia,Banksia kippistiana,7287622
dbca_2025_tpfl,False,Banksia kippistiana var. paenepeccata,Banksia kippistiana var. paenepeccata,(A.S.George) A.R.Mast & K.R.Thiele,Variety,Accepted,2603694,Banksia kippistiana var. paenepeccata,(A.S.George) A.R.Mast & K.R.Thiele,2603694,Proteaceae,exact,100,5638205,Banksia kippistiana var. paenepeccata (A.S.George) A.R.Mast & K.R.Thiele,Banksia kippistiana paenepeccata,(A.S.George) A.R.Mast & K.R.Thiele,VARIETY,ACCEPTED,EXACT,100,5638205,Banksia kippistiana var. paenepeccata (A.S.George) A.R.Mast & K.R.Thiele,(A.S.George) A.R.Mast & K.R.Thiele,Plantae,Tracheophyta,Magnoliopsida,Proteales,Proteaceae,Banksia,Banksia kippistiana,7287622
inaturalist_eneabba|tsakalos_2018_applvegsci,False,Banksia lanata,Banksia lanata,A.S.George,Species,Accepted,2669133,Banksia lanata,A.S.George,2669133,Proteaceae,exact,100,5638179,Banksia lanata A.S.George,Banksia lanata,A.S.George,SPECIES,ACCEPTED,EXACT,100,5638179,Banksia lanata A.S.George,A.S.George,Plantae,Tracheophyta,Magnoliopsida,Proteales,Proteaceae,Banksia,Banksia lanata,5638179
inaturalist_eneabba,False,Banksia leptophylla,Banksia leptophylla,A.S.George,Species,Accepted,2669140,Banksia leptophylla,A.S.George,2669140,Proteaceae,exact,100,7287595,Banksia leptophylla A.S.George,Banksia leptophylla,A.S.George,SPECIES,ACCEPTED,EXACT,100,7287595,Banksia leptophylla A.S.George,A.S.George,Plantae,Tracheophyta,Magnoliopsida,Proteales,Proteaceae,Banksia,Banksia leptophylla,7287595
inaturalist_eneabba|tsakalos_2018_applvegsci,False,Banksia menziesii,Banksia menziesii,R.Br.,Species,Accepted,2669171,Banksia menziesii,R.Br.,2669171,Proteaceae,exact,100,5637974,Banksia menziesii R.Br.,Banksia menziesii,R.Br.,SPECIES,ACCEPTED,EXACT,100,5637974,Banksia menziesii R.Br.,R.Br.,Plantae,Tracheophyta,Magnoliopsida,Proteales,Proteaceae,Banksia,Banksia menziesii,5637974
tsakalos_2018_applvegsci,False,Banksia micrantha,Banksia micrantha,A.S.George,Species,Accepted,2669172,Banksia micrantha,A.S.George,2669172,Proteaceae,exact,100,5637967,Banksia micrantha A.S.George,Banksia micrantha,A.S.George,SPECIES,ACCEPTED,EXACT,100,5637967,Banksia micrantha A.S.George,A.S.George,Plantae,Tracheophyta,Magnoliopsida,Proteales,Proteaceae,Banksia,Banksia micrantha,5637967
tsakalos_2018_applvegsci,False,Banksia nana,Banksia nana,(Meisn.) A.R.Mast & K.R.Thiele,Species,Accepted,2603701,Banksia nana,(Meisn.) A.R.Mast & K.R.Thiele,2603701,Proteaceae,exact,100,5637910,Banksia nana (Meisn.) A.R.Mast & K.R.Thiele,Banksia nana,(Meisn.) A.R.Mast & K.R.Thiele,SPECIES,ACCEPTED,EXACT,100,5637910,Banksia nana (Meisn.) A.R.Mast & K.R.Thiele,(Meisn.) A.R.Mast & K.R.Thiele,Plantae,Tracheophyta,Magnoliopsida,Proteales,Proteaceae,Banksia,Banksia nana,5637910
tsakalos_2018_applvegsci,False,Banksia nivea,Banksia nivea,Labill.,Species,Accepted,2669181,Banksia nivea,Labill.,2669181,Proteaceae,exact,100,7287514,Banksia nivea Labill.,Banksia nivea,Labill.,SPECIES,ACCEPTED,EXACT,100,7287514,Banksia nivea Labill.,Labill.,Plantae,Tracheophyta,Magnoliopsida,Proteales,Proteaceae,Banksia,Banksia nivea,7287514
dbca_2025_tpfl,False,Banksia nobilis subsp. fragrans,Banksia nobilis subsp. fragrans,(A.S.George) A.R.Mast & K.R.Thiele,Subspecies,Accepted,2603704,Banksia nobilis subsp. fragrans,(A.S.George) A.R.Mast & K.R.Thiele,2603704,Proteaceae,exact,100,5637890,Banksia nobilis subsp. fragrans (A.S.George) A.R.Mast & K.R.Thiele,Banksia nobilis fragrans,(A.S.George) A.R.Mast & K.R.Thiele,SUBSPECIES,ACCEPTED,EXACT,100,5637890,Banksia nobilis subsp. fragrans (A.S.George) A.R.Mast & K.R.Thiele,(A.S.George) A.R.Mast & K.R.Thiele,Plantae,Tracheophyta,Magnoliopsida,Proteales,Proteaceae,Banksia,Banksia nobilis,7287508
inaturalist_eneabba|tsakalos_2018_applvegsci,False,Banksia prionotes,Banksia prionotes,Lindl.,Species,Accepted,2669220,Banksia prionotes,Lindl.,2669220,Proteaceae,exact,100,5637616,Banksia prionotes Lindl.,Banksia prionotes,Lindl.,SPECIES,ACCEPTED,EXACT,100,5637616,Banksia prionotes Lindl.,Lindl.,Plantae,Tracheophyta,Magnoliopsida,Proteales,Proteaceae,Banksia,Banksia prionotes,5637616
tsakalos_2018_applvegsci,False,Banksia scabrella,Banksia scabrella,A.S.George,Species,Accepted,2669243,Banksia scabrella,A.S.George,2669243,Proteaceae,exact,100,5637394,Banksia scabrella A.S.George,Banksia scabrella,A.S.George,SPECIES,ACCEPTED,EXACT,100,5637394,Banksia scabrella A.S.George,A.S.George,Plantae,Tracheophyta,Magnoliopsida,Proteales,Proteaceae,Banksia,Banksia scabrella,5637394
tsakalos_2018_applvegsci,False,Banksia sclerophylla,Banksia sclerophylla,(Meisn.) A.R.Mast & K.R.Thiele,Species,Accepted,2603730,Banksia sclerophylla,(Meisn.) A.R.Mast & K.R.Thiele,2603730,Proteaceae,exact,100,5637381,Banksia sclerophylla (Meisn.) A.R.Mast & K.R.Thiele,Banksia sclerophylla,(Meisn.) A.R.Mast & K.R.Thiele,SPECIES,ACCEPTED,EXACT,100,5637381,Banksia sclerophylla (Meisn.) A.R.Mast & K.R.Thiele,(Meisn.) A.R.Mast & K.R.Thiele,Plantae,Tracheophyta,Magnoliopsida,Proteales,Proteaceae,Banksia,Banksia sclerophylla,5637381
inaturalist_eneabba|tsakalos_2018_applvegsci,False,Banksia sessilis,Banksia sessilis,(Knight) A.R.Mast & K.R.Thiele,Species,Accepted,2603735,Banksia sessilis,(Knight) A.R.Mast & K.R.Thiele,2603735,Proteaceae,exact,100,7287395,Banksia sessilis (Knight) A.R.Mast & K.R.Thiele,Banksia sessilis,(Knight) A.R.Mast & K.R.Thiele,SPECIES,ACCEPTED,EXACT,100,7287395,Banksia sessilis (Knight) A.R.Mast & K.R.Thiele,(Knight) A.R.Mast & K.R.Thiele,Plantae,Tracheophyta,Magnoliopsida,Proteales,Proteaceae,Banksia,Banksia sessilis,7287395
inaturalist_eneabba,False,Banksia sessilis var. flabellifolia,Banksia sessilis var. flabellifolia,(A.S.George) A.R.Mast & K.R.Thiele,Variety,Accepted,2603738,Banksia sessilis var. flabellifolia,(A.S.George) A.R.Mast & K.R.Thiele,2603738,Proteaceae,exact,100,5637310,Banksia sessilis var. flabellifolia (A.S.George) A.R.Mast & K.R.Thiele,Banksia sessilis flabellifolia,(A.S.George) A.R.Mast & K.R.Thiele,VARIETY,ACCEPTED,EXACT,100,5637310,Banksia sessilis var. flabellifolia (A.S.George) A.R.Mast & K.R.Thiele,(A.S.George) A.R.Mast & K.R.Thiele,Plantae,Tracheophyta,Magnoliopsida,Proteales,Proteaceae,Banksia,Banksia sessilis,7287395
inaturalist_eneabba|riviera_2021_restecol|tsakalos_2018_applvegsci,False,Banksia shuttleworthiana,Banksia shuttleworthiana,(Meisn.) A.R.Mast & K.R.Thiele,Species,Accepted,2603740,Banksia shuttleworthiana,(Meisn.) A.R.Mast & K.R.Thiele,2603740,Proteaceae,exact,100,5637303,Banksia shuttleworthiana (Meisn.) A.R.Mast & K.R.Thiele,Banksia shuttleworthiana,(Meisn.) A.R.Mast & K.R.Thiele,SPECIES,ACCEPTED,EXACT,100,5637303,Banksia shuttleworthiana (Meisn.) A.R.Mast & K.R.Thiele,(Meisn.) A.R.Mast & K.R.Thiele,Plantae,Tracheophyta,Magnoliopsida,Proteales,Proteaceae,Banksia,Banksia shuttleworthiana,5637303
inaturalist_eneabba|tsakalos_2018_applvegsci,False,Banksia sphaerocarpa,Banksia sphaerocarpa,R.Br.,Species,Accepted,2669263,Banksia sphaerocarpa,R.Br.,2669263,Proteaceae,exact,100,7287376,Banksia sphaerocarpa R.Br.,Banksia sphaerocarpa,R.Br.,SPECIES,ACCEPTED,EXACT,100,7287376,Banksia sphaerocarpa R.Br.,R.Br.,Plantae,Tracheophyta,Magnoliopsida,Proteales,Proteaceae,Banksia,Banksia sphaerocarpa,7287376
riviera_2021_restecol,False,Banksia sphaerocarpa agg.,Banksia sphaerocarpa,R.Br.,Species,Accepted,2669263,Banksia sphaerocarpa,R.Br.,2669263,Proteaceae,exact,100,7287376,Banksia sphaerocarpa R.Br.,Banksia sphaerocarpa,R.Br.,SPECIES,ACCEPTED,EXACT,100,7287376,Banksia sphaerocarpa R.Br.,R.Br.,Plantae,Tracheophyta,Magnoliopsida,Proteales,Proteaceae,Banksia,Banksia sphaerocarpa,7287376
inaturalist_eneabba,False,Banksia sphaerocarpa var. pumilio,Banksia sphaerocarpa var. pumilio,A.S.George,Variety,Accepted,2606404,Banksia sphaerocarpa var. pumilio,A.S.George,2606404,Proteaceae,exact,100,5637252,Banksia sphaerocarpa var. pumilio A.S.George,Banksia sphaerocarpa pumilio,A.S.George,VARIETY,ACCEPTED,EXACT,100,5637252,Banksia sphaerocarpa var. pumilio A.S.George,A.S.George,Plantae,Tracheophyta,Magnoliopsida,Proteales,Proteaceae,Banksia,Banksia sphaerocarpa,7287376
dbca_2025_tpfl,False,Banksia splendida subsp. macrocarpa,Banksia splendida subsp. macrocarpa,(A.S.George) A.R.Mast & K.R.Thiele,Subspecies,Accepted,2603742,Banksia splendida subsp. macrocarpa,(A.S.George) A.R.Mast & K.R.Thiele,2603742,Proteaceae,exact,100,5637214,Banksia splendida subsp. macrocarpa (A.S.George) A.R.Mast & K.R.Thiele,Banksia splendida macrocarpa,(A.S.George) A.R.Mast & K.R.Thiele,SUBSPECIES,ACCEPTED,EXACT,100,5637214,Banksia splendida subsp. macrocarpa (A.S.George) A.R.Mast & K.R.Thiele,(A.S.George) A.R.Mast & K.R.Thiele,Plantae,Tracheophyta,Magnoliopsida,Proteales,Proteaceae,Banksia,Banksia splendida,7287363
inaturalist_eneabba|tsakalos_2018_applvegsci,False,Banksia stenoprion,Banksia stenoprion,(Meisn.) A.R.Mast & K.R.Thiele,Species,Accepted,2603745,Banksia stenoprion,(Meisn.) A.R.Mast & K.R.Thiele,2603745,Proteaceae,exact,100,5637205,Banksia stenoprion (Meisn.) A.R.Mast & K.R.Thiele,Banksia stenoprion,(Meisn.) A.R.Mast & K.R.Thiele,SPECIES,ACCEPTED,EXACT,100,5637205,Banksia stenoprion (Meisn.) A.R.Mast & K.R.Thiele,(Meisn.) A.R.Mast & K.R.Thiele,Plantae,Tracheophyta,Magnoliopsida,Proteales,Proteaceae,Banksia,Banksia stenoprion,5637205
tsakalos_2018_applvegsci,False,Banksia strictifolia,Banksia strictifolia,A.R.Mast & K.R.Thiele,Species,Accepted,2603746,Banksia strictifolia,A.R.Mast & K.R.Thiele,2603746,Proteaceae,exact,100,5637200,Banksia strictifolia A.R.Mast & K.R.Thiele,Banksia strictifolia,A.R.Mast & K.R.Thiele,SPECIES,ACCEPTED,EXACT,100,5637200,Banksia strictifolia A.R.Mast & K.R.Thiele,A.R.Mast & K.R.Thiele,Plantae,Tracheophyta,Magnoliopsida,Proteales,Proteaceae,Banksia,Banksia strictifolia,5637200
dbca_2025_tpfl,False,Banksia subulata,Banksia subulata,(C.A.Gardner) A.R.Mast & K.R.Thiele,Species,Accepted,2603750,Banksia subulata,(C.A.Gardner) A.R.Mast & K.R.Thiele,2603750,Proteaceae,exact,100,5637188,Banksia subulata (C.A.Gardner) A.R.Mast & K.R.Thiele,Banksia subulata,(C.A.Gardner) A.R.Mast & K.R.Thiele,SPECIES,ACCEPTED,EXACT,100,5637188,Banksia subulata (C.A.Gardner) A.R.Mast & K.R.Thiele,(C.A.Gardner) A.R.Mast & K.R.Thiele,Plantae,Tracheophyta,Magnoliopsida,Proteales,Proteaceae,Banksia,Banksia subulata,5637188
tsakalos_2018_applvegsci,False,Banksia tortifolia,Banksia tortifolia,(Kippist ex Meisn.) A.R.Mast & K.R.Thiele,Species,Accepted,2603753,Banksia tortifolia,(Kippist ex Meisn.) A.R.Mast & K.R.Thiele,2603753,Proteaceae,exact,100,5637155,Banksia tortifolia (Kippist ex Meisn.) A.R.Mast & K.R.Thiele,Banksia tortifolia,(Kippist ex Meisn.) A.R.Mast & K.R.Thiele,SPECIES,ACCEPTED,EXACT,100,5637155,Banksia tortifolia (Kippist ex Meisn.) A.R.Mast & K.R.Thiele,(Kippist ex Meisn.) A.R.Mast & K.R.Thiele,Plantae,Tracheophyta,Magnoliopsida,Proteales,Proteaceae,Banksia,Banksia tortifolia,5637155
inaturalist_eneabba,False,Banksia tricuspis,Banksia tricuspis,Meisn.,Species,Accepted,2669286,Banksia tricuspis,Meisn.,2669286,Proteaceae,exact,100,5637147,Banksia tricuspis Meisn.,Banksia tricuspis,Meisn.,SPECIES,ACCEPTED,EXACT,100,5637147,Banksia tricuspis Meisn.,Meisn.,Plantae,Tracheophyta,Magnoliopsida,Proteales,Proteaceae,Banksia,Banksia tricuspis,5637147
inaturalist_eneabba|tsakalos_2018_applvegsci,False,Banksia tridentata,Banksia tridentata,(Meisn.) B.D.Jacks.,Species,Accepted,2669287,Banksia tridentata,(Meisn.) B.D.Jacks.,2669287,Proteaceae,exact,100,5637140,Banksia tridentata (Meisn.) B.D.Jacks.,Banksia tridentata,(Meisn.) B.D.Jacks.,SPECIES,ACCEPTED,EXACT,100,5637140,Banksia tridentata (Meisn.) B.D.Jacks.,(Meisn.) B.D.Jacks.,Plantae,Tracheophyta,Magnoliopsida,Proteales,Proteaceae,Banksia,Banksia tridentata,5637140
tsakalos_2018_applvegsci,False,Banksia vestita,Banksia vestita,(Meisn.) A.R.Mast & K.R.Thiele,Species,Accepted,2603757,Banksia vestita,(Meisn.) A.R.Mast & K.R.Thiele,2603757,Proteaceae,exact,100,5637106,Banksia vestita (Meisn.) A.R.Mast & K.R.Thiele,Banksia vestita,(Meisn.) A.R.Mast & K.R.Thiele,SPECIES,ACCEPTED,EXACT,100,5637106,Banksia vestita (Meisn.) A.R.Mast & K.R.Thiele,(Meisn.) A.R.Mast & K.R.Thiele,Plantae,Tracheophyta,Magnoliopsida,Proteales,Proteaceae,Banksia,Banksia vestita,5637106
tsakalos_2018_applvegsci,False,Conospermum boreale,Conospermum boreale,E.M.Benn.,Species,Accepted,2735435,Conospermum boreale,E.M.Benn.,2735435,Proteaceae,exact,100,7287186,Conospermum boreale E.M.Benn.,Conospermum boreale,E.M.Benn.,SPECIES,ACCEPTED,EXACT,100,7287186,Conospermum boreale E.M.Benn.,E.M.Benn.,Plantae,Tracheophyta,Magnoliopsida,Proteales,Proteaceae,Conospermum,Conospermum boreale,7287186
tsakalos_2018_applvegsci,False,Conospermum crassinervium,Conospermum crassinervium,Meisn.,Species,Accepted,2735461,Conospermum crassinervium,Meisn.,2735461,Proteaceae,exact,100,3995630,Conospermum crassinervium Meisn.,Conospermum crassinervium,Meisn.,SPECIES,ACCEPTED,EXACT,100,3995630,Conospermum crassinervium Meisn.,Meisn.,Plantae,Tracheophyta,Magnoliopsida,Proteales,Proteaceae,Conospermum,Conospermum crassinervium,3995630
inaturalist_eneabba,False,Conospermum incurvum,Conospermum incurvum,Lindl.,Species,Accepted,2735495,Conospermum incurvum,Lindl.,2735495,Proteaceae,exact,100,3995271,Conospermum incurvum Lindl.,Conospermum incurvum,Lindl.,SPECIES,ACCEPTED,EXACT,100,3995271,Conospermum incurvum Lindl.,Lindl.,Plantae,Tracheophyta,Magnoliopsida,Proteales,Proteaceae,Conospermum,Conospermum incurvum,3995271
inaturalist_eneabba|tsakalos_2018_applvegsci,False,Conospermum nervosum,Conospermum nervosum,Meisn.,Species,Accepted,2735515,Conospermum nervosum,Meisn.,2735515,Proteaceae,exact,100,7287035,Conospermum nervosum Meisn.,Conospermum nervosum,Meisn.,SPECIES,ACCEPTED,EXACT,100,7287035,Conospermum nervosum Meisn.,Meisn.,Plantae,Tracheophyta,Magnoliopsida,Proteales,Proteaceae,Conospermum,Conospermum nervosum,7287035
tsakalos_2018_applvegsci,False,Conospermum stoechadis,Conospermum stoechadis,Endl.,Species,Accepted,2735540,Conospermum stoechadis,Endl.,2735540,Proteaceae,exact,100,7286979,Conospermum stoechadis Endl.,Conospermum stoechadis,Endl.,SPECIES,ACCEPTED,EXACT,100,7286979,Conospermum stoechadis Endl.,Endl.,Plantae,Tracheophyta,Magnoliopsida,Proteales,Proteaceae,Conospermum,Conospermum stoechadis,7286979
riviera_2021_restecol,False,Conospermum triplinervium agg.,Conospermum triplinervium,R.Br.,Species,Accepted,2735558,Conospermum triplinervium,R.Br.,2735558,Proteaceae,exact,100,7286951,Conospermum triplinervium R.Br.,Conospermum triplinervium,R.Br.,SPECIES,ACCEPTED,EXACT,100,7286951,Conospermum triplinervium R.Br.,R.Br.,Plantae,Tracheophyta,Magnoliopsida,Proteales,Proteaceae,Conospermum,Conospermum triplinervium,7286951
inaturalist_eneabba|tsakalos_2018_applvegsci,False,Conospermum unilaterale,Conospermum unilaterale,E.M.Benn.,Species,Accepted,2735561,Conospermum unilaterale,E.M.Benn.,2735561,Proteaceae,exact,100,3994517,Conospermum unilaterale E.M.Benn.,Conospermum unilaterale,E.M.Benn.,SPECIES,ACCEPTED,EXACT,100,3994517,Conospermum unilaterale E.M.Benn.,E.M.Benn.,Plantae,Tracheophyta,Magnoliopsida,Proteales,Proteaceae,Conospermum,Conospermum unilaterale,3994517
tsakalos_2018_applvegsci,False,Conospermum wycherleyi,Conospermum wycherleyi,E.M.Benn.,Species,Accepted,2735562,Conospermum wycherleyi,E.M.Benn.,2735562,Proteaceae,exact,100,7286944,Conospermum wycherleyi E.M.Benn.,Conospermum wycherleyi,E.M.Benn.,SPECIES,ACCEPTED,EXACT,100,7286944,Conospermum wycherleyi E.M.Benn.,E.M.Benn.,Plantae,Tracheophyta,Magnoliopsida,Proteales,Proteaceae,Conospermum,Conospermum wycherleyi,7286944
dbca_2025_tpfl,False,Grevillea althoferorum subsp. althoferorum,Grevillea althoferorum subsp. althoferorum,nan,Subspecies,Accepted,3264860,Grevillea althoferorum subsp. althoferorum,nan,3264860,Proteaceae,exact,100,7287131,Grevillea althoferorum subsp. althoferorum,Grevillea althoferorum althoferorum,,SUBSPECIES,ACCEPTED,EXACT,99,7287131,Grevillea althoferorum subsp. althoferorum,,Plantae,Tracheophyta,Magnoliopsida,Proteales,Proteaceae,Grevillea,Grevillea althoferorum,7287130
inaturalist_eneabba,False,Grevillea amplexans,Grevillea amplexans,F.Muell. ex Benth.,Species,Accepted,2832087,Grevillea amplexans,F.Muell. ex Benth.,2832087,Proteaceae,exact,100,7287122,Grevillea amplexans F.Muell. ex Benth.,Grevillea amplexans,F.Muell. ex Benth.,SPECIES,ACCEPTED,EXACT,100,7287122,Grevillea amplexans F.Muell. ex Benth.,F.Muell. ex Benth.,Plantae,Tracheophyta,Magnoliopsida,Proteales,Proteaceae,Grevillea,Grevillea amplexans,7287122
tsakalos_2018_applvegsci,False,Grevillea argyrophylla,Grevillea argyrophylla,Meisn.,Species,Accepted,2832112,Grevillea argyrophylla,Meisn.,2832112,Proteaceae,exact,100,3995282,Grevillea argyrophylla Meisn.,Grevillea argyrophylla,Meisn.,SPECIES,ACCEPTED,EXACT,100,3995282,Grevillea argyrophylla Meisn.,Meisn.,Plantae,Tracheophyta,Magnoliopsida,Proteales,Proteaceae,Grevillea,Grevillea argyrophylla,3995282
tsakalos_2018_applvegsci,False,Grevillea biformis,Grevillea biformis,Meisn.,Species,Accepted,2832156,Grevillea biformis,Meisn.,2832156,Proteaceae,exact,100,7286983,Grevillea biformis Meisn.,Grevillea biformis,Meisn.,SPECIES,ACCEPTED,EXACT,100,7286983,Grevillea biformis Meisn.,Meisn.,Plantae,Tracheophyta,Magnoliopsida,Proteales,Proteaceae,Grevillea,Grevillea biformis,7286983
dbca_2025_tpfl,False,Grevillea biformis subsp. cymbiformis,Grevillea biformis subsp. cymbiformis,Olde & Marriott,Subspecies,Accepted,2832157,Grevillea biformis subsp. cymbiformis,Olde & Marriott,2832157,Proteaceae,exact,100,3994751,Grevillea biformis subsp. cymbiformis Olde & Marriott,Grevillea biformis cymbiformis,Olde & Marriott,SUBSPECIES,ACCEPTED,EXACT,100,3994751,Grevillea biformis subsp. cymbiformis Olde & Marriott,Olde & Marriott,Plantae,Tracheophyta,Magnoliopsida,Proteales,Proteaceae,Grevillea,Grevillea biformis,7286983
inaturalist_eneabba,False,Grevillea commutata subsp. commutata,Grevillea commutata subsp. commutata,nan,Subspecies,Accepted,3264871,Grevillea commutata subsp. commutata,nan,3264871,Proteaceae,exact,100,7287677,Grevillea commutata subsp. commutata,Grevillea commutata commutata,,SUBSPECIES,ACCEPTED,EXACT,99,7287677,Grevillea commutata subsp. commutata,,Plantae,Tracheophyta,Magnoliopsida,Proteales,Proteaceae,Grevillea,Grevillea commutata,7287676
dbca_2025_tpfl,False,Grevillea erinacea,Grevillea erinacea,Meisn.,Species,Accepted,2832303,Grevillea erinacea,Meisn.,2832303,Proteaceae,exact,100,3998461,Grevillea erinacea Meisn.,Grevillea erinacea,Meisn.,SPECIES,ACCEPTED,EXACT,100,3998461,Grevillea erinacea Meisn.,Meisn.,Plantae,Tracheophyta,Magnoliopsida,Proteales,Proteaceae,Grevillea,Grevillea erinacea,3998461
inaturalist_eneabba|tsakalos_2018_applvegsci,False,Grevillea eriostachya,Grevillea eriostachya,Lindl.,Species,Accepted,2832305,Grevillea eriostachya,Lindl.,2832305,Proteaceae,exact,100,7287491,Grevillea eriostachya Lindl.,Grevillea eriostachya,Lindl.,SPECIES,ACCEPTED,EXACT,100,7287491,Grevillea eriostachya Lindl.,Lindl.,Plantae,Tracheophyta,Magnoliopsida,Proteales,Proteaceae,Grevillea,Grevillea eriostachya,7287491
tsakalos_2018_applvegsci,False,Grevillea exposita,Grevillea exposita,Olde & Marriott,Species,Accepted,2832312,Grevillea exposita,Olde & Marriott,2832312,Proteaceae,exact,100,3998346,Grevillea exposita Olde & Marriott,Grevillea exposita,Olde & Marriott,SPECIES,ACCEPTED,EXACT,100,3998346,Grevillea exposita Olde & Marriott,Olde & Marriott,Plantae,Tracheophyta,Magnoliopsida,Proteales,Proteaceae,Grevillea,Grevillea exposita,3998346
inaturalist_eneabba,False,Grevillea leucopteris,Grevillea leucopteris,Meisn.,Species,Accepted,2832472,Grevillea leucopteris,Meisn.,2832472,Proteaceae,exact,100,3996482,Grevillea leucopteris Meisn.,Grevillea leucopteris,Meisn.,SPECIES,ACCEPTED,EXACT,100,3996482,Grevillea leucopteris Meisn.,Meisn.,Plantae,Tracheophyta,Magnoliopsida,Proteales,Proteaceae,Grevillea,Grevillea leucopteris,3996482
dbca_2025_tpfl,False,Grevillea makinsonii,Grevillea makinsonii,McGill.,Species,Accepted,2832502,Grevillea makinsonii,McGill.,2832502,Proteaceae,exact,100,3996095,Grevillea makinsonii McGill.,Grevillea makinsonii,McGill.,SPECIES,SYNONYM,EXACT,100,10138336,Grevillea makinsonii Mc Gill.,Mc Gill.,Plantae,Tracheophyta,Magnoliopsida,Proteales,Proteaceae,Grevillea,Grevillea makinsonii,10138336
tsakalos_2018_applvegsci,False,Grevillea pinaster,Grevillea pinaster,Meisn.,Species,Accepted,2832623,Grevillea pinaster,Meisn.,2832623,Proteaceae,exact,100,7286960,Grevillea pinaster Meisn.,Grevillea pinaster,Meisn.,SPECIES,ACCEPTED,EXACT,100,7286960,Grevillea pinaster Meisn.,Meisn.,Plantae,Tracheophyta,Magnoliopsida,Proteales,Proteaceae,Grevillea,Grevillea pinaster,7286960
inaturalist_eneabba,False,Grevillea polybotrya,Grevillea polybotrya,Meisn.,Species,Accepted,2832639,Grevillea polybotrya,Meisn.,2832639,Proteaceae,exact,100,3999969,Grevillea polybotrya Meisn.,Grevillea polybotrya,Meisn.,SPECIES,ACCEPTED,EXACT,100,3999969,Grevillea polybotrya Meisn.,Meisn.,Plantae,Tracheophyta,Magnoliopsida,Proteales,Proteaceae,Grevillea,Grevillea polybotrya,3999969
dbca_2025_tpfl|tsakalos_2018_applvegsci,False,Grevillea rudis,Grevillea rudis,Meisn.,Species,Accepted,2832712,Grevillea rudis,Meisn.,2832712,Proteaceae,exact,100,3999133,Grevillea rudis Meisn.,Grevillea rudis,Meisn.,SPECIES,ACCEPTED,EXACT,100,3999133,Grevillea rudis Meisn.,Meisn.,Plantae,Tracheophyta,Magnoliopsida,Proteales,Proteaceae,Grevillea,Grevillea rudis,3999133
inaturalist_eneabba,False,Grevillea shuttleworthiana,Grevillea shuttleworthiana,Meisn.,Species,Accepted,2832743,Grevillea shuttleworthiana,Meisn.,2832743,Proteaceae,exact,100,7287530,Grevillea shuttleworthiana Meisn.,Grevillea shuttleworthiana,Meisn.,SPECIES,ACCEPTED,EXACT,100,7287530,Grevillea shuttleworthiana Meisn.,Meisn.,Plantae,Tracheophyta,Magnoliopsida,Proteales,Proteaceae,Grevillea,Grevillea shuttleworthiana,7287530
inaturalist_eneabba|tsakalos_2018_applvegsci,False,Grevillea shuttleworthiana subsp. canarina,Grevillea shuttleworthiana subsp. canarina,Olde & Marriott,Subspecies,Accepted,2832744,Grevillea shuttleworthiana subsp. canarina,Olde & Marriott,2832744,Proteaceae,exact,100,3998675,Grevillea shuttleworthiana subsp. canarina Olde & Marriott,Grevillea shuttleworthiana canarina,Olde & Marriott,SUBSPECIES,ACCEPTED,EXACT,100,3998675,Grevillea shuttleworthiana subsp. canarina Olde & Marriott,Olde & Marriott,Plantae,Tracheophyta,Magnoliopsida,Proteales,Proteaceae,Grevillea,Grevillea shuttleworthiana,7287530
inaturalist_eneabba|tsakalos_2018_applvegsci,False,Grevillea synapheae,Grevillea synapheae,R.Br.,Species,Accepted,2832784,Grevillea synapheae,R.Br.,2832784,Proteaceae,exact,100,7287467,Grevillea synapheae R.Br.,Grevillea synapheae,R.Br.,SPECIES,SYNONYM,EXACT,100,7869213,Grevillea synaphea subsp. synaphea,,Plantae,Tracheophyta,Magnoliopsida,Proteales,Proteaceae,Grevillea,Grevillea synaphea,7370306
inaturalist_eneabba,False,Grevillea synapheae subsp. pachyphylla,Grevillea synapheae subsp. pachyphylla,Olde & Marriott,Subspecies,Accepted,2832788,Grevillea synapheae subsp. pachyphylla,Olde & Marriott,2832788,Proteaceae,exact,100,3998155,Grevillea synapheae subsp. pachyphylla Olde & Marriott,Grevillea synapheae pachyphylla,Olde & Marriott,SUBSPECIES,SYNONYM,EXACT,100,7869213,Grevillea synaphea subsp. synaphea,,Plantae,Tracheophyta,Magnoliopsida,Proteales,Proteaceae,Grevillea,Grevillea synaphea,7370306
dbca_2025_tpfl|tsakalos_2018_applvegsci,False,Grevillea uniformis,Grevillea uniformis,(McGill.) Olde & Marriott,Species,Accepted,2832825,Grevillea uniformis,(McGill.) Olde & Marriott,2832825,Proteaceae,exact,100,3997625,Grevillea uniformis (Mc Gill.) Olde & Marriott,Grevillea uniformis,(Mc Gill.) Olde & Marriott,SPECIES,ACCEPTED,EXACT,100,3997625,Grevillea uniformis (Mc Gill.) Olde & Marriott,(Mc Gill.) Olde & Marriott,Plantae,Tracheophyta,Magnoliopsida,Proteales,Proteaceae,Grevillea,Grevillea uniformis,3997625
inaturalist_eneabba,False,Hakea anadenia,Hakea anadenia,Haegi,Species,Accepted,2837601,Hakea anadenia,Haegi,2837601,Proteaceae,exact,100,3996955,Hakea anadenia Haegi,Hakea anadenia,Haegi,SPECIES,ACCEPTED,EXACT,100,3996955,Hakea anadenia Haegi,Haegi,Plantae,Tracheophyta,Magnoliopsida,Proteales,Proteaceae,Hakea,Hakea anadenia,3996955
inaturalist_eneabba|tsakalos_2018_applvegsci,False,Hakea auriculata,Hakea auriculata,Meisn.,Species,Accepted,2837608,Hakea auriculata,Meisn.,2837608,Proteaceae,exact,100,7287319,Hakea auriculata Meisn.,Hakea auriculata,Meisn.,SPECIES,ACCEPTED,EXACT,100,7287319,Hakea auriculata Meisn.,Meisn.,Plantae,Tracheophyta,Magnoliopsida,Proteales,Proteaceae,Hakea,Hakea auriculata,7287319
inaturalist_eneabba|tsakalos_2018_applvegsci,False,Hakea candolleana,Hakea candolleana,Meisn.,Species,Accepted,2837623,Hakea candolleana,Meisn.,2837623,Proteaceae,exact,100,7287295,Hakea candolleana Meisn.,Hakea candolleana,Meisn.,SPECIES,ACCEPTED,EXACT,100,7287295,Hakea candolleana Meisn.,Meisn.,Plantae,Tracheophyta,Magnoliopsida,Proteales,Proteaceae,Hakea,Hakea candolleana,7287295
tsakalos_2018_applvegsci,False,Hakea circumalata,Hakea circumalata,Meisn.,Species,Accepted,2837638,Hakea circumalata,Meisn.,2837638,Proteaceae,exact,100,3996471,Hakea circumalata Meisn.,Hakea circumalata,Meisn.,SPECIES,ACCEPTED,EXACT,100,3996471,Hakea circumalata Meisn.,Meisn.,Plantae,Tracheophyta,Magnoliopsida,Proteales,Proteaceae,Hakea,Hakea circumalata,3996471
inaturalist_eneabba|tsakalos_2018_applvegsci,False,Hakea conchifolia,Hakea conchifolia,Hook.,Species,Accepted,2837642,Hakea conchifolia,Hook.,2837642,Proteaceae,exact,100,3996421,Hakea conchifolia Hook.,Hakea conchifolia,Hook.,SPECIES,ACCEPTED,EXACT,100,3996421,Hakea conchifolia Hook.,Hook.,Plantae,Tracheophyta,Magnoliopsida,Proteales,Proteaceae,Hakea,Hakea conchifolia,3996421
inaturalist_eneabba|tsakalos_2018_applvegsci,False,Hakea costata,Hakea costata,Meisn.,Species,Accepted,2837646,Hakea costata,Meisn.,2837646,Proteaceae,exact,100,7287246,Hakea costata Meisn.,Hakea costata,Meisn.,SPECIES,ACCEPTED,EXACT,100,7287246,Hakea costata Meisn.,Meisn.,Plantae,Tracheophyta,Magnoliopsida,Proteales,Proteaceae,Hakea,Hakea costata,7287246
tsakalos_2018_applvegsci,False,Hakea cygna subsp. cygna,Hakea cygnus subsp. cygnus,nan,Subspecies,Accepted,3264996,Hakea cygnus subsp. cygnus,nan,3264996,Proteaceae,manual,100,10798307,Hakea cygnus subsp. cygnus,Hakea cygnus cygnus,,SUBSPECIES,ACCEPTED,EXACT,99,10798307,Hakea cygnus subsp. cygnus,,Plantae,Tracheophyta,Magnoliopsida,Proteales,Proteaceae,Hakea,Hakea cygna,7287226
inaturalist_eneabba|tsakalos_2018_applvegsci,False,Hakea eneabba,Hakea eneabba,Haegi,Species,Accepted,2837678,Hakea eneabba,Haegi,2837678,Proteaceae,exact,100,3995946,Hakea eneabba Haegi,Hakea eneabba,Haegi,SPECIES,ACCEPTED,EXACT,100,3995946,Hakea eneabba Haegi,Haegi,Plantae,Tracheophyta,Magnoliopsida,Proteales,Proteaceae,Hakea,Hakea eneabba,3995946
inaturalist_eneabba|tsakalos_2018_applvegsci,False,Hakea flabellifolia,Hakea flabellifolia,Meisn.,Species,Accepted,2837692,Hakea flabellifolia,Meisn.,2837692,Proteaceae,exact,100,3995750,Hakea flabellifolia Meisn.,Hakea flabellifolia,Meisn.,SPECIES,ACCEPTED,EXACT,100,3995750,Hakea flabellifolia Meisn.,Meisn.,Plantae,Tracheophyta,Magnoliopsida,Proteales,Proteaceae,Hakea,Hakea flabellifolia,3995750
inaturalist_eneabba|tsakalos_2018_applvegsci,False,Hakea gilbertii,Hakea gilbertii,Kippist ex Meisn.,Species,Accepted,2837703,Hakea gilbertii,Kippist ex Meisn.,2837703,Proteaceae,exact,100,3995614,Hakea gilbertii Kippist ex Meisn.,Hakea gilbertii,Kippist ex Meisn.,SPECIES,ACCEPTED,EXACT,100,3995614,Hakea gilbertii Kippist ex Meisn.,Kippist ex Meisn.,Plantae,Tracheophyta,Magnoliopsida,Proteales,Proteaceae,Hakea,Hakea gilbertii,3995614
tsakalos_2018_applvegsci,False,Hakea incrassata,Hakea incrassata,R.Br.,Species,Accepted,2837721,Hakea incrassata,R.Br.,2837721,Proteaceae,exact,100,3995394,Hakea incrassata R.Br.,Hakea incrassata,R.Br.,SPECIES,ACCEPTED,EXACT,100,3995394,Hakea incrassata R.Br.,R.Br.,Plantae,Tracheophyta,Magnoliopsida,Proteales,Proteaceae,Hakea,Hakea incrassata,3995394
inaturalist_eneabba|tsakalos_2018_applvegsci,False,Hakea lissocarpha,Hakea lissocarpha,R.Br.,Species,Accepted,2837751,Hakea lissocarpha,R.Br.,2837751,Proteaceae,exact,100,3995017,Hakea lissocarpha R.Br.,Hakea lissocarpha,R.Br.,SPECIES,ACCEPTED,EXACT,100,3995017,Hakea lissocarpha R.Br.,R.Br.,Plantae,Tracheophyta,Magnoliopsida,Proteales,Proteaceae,Hakea,Hakea lissocarpha,3995017
dbca_2025_tpfl,False,Hakea megalosperma,Hakea megalosperma,Meisn.,Species,Accepted,2837771,Hakea megalosperma,Meisn.,2837771,Proteaceae,exact,100,3994753,Hakea megalosperma Meisn.,Hakea megalosperma,Meisn.,SPECIES,ACCEPTED,EXACT,100,3994753,Hakea megalosperma Meisn.,Meisn.,Plantae,Tracheophyta,Magnoliopsida,Proteales,Proteaceae,Hakea,Hakea megalosperma,3994753
tsakalos_2018_applvegsci,False,Hakea neospathulata,Hakea neospathulata,I.M.Turner,Species,Accepted,2996232,Hakea neospathulata,I.M.Turner,2996232,Proteaceae,exact,100,7402308,Hakea neospathulata I.M.Turner,Hakea neospathulata,I.M.Turner,SPECIES,ACCEPTED,EXACT,100,7402308,Hakea neospathulata I.M.Turner,I.M.Turner,Plantae,Tracheophyta,Magnoliopsida,Proteales,Proteaceae,Hakea,Hakea neospathulata,7402308
inaturalist_eneabba,False,Hakea obliqua subsp. parviflora,Hakea obliqua subsp. parviflora,R.M.Barker,Subspecies,Accepted,2837796,Hakea obliqua subsp. parviflora,R.M.Barker,2837796,Proteaceae,exact,100,3994458,Hakea obliqua subsp. parviflora R.M.Barker,Hakea obliqua parviflora,R.M.Barker,SUBSPECIES,ACCEPTED,EXACT,100,3994458,Hakea obliqua subsp. parviflora R.M.Barker,R.M.Barker,Plantae,Tracheophyta,Magnoliopsida,Proteales,Proteaceae,Hakea,Hakea obliqua,7828278
inaturalist_eneabba,False,Hakea petiolaris,Hakea petiolaris,Meisn.,Species,Accepted,2837813,Hakea petiolaris,Meisn.,2837813,Proteaceae,exact,100,7287726,Hakea petiolaris Meisn.,Hakea petiolaris,Meisn.,SPECIES,ACCEPTED,EXACT,100,7287726,Hakea petiolaris Meisn.,Meisn.,Plantae,Tracheophyta,Magnoliopsida,Proteales,Proteaceae,Hakea,Hakea petiolaris,7287726
tsakalos_2018_applvegsci,False,Hakea platysperma,Hakea platysperma,Hook.,Species,Accepted,2837820,Hakea platysperma,Hook.,2837820,Proteaceae,exact,100,3999674,Hakea platysperma Hook.,Hakea platysperma,Hook.,SPECIES,ACCEPTED,EXACT,100,3999674,Hakea platysperma Hook.,Hook.,Plantae,Tracheophyta,Magnoliopsida,Proteales,Proteaceae,Hakea,Hakea platysperma,3999674
tsakalos_2018_applvegsci,False,Hakea polyanthema,Hakea polyanthema,Diels,Species,Accepted,2837822,Hakea polyanthema,Diels,2837822,Proteaceae,exact,100,3999649,Hakea polyanthema Diels,Hakea polyanthema,Diels,SPECIES,ACCEPTED,EXACT,100,3999649,Hakea polyanthema Diels,Diels,Plantae,Tracheophyta,Magnoliopsida,Proteales,Proteaceae,Hakea,Hakea polyanthema,3999649
inaturalist_eneabba|tsakalos_2018_applvegsci,False,Hakea prostrata,Hakea prostrata,R.Br.,Species,Accepted,2837826,Hakea prostrata,R.Br.,2837826,Proteaceae,exact,100,3999602,Hakea prostrata R.Br.,Hakea prostrata,R.Br.,SPECIES,ACCEPTED,EXACT,100,3999602,Hakea prostrata R.Br.,R.Br.,Plantae,Tracheophyta,Magnoliopsida,Proteales,Proteaceae,Hakea,Hakea prostrata,3999602
inaturalist_eneabba|tsakalos_2018_applvegsci,False,Hakea psilorrhyncha,Hakea psilorrhyncha,R.M.Barker,Species,Accepted,2837827,Hakea psilorrhyncha,R.M.Barker,2837827,Proteaceae,exact,100,3999586,Hakea psilorrhyncha R.M.Barker,Hakea psilorrhyncha,R.M.Barker,SPECIES,ACCEPTED,EXACT,100,3999586,Hakea psilorrhyncha R.M.Barker,R.M.Barker,Plantae,Tracheophyta,Magnoliopsida,Proteales,Proteaceae,Hakea,Hakea psilorrhyncha,3999586
inaturalist_eneabba|tsakalos_2018_applvegsci,False,Hakea smilacifolia,Hakea smilacifolia,Meisn.,Species,Accepted,2837861,Hakea smilacifolia,Meisn.,2837861,Proteaceae,exact,100,3999055,Hakea smilacifolia Meisn.,Hakea smilacifolia,Meisn.,SPECIES,ACCEPTED,EXACT,100,3999055,Hakea smilacifolia Meisn.,Meisn.,Plantae,Tracheophyta,Magnoliopsida,Proteales,Proteaceae,Hakea,Hakea smilacifolia,3999055
tsakalos_2018_applvegsci,False,Hakea stenocarpa,Hakea stenocarpa,R.Br.,Species,Accepted,2837864,Hakea stenocarpa,R.Br.,2837864,Proteaceae,exact,100,3999013,Hakea stenocarpa R.Br.,Hakea stenocarpa,R.Br.,SPECIES,ACCEPTED,EXACT,100,3999013,Hakea stenocarpa R.Br.,R.Br.,Plantae,Tracheophyta,Magnoliopsida,Proteales,Proteaceae,Hakea,Hakea stenocarpa,3999013
inaturalist_eneabba|tsakalos_2018_applvegsci,False,Hakea trifurcata,Hakea trifurcata,(Sm.) R.Br.,Species,Accepted,2837894,Hakea trifurcata,(Sm.) R.Br.,2837894,Proteaceae,exact,100,7287520,Hakea trifurcata (Sm.) R.Br.,Hakea trifurcata,(Sm.) R.Br.,SPECIES,ACCEPTED,EXACT,100,7287520,Hakea trifurcata (Sm.) R.Br.,(Sm.) R.Br.,Plantae,Tracheophyta,Magnoliopsida,Proteales,Proteaceae,Hakea,Hakea trifurcata,7287520
tsakalos_2018_applvegsci,False,Hakea varia,Hakea varia,R.Br.,Species,Accepted,2837908,Hakea varia,R.Br.,2837908,Proteaceae,exact,100,3998492,Hakea varia R.Br.,Hakea varia,R.Br.,SPECIES,ACCEPTED,EXACT,100,3998492,Hakea varia R.Br.,R.Br.,Plantae,Tracheophyta,Magnoliopsida,Proteales,Proteaceae,Hakea,Hakea varia,3998492
tsakalos_2018_applvegsci,False,Isopogon adenanthoides,Isopogon adenanthoides,Meisn.,Species,Accepted,2867504,Isopogon adenanthoides,Meisn.,2867504,Proteaceae,exact,100,5636928,Isopogon adenanthoides Meisn.,Isopogon adenanthoides,Meisn.,SPECIES,ACCEPTED,EXACT,100,5636928,Isopogon adenanthoides Meisn.,Meisn.,Plantae,Tracheophyta,Magnoliopsida,Proteales,Proteaceae,Isopogon,Isopogon adenanthoides,5636928
inaturalist_eneabba,False,Isopogon asper,Isopogon asper,R.Br.,Species,Accepted,2867514,Isopogon asper,R.Br.,2867514,Proteaceae,exact,100,5636884,Isopogon asper R.Br.,Isopogon asper,R.Br.,SPECIES,ACCEPTED,EXACT,100,5636884,Isopogon asper R.Br.,R.Br.,Plantae,Tracheophyta,Magnoliopsida,Proteales,Proteaceae,Isopogon,Isopogon asper,5636884
tsakalos_2018_applvegsci,False,Isopogon divergens,Isopogon divergens,R.Br.,Species,Accepted,2867535,Isopogon divergens,R.Br.,2867535,Proteaceae,exact,100,5636765,Isopogon divergens R.Br.,Isopogon divergens,R.Br.,SPECIES,ACCEPTED,EXACT,100,5636765,Isopogon divergens R.Br.,R.Br.,Plantae,Tracheophyta,Magnoliopsida,Proteales,Proteaceae,Isopogon,Isopogon divergens,5636765
inaturalist_eneabba|tsakalos_2018_applvegsci,False,Isopogon dubius,Isopogon dubius,(R.Br.) Druce,Species,Accepted,2867538,Isopogon dubius,(R.Br.) Druce,2867538,Proteaceae,exact,100,5636747,Isopogon dubius (R.Br.) Druce,Isopogon dubius,(R.Br.) Druce,SPECIES,ACCEPTED,EXACT,100,5636747,Isopogon dubius (R.Br.) Druce,(R.Br.) Druce,Plantae,Tracheophyta,Magnoliopsida,Proteales,Proteaceae,Isopogon,Isopogon dubius,5636747
tsakalos_2018_applvegsci,False,Isopogon inconspicuus,Isopogon inconspicuus,(Meisn.) Foreman,Species,Accepted,2867550,Isopogon inconspicuus,(Meisn.) Foreman,2867550,Proteaceae,exact,100,5636695,Isopogon inconspicuus (Meisn.) Foreman,Isopogon inconspicuus,(Meisn.) Foreman,SPECIES,ACCEPTED,EXACT,100,5636695,Isopogon inconspicuus (Meisn.) Foreman,(Meisn.) Foreman,Plantae,Tracheophyta,Magnoliopsida,Proteales,Proteaceae,Isopogon,Isopogon inconspicuus,5636695
inaturalist_eneabba|tsakalos_2018_applvegsci,False,Isopogon linearis,Isopogon linearis,Meisn.,Species,Accepted,2867555,Isopogon linearis,Meisn.,2867555,Proteaceae,exact,100,5636670,Isopogon linearis Meisn.,Isopogon linearis,Meisn.,SPECIES,ACCEPTED,EXACT,100,5636670,Isopogon linearis Meisn.,Meisn.,Plantae,Tracheophyta,Magnoliopsida,Proteales,Proteaceae,Isopogon,Isopogon linearis,5636670
inaturalist_eneabba|tsakalos_2018_applvegsci,False,Isopogon tridens,Isopogon tridens,(Meisn.) F.Muell.,Species,Accepted,2867584,Isopogon tridens,(Meisn.) F.Muell.,2867584,Proteaceae,exact,100,5636536,Isopogon tridens (Meisn.) F.Muell.,Isopogon tridens,(Meisn.) F.Muell.,SPECIES,ACCEPTED,EXACT,100,5636536,Isopogon tridens (Meisn.) F.Muell.,(Meisn.) F.Muell.,Plantae,Tracheophyta,Magnoliopsida,Proteales,Proteaceae,Isopogon,Isopogon tridens,5636536
inaturalist_eneabba|tsakalos_2018_applvegsci,False,Lambertia multiflora,Lambertia multiflora,Lindl.,Species,Accepted,2492033,Lambertia multiflora,Lindl.,2492033,Proteaceae,exact,100,7287730,Lambertia multiflora Lindl.,Lambertia multiflora,Lindl.,SPECIES,ACCEPTED,EXACT,100,7287730,Lambertia multiflora Lindl.,Lindl.,Plantae,Tracheophyta,Magnoliopsida,Proteales,Proteaceae,Lambertia,Lambertia multiflora,7287730
inaturalist_eneabba|riviera_2021_restecol,False,Lambertia multiflora var. multiflora,Lambertia multiflora var. multiflora,nan,Variety,Accepted,3259441,Lambertia multiflora var. multiflora,nan,3259441,Proteaceae,exact,100,7287731,Lambertia multiflora var. multiflora,Lambertia multiflora multiflora,,VARIETY,ACCEPTED,EXACT,99,7287731,Lambertia multiflora var. multiflora,,Plantae,Tracheophyta,Magnoliopsida,Proteales,Proteaceae,Lambertia,Lambertia multiflora,7287730
tsakalos_2018_applvegsci,False,Persoonia acicularis,Persoonia acicularis,F.Muell.,Species,Accepted,2564425,Persoonia acicularis,F.Muell.,2564425,Proteaceae,exact,100,5637993,Persoonia acicularis F.Muell.,Persoonia acicularis,F.Muell.,SPECIES,ACCEPTED,EXACT,100,5637993,Persoonia acicularis F.Muell.,F.Muell.,Plantae,Tracheophyta,Magnoliopsida,Proteales,Proteaceae,Persoonia,Persoonia acicularis,5637993
dbca_2025_tpfl,False,Persoonia chapmaniana,Persoonia chapmaniana,P.H.Weston,Species,Accepted,2564584,Persoonia chapmaniana,P.H.Weston,2564584,Proteaceae,exact,100,5637785,Persoonia chapmaniana P.H.Weston,Persoonia chapmaniana,P.H.Weston,SPECIES,ACCEPTED,EXACT,100,5637785,Persoonia chapmaniana P.H.Weston,P.H.Weston,Plantae,Tracheophyta,Magnoliopsida,Proteales,Proteaceae,Persoonia,Persoonia chapmaniana,5637785
dbca_2025_tpfl|tsakalos_2018_applvegsci,False,Persoonia filiformis,Persoonia filiformis,P.H.Weston,Species,Accepted,2564608,Persoonia filiformis,P.H.Weston,2564608,Proteaceae,exact,100,5637601,Persoonia filiformis P.H.Weston,Persoonia filiformis,P.H.Weston,SPECIES,ACCEPTED,EXACT,100,5637601,Persoonia filiformis P.H.Weston,P.H.Weston,Plantae,Tracheophyta,Magnoliopsida,Proteales,Proteaceae,Persoonia,Persoonia filiformis,5637601
dbca_2025_tpfl|inaturalist_eneabba|tsakalos_2018_applvegsci,False,Persoonia rudis,Persoonia rudis,Meisn.,Species,Accepted,2556342,Persoonia rudis,Meisn.,2556342,Proteaceae,exact,100,5636861,Persoonia rudis Meisn.,Persoonia rudis,Meisn.,SPECIES,ACCEPTED,EXACT,100,5636861,Persoonia rudis Meisn.,Meisn.,Plantae,Tracheophyta,Magnoliopsida,Proteales,Proteaceae,Persoonia,Persoonia rudis,5636861
inaturalist_eneabba|tsakalos_2018_applvegsci,False,Petrophile brevifolia,Petrophile brevifolia,Lindl.,Species,Accepted,2564566,Petrophile brevifolia,Lindl.,2564566,Proteaceae,exact,100,3995547,Petrophile brevifolia Lindl.,Petrophile brevifolia,Lindl.,SPECIES,ACCEPTED,EXACT,100,3995547,Petrophile brevifolia Lindl.,Lindl.,Plantae,Tracheophyta,Magnoliopsida,Proteales,Proteaceae,Petrophile,Petrophile brevifolia,3995547
tsakalos_2018_applvegsci,False,Petrophile chrysantha,Petrophile chrysantha,Meisn.,Species,Accepted,2564560,Petrophile chrysantha,Meisn.,2564560,Proteaceae,exact,100,3995514,Petrophile chrysantha Meisn.,Petrophile chrysantha,Meisn.,SPECIES,ACCEPTED,EXACT,100,3995514,Petrophile chrysantha Meisn.,Meisn.,Plantae,Tracheophyta,Magnoliopsida,Proteales,Proteaceae,Petrophile,Petrophile chrysantha,3995514
inaturalist_eneabba|riviera_2021_restecol|tsakalos_2018_applvegsci,False,Petrophile drummondii,Petrophile drummondii,Meisn.,Species,Accepted,2564550,Petrophile drummondii,Meisn.,2564550,Proteaceae,exact,100,3995341,Petrophile drummondii Meisn.,Petrophile drummondii,Meisn.,SPECIES,ACCEPTED,EXACT,100,3995341,Petrophile drummondii Meisn.,Meisn.,Plantae,Tracheophyta,Magnoliopsida,Proteales,Proteaceae,Petrophile,Petrophile drummondii,3995341
inaturalist_eneabba|tsakalos_2018_applvegsci,False,Petrophile linearis,Petrophile linearis,R.Br.,Species,Accepted,2557816,Petrophile linearis,R.Br.,2557816,Proteaceae,exact,100,7287038,Petrophile linearis R.Br.,Petrophile linearis,R.Br.,SPECIES,ACCEPTED,EXACT,100,7287038,Petrophile linearis R.Br.,R.Br.,Plantae,Tracheophyta,Magnoliopsida,Proteales,Proteaceae,Petrophile,Petrophile linearis,7287038
inaturalist_eneabba|tsakalos_2018_applvegsci,False,Petrophile macrostachya,Petrophile macrostachya,R.Br.,Species,Accepted,2557799,Petrophile macrostachya,R.Br.,2557799,Proteaceae,exact,100,3994985,Petrophile macrostachya R.Br.,Petrophile macrostachya,R.Br.,SPECIES,ACCEPTED,EXACT,100,3994985,Petrophile macrostachya R.Br.,R.Br.,Plantae,Tracheophyta,Magnoliopsida,Proteales,Proteaceae,Petrophile,Petrophile macrostachya,3994985
tsakalos_2018_applvegsci,False,Petrophile megalostegia,Petrophile megalostegia,F.Muell.,Species,Accepted,2557811,Petrophile megalostegia,F.Muell.,2557811,Proteaceae,exact,100,3994920,Petrophile megalostegia F.Muell.,Petrophile megalostegia,F.Muell.,SPECIES,ACCEPTED,EXACT,100,3994920,Petrophile megalostegia F.Muell.,F.Muell.,Plantae,Tracheophyta,Magnoliopsida,Proteales,Proteaceae,Petrophile,Petrophile megalostegia,3994920
dbca_2025_tpfl,False,Petrophile nivea,Petrophile nivea,Hislop & Rye,Species,Accepted,2557795,Petrophile nivea,Hislop & Rye,2557795,Proteaceae,exact,100,3994876,Petrophile nivea Hislop & Rye,Petrophile nivea,Hislop & Rye,SPECIES,ACCEPTED,EXACT,100,3994876,Petrophile nivea Hislop & Rye,Hislop & Rye,Plantae,Tracheophyta,Magnoliopsida,Proteales,Proteaceae,Petrophile,Petrophile nivea,3994876
tsakalos_2018_applvegsci,False,Petrophile scabriuscula,Petrophile scabriuscula,Meisn.,Species,Accepted,2564206,Petrophile scabriuscula,Meisn.,2564206,Proteaceae,exact,100,3994653,Petrophile scabriuscula Meisn.,Petrophile scabriuscula,Meisn.,SPECIES,ACCEPTED,EXACT,100,3994653,Petrophile scabriuscula Meisn.,Meisn.,Plantae,Tracheophyta,Magnoliopsida,Proteales,Proteaceae,Petrophile,Petrophile scabriuscula,3994653
tsakalos_2018_applvegsci,False,Petrophile seminuda,Petrophile seminuda,Lindl.,Species,Accepted,2564224,Petrophile seminuda,Lindl.,2564224,Proteaceae,exact,100,7286965,Petrophile seminuda Lindl.,Petrophile seminuda,Lindl.,SPECIES,ACCEPTED,EXACT,100,7286965,Petrophile seminuda Lindl.,Lindl.,Plantae,Tracheophyta,Magnoliopsida,Proteales,Proteaceae,Petrophile,Petrophile seminuda,7286965
dbca_2025_tpfl,False,Petrophile septemfida,Petrophile septemfida,Rye & K.A.Sheph.,Species,Accepted,2904934,Petrophile septemfida,Rye & K.A.Sheph.,2904934,Proteaceae,exact,100,8405860,Petrophile septemfida Rye & K.A.Sheph.,Petrophile septemfida,Rye & K.A.Sheph.,SPECIES,ACCEPTED,EXACT,100,8405860,Petrophile septemfida Rye & K.A.Sheph.,Rye & K.A.Sheph.,Plantae,Tracheophyta,Magnoliopsida,Proteales,Proteaceae,Petrophile,Petrophile septemfida,8405860
inaturalist_eneabba|tsakalos_2018_applvegsci,False,Petrophile shuttleworthiana,Petrophile shuttleworthiana,Meisn.,Species,Accepted,2564236,Petrophile shuttleworthiana,Meisn.,2564236,Proteaceae,exact,100,3994574,Petrophile shuttleworthiana Meisn.,Petrophile shuttleworthiana,Meisn.,SPECIES,ACCEPTED,EXACT,100,3994574,Petrophile shuttleworthiana Meisn.,Meisn.,Plantae,Tracheophyta,Magnoliopsida,Proteales,Proteaceae,Petrophile,Petrophile shuttleworthiana,3994574
tsakalos_2018_applvegsci,False,Petrophile striata,Petrophile striata,R.Br.,Species,Accepted,2564238,Petrophile striata,R.Br.,2564238,Proteaceae,exact,100,3994552,Petrophile striata R.Br.,Petrophile striata,R.Br.,SPECIES,ACCEPTED,EXACT,100,3994552,Petrophile striata R.Br.,R.Br.,Plantae,Tracheophyta,Magnoliopsida,Proteales,Proteaceae,Petrophile,Petrophile striata,3994552
tsakalos_2018_applvegsci,False,Stirlingia latifolia,Stirlingia latifolia,(R.Br.) Steud.,Species,Accepted,2600792,Stirlingia latifolia,(R.Br.) Steud.,2600792,Proteaceae,exact,100,3995038,Stirlingia latifolia (R.Br.) Steud.,Stirlingia latifolia,(R.Br.) Steud.,SPECIES,ACCEPTED,EXACT,100,3995038,Stirlingia latifolia (R.Br.) Steud.,(R.Br.) Steud.,Plantae,Tracheophyta,Magnoliopsida,Proteales,Proteaceae,Stirlingia,Stirlingia latifolia,3995038
tsakalos_2018_applvegsci,False,Strangea cynanchicarpa,Strangea cynanchicarpa,(Meisn.) F.Muell.,Species,Accepted,2600794,Strangea cynanchicarpa,(Meisn.) F.Muell.,2600794,Proteaceae,exact,100,3997780,Strangea cynanchicarpa (Meisn.) F.Muell.,Strangea cynanchicarpa,(Meisn.) F.Muell.,SPECIES,SYNONYM,EXACT,100,3994944,Strangea cynanchocarpa (Meisn.) F.Muell.,(Meisn.) F.Muell.,Plantae,Tracheophyta,Magnoliopsida,Proteales,Proteaceae,Strangea,Strangea cynanchocarpa,3994944
tsakalos_2018_applvegsci,False,Synaphea aephynsa,Synaphea aephynsa,A.S.George,Species,Accepted,2600813,Synaphea aephynsa,A.S.George,2600813,Proteaceae,exact,100,3994696,Synaphea aephynsa A.S.George,Synaphea aephynsa,A.S.George,SPECIES,ACCEPTED,EXACT,100,3994696,Synaphea aephynsa A.S.George,A.S.George,Plantae,Tracheophyta,Magnoliopsida,Proteales,Proteaceae,Synaphea,Synaphea aephynsa,3994696
dbca_2025_tpfl,False,Synaphea endothrix,Synaphea endothrix,A.S.George,Species,Accepted,2600906,Synaphea endothrix,A.S.George,2600906,Proteaceae,exact,100,3994508,Synaphea endothrix A.S.George,Synaphea endothrix,A.S.George,SPECIES,ACCEPTED,EXACT,100,3994508,Synaphea endothrix A.S.George,A.S.George,Plantae,Tracheophyta,Magnoliopsida,Proteales,Proteaceae,Synaphea,Synaphea endothrix,3994508
dbca_2025_tpfl,False,Synaphea oulopha,Synaphea oulopha,A.S.George,Species,Accepted,2600924,Synaphea oulopha,A.S.George,2600924,Proteaceae,exact,100,3999814,Synaphea oulopha A.S.George,Synaphea oulopha,A.S.George,SPECIES,ACCEPTED,EXACT,100,3999814,Synaphea oulopha A.S.George,A.S.George,Plantae,Tracheophyta,Magnoliopsida,Proteales,Proteaceae,Synaphea,Synaphea oulopha,3999814
dbca_2025_tpfl,False,Synaphea sparsiflora,Synaphea sparsiflora,A.S.George,Species,Accepted,2600874,Synaphea sparsiflora,A.S.George,2600874,Proteaceae,exact,100,3999585,Synaphea sparsiflora A.S.George,Synaphea sparsiflora,A.S.George,SPECIES,ACCEPTED,EXACT,100,3999585,Synaphea sparsiflora A.S.George,A.S.George,Plantae,Tracheophyta,Magnoliopsida,Proteales,Proteaceae,Synaphea,Synaphea sparsiflora,3999585
tsakalos_2018_applvegsci,False,Synaphea spinulosa,Synaphea spinulosa,(Burm.f.) Merr.,Species,Accepted,3221037,Synaphea spinulosa,(Burm.f.) Merr.,3221037,Proteaceae,exact,100,7287686,Synaphea spinulosa (Burm.fil.) Merr.,Synaphea spinulosa,(Burm.fil.) Merr.,SPECIES,ACCEPTED,EXACT,100,7287686,Synaphea spinulosa (Burm.fil.) Merr.,(Burm.fil.) Merr.,Plantae,Tracheophyta,Magnoliopsida,Proteales,Proteaceae,Synaphea,Synaphea spinulosa,7287686
dbca_2025_tpfl,False,Synaphea xela,Synaphea xela,R.Butcher,Species,Accepted,2605655,Synaphea xela,R.Butcher,2605655,Proteaceae,exact,100,3999469,Synaphea xela R.Butcher,Synaphea xela,R.Butcher,SPECIES,ACCEPTED,EXACT,100,3999469,Synaphea xela R.Butcher,R.Butcher,Plantae,Tracheophyta,Magnoliopsida,Proteales,Proteaceae,Synaphea,Synaphea xela,3999469
inaturalist_eneabba|tsakalos_2018_applvegsci,False,Xylomelum angustifolium,Xylomelum angustifolium,Kippist & Meisn.,Species,Accepted,2467454,Xylomelum angustifolium,Kippist & Meisn.,2467454,Proteaceae,exact,100,3998912,Xylomelum angustifolium Kippist ex Meisn.,Xylomelum angustifolium,Kippist ex Meisn.,SPECIES,ACCEPTED,EXACT,100,3998912,Xylomelum angustifolium Kippist ex Meisn.,Kippist ex Meisn.,Plantae,Tracheophyta,Magnoliopsida,Proteales,Proteaceae,Xylomelum,Xylomelum angustifolium,3998912
tsakalos_2018_applvegsci,False,Alexgeorgea nitens,Alexgeorgea nitens,(Nees) L.A.S.Johnson & B.G.Briggs,Species,Accepted,218524,Alexgeorgea nitens,(Nees) L.A.S.Johnson & B.G.Briggs,218524,Restionaceae,exact,100,8789077,Alexgeorgea nitens (Nees) L.A.S.Johnson & B.G.Briggs,Alexgeorgea nitens,(Nees) L.A.S.Johnson & B.G.Briggs,SPECIES,ACCEPTED,EXACT,100,8789077,Alexgeorgea nitens (Nees) L.A.S.Johnson & B.G.Briggs,(Nees) L.A.S.Johnson & B.G.Briggs,Plantae,Tracheophyta,Liliopsida,Poales,Restionaceae,Alexgeorgea,Alexgeorgea nitens,8789077
tsakalos_2018_applvegsci,False,Alexgeorgea subterranea,Alexgeorgea subterranea,Carlquist,Species,Accepted,218525,Alexgeorgea subterranea,Carlquist,218525,Restionaceae,exact,100,2706739,Alexgeorgea subterranea Carlquist,Alexgeorgea subterranea,Carlquist,SPECIES,ACCEPTED,EXACT,100,2706739,Alexgeorgea subterranea Carlquist,Carlquist,Plantae,Tracheophyta,Liliopsida,Poales,Restionaceae,Alexgeorgea,Alexgeorgea subterranea,2706739
tsakalos_2018_applvegsci,False,Anarthria polyphylla,Anarthria polyphylla,Nees,Species,Accepted,219778,Anarthria polyphylla,Nees,219778,Restionaceae,exact,100,2731695,Anarthria polyphylla Nees,Anarthria polyphylla,Nees,SPECIES,ACCEPTED,EXACT,100,2731695,Anarthria polyphylla Nees,Nees,Plantae,Tracheophyta,Liliopsida,Poales,Restionaceae,Anarthria,Anarthria polyphylla,2731695
tsakalos_2018_applvegsci,False,Centrolepis aristata,Centrolepis aristata,(R.Br.) Roem. & Schult.,Species,Accepted,232577,Centrolepis aristata,(R.Br.) Roem. & Schult.,232577,Restionaceae,exact,100,5287484,Centrolepis aristata (R.Br.) Roem. & Schult.,Centrolepis aristata,(R.Br.) Roem. & Schult.,SPECIES,ACCEPTED,EXACT,100,5287484,Centrolepis aristata (R.Br.) Roem. & Schult.,(R.Br.) Roem. & Schult.,Plantae,Tracheophyta,Liliopsida,Poales,Restionaceae,Centrolepis,Centrolepis aristata,5287484
dbca_2025_tpfl,False,Centrolepis milleri,Centrolepis milleri,M.D.Barrett & D.D.Sokoloff,Species,Accepted,496369,Centrolepis milleri,M.D.Barrett & D.D.Sokoloff,496369,Restionaceae,exact,100,9408897,Centrolepis milleri M.D.Barrett & D.D.Sokoloff,Centrolepis milleri,M.D.Barrett & D.D.Sokoloff,SPECIES,ACCEPTED,EXACT,100,9408897,Centrolepis milleri M.D.Barrett & D.D.Sokoloff,M.D.Barrett & D.D.Sokoloff,Plantae,Tracheophyta,Liliopsida,Poales,Restionaceae,Centrolepis,Centrolepis milleri,9408897
tsakalos_2018_applvegsci,False,Centrolepis mutica,Centrolepis mutica,(R.Br.) Hieron.,Species,Accepted,232608,Centrolepis mutica,(R.Br.) Hieron.,232608,Restionaceae,exact,100,5287508,Centrolepis mutica (R.Br.) Hieron.,Centrolepis mutica,(R.Br.) Hieron.,SPECIES,ACCEPTED,EXACT,100,5287508,Centrolepis mutica (R.Br.) Hieron.,(R.Br.) Hieron.,Plantae,Tracheophyta,Liliopsida,Poales,Restionaceae,Centrolepis,Centrolepis mutica,5287508
inaturalist_eneabba,False,Centrolepis pilosa,Centrolepis pilosa,Hieron.,Species,Accepted,232615,Centrolepis pilosa,Hieron.,232615,Restionaceae,exact,100,5287445,Centrolepis pilosa Hieron.,Centrolepis pilosa,Hieron.,SPECIES,ACCEPTED,EXACT,100,5287445,Centrolepis pilosa Hieron.,Hieron.,Plantae,Tracheophyta,Liliopsida,Poales,Restionaceae,Centrolepis,Centrolepis pilosa,5287445
inaturalist_eneabba|tsakalos_2018_applvegsci,False,Centrolepis polygyna,Centrolepis polygyna,(R.Br.) Hieron.,Species,Accepted,232618,Centrolepis polygyna,(R.Br.) Hieron.,232618,Restionaceae,exact,100,5287446,Centrolepis polygyna (R.Br.) Hieron.,Centrolepis polygyna,(R.Br.) Hieron.,SPECIES,ACCEPTED,EXACT,100,5287446,Centrolepis polygyna (R.Br.) Hieron.,(R.Br.) Hieron.,Plantae,Tracheophyta,Liliopsida,Poales,Restionaceae,Centrolepis,Centrolepis polygyna,5287446
dbca_2025_tpfl,False,Chordifex reseminans,Chordifex reseminans,B.G.Briggs & L.A.S.Johnson,Species,Accepted,331496,Chordifex reseminans,B.G.Briggs & L.A.S.Johnson,331496,Restionaceae,exact,100,2707159,Chordifex reseminans B.G.Briggs & L.A.S.Johnson,Chordifex reseminans,B.G.Briggs & L.A.S.Johnson,SPECIES,ACCEPTED,EXACT,100,2707159,Chordifex reseminans B.G.Briggs & L.A.S.Johnson,B.G.Briggs & L.A.S.Johnson,Plantae,Tracheophyta,Liliopsida,Poales,Restionaceae,Chordifex,Chordifex reseminans,2707159
riviera_2021_restecol|tsakalos_2018_applvegsci,False,Chordifex sinuosus,Chordifex sinuosus,B.G.Briggs & L.A.S.Johnson,Species,Accepted,331497,Chordifex sinuosus,B.G.Briggs & L.A.S.Johnson,331497,Restionaceae,exact,100,2707177,Chordifex sinuosus B.G.Briggs & L.A.S.Johnson,Chordifex sinuosus,B.G.Briggs & L.A.S.Johnson,SPECIES,ACCEPTED,EXACT,100,2707177,Chordifex sinuosus B.G.Briggs & L.A.S.Johnson,B.G.Briggs & L.A.S.Johnson,Plantae,Tracheophyta,Liliopsida,Poales,Restionaceae,Chordifex,Chordifex sinuosus,2707177
tsakalos_2018_applvegsci,False,Desmocladus asper,Desmocladus asper,(Nees) B.G.Briggs & L.A.S.Johnson,Species,Accepted,239276,Desmocladus asper,(Nees) B.G.Briggs & L.A.S.Johnson,239276,Restionaceae,exact,100,2707844,Desmocladus asper (Nees) B.G.Briggs & L.A.S.Johnson,Desmocladus asper,(Nees) B.G.Briggs & L.A.S.Johnson,SPECIES,ACCEPTED,EXACT,100,2707844,Desmocladus asper (Nees) B.G.Briggs & L.A.S.Johnson,(Nees) B.G.Briggs & L.A.S.Johnson,Plantae,Tracheophyta,Liliopsida,Poales,Restionaceae,Desmocladus,Desmocladus asper,2707844
dbca_2025_tpfl|tsakalos_2018_applvegsci,False,Desmocladus elongatus,Desmocladus elongatus,B.G.Briggs & L.A.S.Johnson,Species,Accepted,239282,Desmocladus elongatus,B.G.Briggs & L.A.S.Johnson,239282,Restionaceae,exact,100,2707829,Desmocladus elongatus B.G.Briggs & L.A.S.Johnson,Desmocladus elongatus,B.G.Briggs & L.A.S.Johnson,SPECIES,ACCEPTED,EXACT,100,2707829,Desmocladus elongatus B.G.Briggs & L.A.S.Johnson,B.G.Briggs & L.A.S.Johnson,Plantae,Tracheophyta,Liliopsida,Poales,Restionaceae,Desmocladus,Desmocladus elongatus,2707829
tsakalos_2018_applvegsci,False,Desmocladus cf. flexuosus,Desmocladus flexuosus,(R.Br.) B.G.Briggs & L.A.S.Johnson,Species,Accepted,239284,Desmocladus flexuosus,(R.Br.) B.G.Briggs & L.A.S.Johnson,239284,Restionaceae,fuzzy,95,2707854,Desmocladus flexuosus (R.Br.) B.G.Briggs & L.A.S.Johnson,Desmocladus flexuosus,(R.Br.) B.G.Briggs & L.A.S.Johnson,SPECIES,ACCEPTED,EXACT,100,2707854,Desmocladus flexuosus (R.Br.) B.G.Briggs & L.A.S.Johnson,(R.Br.) B.G.Briggs & L.A.S.Johnson,Plantae,Tracheophyta,Liliopsida,Poales,Restionaceae,Desmocladus,Desmocladus flexuosus,2707854
tsakalos_2018_applvegsci,False,Desmocladus lateriflorus,Desmocladus lateriflorus,(W.Fitzg.) B.G.Briggs,Species,Accepted,520597,Desmocladus lateriflorus,(W.Fitzg.) B.G.Briggs,520597,Restionaceae,exact,100,9344056,Desmocladus lateriflorus (W.Fitzg.) B.G.Briggs,Desmocladus lateriflorus,(W.Fitzg.) B.G.Briggs,SPECIES,ACCEPTED,EXACT,100,9344056,Desmocladus lateriflorus (W.Fitzg.) B.G.Briggs,(W.Fitzg.) B.G.Briggs,Plantae,Tracheophyta,Liliopsida,Poales,Restionaceae,Desmocladus,Desmocladus lateriflorus,9344056
tsakalos_2018_applvegsci,False,Desmocladus lateriticus,Desmocladus lateriticus,B.G.Briggs & L.A.S.Johnson,Species,Accepted,239286,Desmocladus lateriticus,B.G.Briggs & L.A.S.Johnson,239286,Restionaceae,exact,100,2707851,Desmocladus lateriticus B.G.Briggs & L.A.S.Johnson,Desmocladus lateriticus,B.G.Briggs & L.A.S.Johnson,SPECIES,ACCEPTED,EXACT,100,2707851,Desmocladus lateriticus B.G.Briggs & L.A.S.Johnson,B.G.Briggs & L.A.S.Johnson,Plantae,Tracheophyta,Liliopsida,Poales,Restionaceae,Desmocladus,Desmocladus lateriticus,2707851
tsakalos_2018_applvegsci,False,Desmocladus parthenicus,Desmocladus parthenicus,B.G.Briggs & L.A.S.Johnson,Species,Accepted,239288,Desmocladus parthenicus,B.G.Briggs & L.A.S.Johnson,239288,Restionaceae,exact,100,2707831,Desmocladus parthenicus B.G.Briggs & L.A.S.Johnson,Desmocladus parthenicus,B.G.Briggs & L.A.S.Johnson,SPECIES,ACCEPTED,EXACT,100,2707831,Desmocladus parthenicus B.G.Briggs & L.A.S.Johnson,B.G.Briggs & L.A.S.Johnson,Plantae,Tracheophyta,Liliopsida,Poales,Restionaceae,Desmocladus,Desmocladus parthenicus,2707831
tsakalos_2018_applvegsci,False,Desmocladus semiplanus,Desmocladus semiplanus,B.G.Briggs & L.A.S.Johnson,Species,Accepted,239290,Desmocladus semiplanus,B.G.Briggs & L.A.S.Johnson,239290,Restionaceae,exact,100,2707827,Desmocladus semiplanus B.G.Briggs & L.A.S.Johnson,Desmocladus semiplanus,B.G.Briggs & L.A.S.Johnson,SPECIES,ACCEPTED,EXACT,100,2707827,Desmocladus semiplanus B.G.Briggs & L.A.S.Johnson,B.G.Briggs & L.A.S.Johnson,Plantae,Tracheophyta,Liliopsida,Poales,Restionaceae,Desmocladus,Desmocladus semiplanus,2707827
tsakalos_2018_applvegsci,False,Desmocladus virgatus,Desmocladus virgatus,(Benth.) B.G.Briggs & L.A.S.Johnson,Species,Accepted,239291,Desmocladus virgatus,(Benth.) B.G.Briggs & L.A.S.Johnson,239291,Restionaceae,exact,100,2707833,Desmocladus virgatus (Benth.) B.G.Briggs & L.A.S.Johnson,Desmocladus virgatus,(Benth.) B.G.Briggs & L.A.S.Johnson,SPECIES,ACCEPTED,EXACT,100,2707833,Desmocladus virgatus (Benth.) B.G.Briggs & L.A.S.Johnson,(Benth.) B.G.Briggs & L.A.S.Johnson,Plantae,Tracheophyta,Liliopsida,Poales,Restionaceae,Desmocladus,Desmocladus virgatus,2707833
dbca_2025_tpfl,False,Hopkinsia anoectocolea,Hopkinsia anoectocolea,(F.Muell.) D.F.Cutler,Species,Accepted,249253,Hopkinsia anoectocolea,(F.Muell.) D.F.Cutler,249253,Restionaceae,exact,100,5293048,Hopkinsia anoectocolea (F.Muell.) D.F.Cutler,Hopkinsia anoectocolea,(F.Muell.) D.F.Cutler,SPECIES,ACCEPTED,EXACT,100,5293048,Hopkinsia anoectocolea (F.Muell.) D.F.Cutler,(F.Muell.) D.F.Cutler,Plantae,Tracheophyta,Liliopsida,Poales,Restionaceae,Hopkinsia,Hopkinsia anoectocolea,5293048
tsakalos_2018_applvegsci,False,Lepidobolus chaetocephalus,Lepidobolus chaetocephalus,F.Muell.,Species,Accepted,252122,Lepidobolus chaetocephalus,F.Muell.,252122,Restionaceae,exact,100,2707454,Lepidobolus chaetocephalus F.Muell.,Lepidobolus chaetocephalus,F.Muell.,SPECIES,ACCEPTED,EXACT,100,2707454,Lepidobolus chaetocephalus F.Muell.,F.Muell.,Plantae,Tracheophyta,Liliopsida,Poales,Restionaceae,Lepidobolus,Lepidobolus chaetocephalus,2707454
tsakalos_2018_applvegsci,False,Lepidobolus preissianus,Lepidobolus preissianus,Nees,Species,Accepted,252125,Lepidobolus preissianus,Nees,252125,Restionaceae,exact,100,2707451,Lepidobolus preissianus Nees,Lepidobolus preissianus,Nees,SPECIES,ACCEPTED,EXACT,100,2707451,Lepidobolus preissianus Nees,Nees,Plantae,Tracheophyta,Liliopsida,Poales,Restionaceae,Lepidobolus,Lepidobolus preissianus,2707451
dbca_2025_tpfl|tsakalos_2018_applvegsci,False,Lepidobolus quadratus,Lepidobolus quadratus,B.G.Briggs & L.A.S.Johnson,Species,Accepted,491120,Lepidobolus quadratus,B.G.Briggs & L.A.S.Johnson,491120,Restionaceae,exact,100,9624525,Lepidobolus quadratus B.G.Briggs & L.A.S.Johnson,Lepidobolus quadratus,B.G.Briggs & L.A.S.Johnson,SPECIES,ACCEPTED,EXACT,100,9624525,Lepidobolus quadratus B.G.Briggs & L.A.S.Johnson,B.G.Briggs & L.A.S.Johnson,Plantae,Tracheophyta,Liliopsida,Poales,Restionaceae,Lepidobolus,Lepidobolus quadratus,9624525
tsakalos_2018_applvegsci,False,Loxocarya striata,Loxocarya striata,(F.Muell.) B.G.Briggs & L.A.S.Johnson,Species,Accepted,252679,Loxocarya striata,(F.Muell.) B.G.Briggs & L.A.S.Johnson,252679,Restionaceae,exact,100,2706901,Loxocarya striata (F.Muell.) B.G.Briggs & L.A.S.Johnson,Loxocarya striata,(F.Muell.) B.G.Briggs & L.A.S.Johnson,SPECIES,ACCEPTED,EXACT,100,2706901,Loxocarya striata (F.Muell.) B.G.Briggs & L.A.S.Johnson,(F.Muell.) B.G.Briggs & L.A.S.Johnson,Plantae,Tracheophyta,Liliopsida,Poales,Restionaceae,Loxocarya,Loxocarya striata,2706901
inaturalist_eneabba|tsakalos_2018_applvegsci,False,Lyginia imberbis,Lyginia imberbis,R.Br.,Species,Accepted,252711,Lyginia imberbis,R.Br.,252711,Restionaceae,exact,100,2731696,Lyginia imberbis R.Br.,Lyginia imberbis,R.Br.,SPECIES,ACCEPTED,EXACT,100,2731696,Lyginia imberbis R.Br.,R.Br.,Plantae,Tracheophyta,Liliopsida,Poales,Restionaceae,Lyginia,Lyginia imberbis,2731696
tsakalos_2018_applvegsci,False,Cryptandra intermedia,Cryptandra intermedia,(Rye) Rye,Species,Accepted,2606828,Cryptandra intermedia,(Rye) Rye,2606828,Rhamnaceae,exact,100,3877269,Cryptandra intermedia (Rye) Rye,Cryptandra intermedia,(Rye) Rye,SPECIES,ACCEPTED,EXACT,100,3877269,Cryptandra intermedia (Rye) Rye,(Rye) Rye,Plantae,Tracheophyta,Magnoliopsida,Rosales,Rhamnaceae,Cryptandra,Cryptandra intermedia,3877269
tsakalos_2018_applvegsci,False,Cryptandra myriantha,Cryptandra myriantha,Diels,Species,Accepted,2745331,Cryptandra myriantha,Diels,2745331,Rhamnaceae,exact,100,3876954,Cryptandra myriantha Diels,Cryptandra myriantha,Diels,SPECIES,ACCEPTED,EXACT,100,3876954,Cryptandra myriantha Diels,Diels,Plantae,Tracheophyta,Magnoliopsida,Rosales,Rhamnaceae,Cryptandra,Cryptandra myriantha,3876954
tsakalos_2018_applvegsci,False,Cryptandra nutans,Cryptandra nutans,Steud.,Species,Accepted,2745335,Cryptandra nutans,Steud.,2745335,Rhamnaceae,exact,100,7273936,Cryptandra nutans Steud.,Cryptandra nutans,Steud.,SPECIES,ACCEPTED,EXACT,100,7273936,Cryptandra nutans Steud.,Steud.,Plantae,Tracheophyta,Magnoliopsida,Rosales,Rhamnaceae,Cryptandra,Cryptandra nutans,7273936
tsakalos_2018_applvegsci,False,Cryptandra pungens,Cryptandra pungens,Steud.,Species,Accepted,2745354,Cryptandra pungens,Steud.,2745354,Rhamnaceae,exact,100,3876579,Cryptandra pungens Steud.,Cryptandra pungens,Steud.,SPECIES,ACCEPTED,EXACT,100,3876579,Cryptandra pungens Steud.,Steud.,Plantae,Tracheophyta,Magnoliopsida,Rosales,Rhamnaceae,Cryptandra,Cryptandra pungens,3876579
tsakalos_2018_applvegsci,False,Cryptandra scoparia,Cryptandra scoparia,Reissek,Species,Accepted,2745360,Cryptandra scoparia,Reissek,2745360,Rhamnaceae,exact,100,7273895,Cryptandra scoparia Reissek,Cryptandra scoparia,Reissek,SPECIES,ACCEPTED,EXACT,100,7273895,Cryptandra scoparia Reissek,Reissek,Plantae,Tracheophyta,Magnoliopsida,Rosales,Rhamnaceae,Cryptandra,Cryptandra scoparia,7273895
tsakalos_2018_applvegsci,False,Polianthion wichurae,Polianthion wichurae,(Nees ex Reissek) K.R.Thiele,Species,Accepted,2605236,Polianthion wichurae,(Nees ex Reissek) K.R.Thiele,2605236,Rhamnaceae,exact,100,3874457,Polianthion wichurae (Nees ex Reissek) K.R.Thiele,Polianthion wichurae,(Nees ex Reissek) K.R.Thiele,SPECIES,ACCEPTED,EXACT,100,3874457,Polianthion wichurae (Nees ex Reissek) K.R.Thiele,(Nees ex Reissek) K.R.Thiele,Plantae,Tracheophyta,Magnoliopsida,Rosales,Rhamnaceae,Polianthion,Polianthion wichurae,3874457
tsakalos_2018_applvegsci,False,Stenanthemum humile,Stenanthemum humile,Benth.,Species,Accepted,2600371,Stenanthemum humile,Benth.,2600371,Rhamnaceae,exact,100,3876727,Stenanthemum humile Benth.,Stenanthemum humile,Benth.,SPECIES,ACCEPTED,EXACT,100,3876727,Stenanthemum humile Benth.,Benth.,Plantae,Tracheophyta,Magnoliopsida,Rosales,Rhamnaceae,Stenanthemum,Stenanthemum humile,3876727
tsakalos_2018_applvegsci,False,Stenanthemum notiale,Stenanthemum notiale,Rye,Species,Accepted,2600473,Stenanthemum notiale,Rye,2600473,Rhamnaceae,exact,100,7273912,Stenanthemum notiale Rye,Stenanthemum notiale,Rye,SPECIES,ACCEPTED,EXACT,100,7273912,Stenanthemum notiale Rye,Rye,Plantae,Tracheophyta,Magnoliopsida,Rosales,Rhamnaceae,Stenanthemum,Stenanthemum notiale,7273912
tsakalos_2018_applvegsci,True,Galium murale,Galium murale,(L.) All.,Species,Accepted,86930,Galium murale,(L.) All.,86930,Rubiaceae,exact,100,2914590,Galium murale (L.) All.,Galium murale,(L.) All.,SPECIES,ACCEPTED,EXACT,100,2914590,Galium murale (L.) All.,(L.) All.,Plantae,Tracheophyta,Magnoliopsida,Gentianales,Rubiaceae,Galium,Galium murale,2914590
tsakalos_2018_applvegsci,False,Opercularia spermacocea,Opercularia spermacocea,Juss.,Species,Accepted,140227,Opercularia spermacocea,Juss.,140227,Rubiaceae,exact,100,5337410,Opercularia spermacocea Juss.,Opercularia spermacocea,Juss.,SPECIES,ACCEPTED,EXACT,100,5337410,Opercularia spermacocea Juss.,Juss.,Plantae,Tracheophyta,Magnoliopsida,Gentianales,Rubiaceae,Opercularia,Opercularia spermacocea,5337410
tsakalos_2018_applvegsci,False,Opercularia vaginata,Opercularia vaginata,Juss.,Species,Accepted,140231,Opercularia vaginata,Juss.,140231,Rubiaceae,exact,100,5337437,Opercularia vaginata Juss.,Opercularia vaginata,Juss.,SPECIES,ACCEPTED,EXACT,100,5337437,Opercularia vaginata Juss.,Juss.,Plantae,Tracheophyta,Magnoliopsida,Gentianales,Rubiaceae,Opercularia,Opercularia vaginata,5337437
tsakalos_2018_applvegsci,False,Boronia cymosa,Boronia cymosa,Endl.,Species,Accepted,2679910,Boronia cymosa,Endl.,2679910,Rutaceae,exact,100,3831194,Boronia cymosa Endl.,Boronia cymosa,Endl.,SPECIES,ACCEPTED,EXACT,100,3831194,Boronia cymosa Endl.,Endl.,Plantae,Tracheophyta,Magnoliopsida,Sapindales,Rutaceae,Boronia,Boronia cymosa,3831194
tsakalos_2018_applvegsci,False,Boronia purdieana subsp. purdieana,Boronia purdieana subsp. purdieana,nan,Subspecies,Accepted,3262339,Boronia purdieana subsp. purdieana,nan,3262339,Rutaceae,exact,100,3836051,Boronia purdieana subsp. purdieana,Boronia purdieana purdieana,,SUBSPECIES,ACCEPTED,EXACT,99,3836051,Boronia purdieana subsp. purdieana,,Plantae,Tracheophyta,Magnoliopsida,Sapindales,Rutaceae,Boronia,Boronia purdieana,7269367
tsakalos_2018_applvegsci,False,Boronia coerulescens subsp. spicata,Boronia coerulescens subsp. spicata,Paul G.Wilson,Subspecies,Synonym,2679890,Cyanothamnus coerulescens subsp. spicatus,(Paul G.Wilson) Duretto & Heslewood,3243401,Rutaceae,exact,100,10734151,Cyanothamnus coerulescens subsp. spicatus (Paul G.Wilson) Duretto & Heslewood,Cyanothamnus coerulescens spicatus,(Paul G.Wilson) Duretto & Heslewood,SUBSPECIES,ACCEPTED,EXACT,100,10734151,Cyanothamnus coerulescens subsp. spicatus (Paul G.Wilson) Duretto & Heslewood,(Paul G.Wilson) Duretto & Heslewood,Plantae,Tracheophyta,Magnoliopsida,Sapindales,Rutaceae,Cyanothamnus,Cyanothamnus coerulescens,10781307
tsakalos_2018_applvegsci,False,Boronia coerulescens subsp. spinescens,Boronia coerulescens subsp. spinescens,(Benth.) Paul G.Wilson,Subspecies,Synonym,2679892,Cyanothamnus coerulescens subsp. spinescens,(Benth.) Duretto & Heslewood,3243404,Rutaceae,exact,100,10692722,Cyanothamnus coerulescens subsp. spinescens (Benth.) Duretto & Heslewood,Cyanothamnus coerulescens spinescens,(Benth.) Duretto & Heslewood,SUBSPECIES,ACCEPTED,EXACT,100,10692722,Cyanothamnus coerulescens subsp. spinescens (Benth.) Duretto & Heslewood,(Benth.) Duretto & Heslewood,Plantae,Tracheophyta,Magnoliopsida,Sapindales,Rutaceae,Cyanothamnus,Cyanothamnus coerulescens,10781307
tsakalos_2018_applvegsci,False,Boronia ramosa subsp. anethifolia,Boronia ramosa subsp. anethifolia,(Bartl.) Paul G.Wilson,Subspecies,Synonym,2680076,Cyanothamnus ramosus subsp. anethifolius,(Bartl.) Duretto & Heslewood,3243681,Rutaceae,exact,100,10797551,Cyanothamnus ramosus subsp. anethifolius (Bartl.) Duretto & Heslewood,Cyanothamnus ramosus anethifolius,(Bartl.) Duretto & Heslewood,SUBSPECIES,ACCEPTED,EXACT,100,10797551,Cyanothamnus ramosus subsp. anethifolius (Bartl.) Duretto & Heslewood,(Bartl.) Duretto & Heslewood,Plantae,Tracheophyta,Magnoliopsida,Sapindales,Rutaceae,Cyanothamnus,Cyanothamnus ramosus,3832095
inaturalist_eneabba,False,Diplolaena angustifolia,Diplolaena angustifolia,Hook.,Species,Accepted,2771047,Diplolaena angustifolia,Hook.,2771047,Rutaceae,exact,100,3836063,Diplolaena angustifolia Hook.,Diplolaena angustifolia,Hook.,SPECIES,ACCEPTED,EXACT,100,3836063,Diplolaena angustifolia Hook.,Hook.,Plantae,Tracheophyta,Magnoliopsida,Sapindales,Rutaceae,Diplolaena,Diplolaena angustifolia,3836063
tsakalos_2018_applvegsci,False,Diplolaena eneabbensis,Diplolaena eneabbensis,Paul G.Wilson,Species,Accepted,2771051,Diplolaena eneabbensis,Paul G.Wilson,2771051,Rutaceae,exact,100,3835993,Diplolaena eneabbensis Paul G.Wilson,Diplolaena eneabbensis,Paul G.Wilson,SPECIES,ACCEPTED,EXACT,100,3835993,Diplolaena eneabbensis Paul G.Wilson,Paul G.Wilson,Plantae,Tracheophyta,Magnoliopsida,Sapindales,Rutaceae,Diplolaena,Diplolaena eneabbensis,3835993
inaturalist_eneabba|tsakalos_2018_applvegsci,False,Diplolaena ferruginea,Diplolaena ferruginea,Paul G.Wilson,Species,Accepted,2771052,Diplolaena ferruginea,Paul G.Wilson,2771052,Rutaceae,exact,100,3835976,Diplolaena ferruginea Paul G.Wilson,Diplolaena ferruginea,Paul G.Wilson,SPECIES,ACCEPTED,EXACT,100,3835976,Diplolaena ferruginea Paul G.Wilson,Paul G.Wilson,Plantae,Tracheophyta,Magnoliopsida,Sapindales,Rutaceae,Diplolaena,Diplolaena ferruginea,3835976
tsakalos_2018_applvegsci,False,Geleznowia verrucosa,Geleznowia verrucosa,Turcz.,Species,Accepted,2818719,Geleznowia verrucosa,Turcz.,2818719,Rutaceae,exact,100,3833806,Geleznowia verrucosa Turcz.,Geleznowia verrucosa,Turcz.,SPECIES,ACCEPTED,EXACT,100,3833806,Geleznowia verrucosa Turcz.,Turcz.,Plantae,Tracheophyta,Magnoliopsida,Sapindales,Rutaceae,Geleznowia,Geleznowia verrucosa,3833806
tsakalos_2018_applvegsci,False,Philotheca spicata,Philotheca spicata,(A.Rich.) Paul G.Wilson,Species,Accepted,2541719,Philotheca spicata,(A.Rich.) Paul G.Wilson,2541719,Rutaceae,exact,100,3838061,Philotheca spicata (A.Rich.) Paul G.Wilson,Philotheca spicata,(A.Rich.) Paul G.Wilson,SPECIES,ACCEPTED,EXACT,100,3838061,Philotheca spicata (A.Rich.) Paul G.Wilson,(A.Rich.) Paul G.Wilson,Plantae,Tracheophyta,Magnoliopsida,Sapindales,Rutaceae,Philotheca,Philotheca spicata,3838061
tsakalos_2018_applvegsci,False,Leptomeria empetriformis,Leptomeria empetriformis,Miq.,Species,Accepted,2498231,Leptomeria empetriformis,Miq.,2498231,Santalaceae,exact,100,7477912,Leptomeria empetriformis Miq.,Leptomeria empetriformis,Miq.,SPECIES,ACCEPTED,EXACT,100,7477912,Leptomeria empetriformis Miq.,Miq.,Plantae,Tracheophyta,Magnoliopsida,Santalales,Amphorogynaceae,Leptomeria,Leptomeria empetriformis,7477912
dbca_2025_tpfl,False,Spirogardnera rubescens,Spirogardnera rubescens,Stauffer,Species,Synonym,2581967,Leptomeria rubescens,(Stauffer) Byng & Christenh.,3228484,Santalaceae,exact,100,9671171,Leptomeria rubescens (Stauffer) Byng & Christenh.,Leptomeria rubescens,(Stauffer) Byng & Christenh.,SPECIES,SYNONYM,EXACT,100,3788658,Spirogardnera rubescens Stauffer,Stauffer,Plantae,Tracheophyta,Magnoliopsida,Santalales,Amphorogynaceae,Spirogardnera,Spirogardnera rubescens,3788658
tsakalos_2018_applvegsci,False,Santalum acuminatum,Santalum acuminatum,(R.Br.) A.DC.,Species,Accepted,2581985,Santalum acuminatum,(R.Br.) A.DC.,2581985,Santalaceae,exact,100,3789456,Santalum acuminatum (R.Br.) A.DC.,Santalum acuminatum,(R.Br.) A.DC.,SPECIES,ACCEPTED,EXACT,100,3789456,Santalum acuminatum (R.Br.) A.DC.,(R.Br.) A.DC.,Plantae,Tracheophyta,Magnoliopsida,Santalales,Santalaceae,Santalum,Santalum acuminatum,3789456
tsakalos_2018_applvegsci,False,Dodonaea aptera,Dodonaea aptera,Miq.,Species,Accepted,2773841,Dodonaea aptera,Miq.,2773841,Sapindaceae,exact,100,5577678,Dodonaea aptera Miq.,Dodonaea aptera,Miq.,SPECIES,ACCEPTED,EXACT,100,5577678,Dodonaea aptera Miq.,Miq.,Plantae,Tracheophyta,Magnoliopsida,Sapindales,Sapindaceae,Dodonaea,Dodonaea aptera,5577678
tsakalos_2018_applvegsci,False,Dodonaea divaricata,Dodonaea divaricata,Benth.,Species,Accepted,2773882,Dodonaea divaricata,Benth.,2773882,Sapindaceae,exact,100,5577487,Dodonaea divaricata Benth.,Dodonaea divaricata,Benth.,SPECIES,ACCEPTED,EXACT,100,5577487,Dodonaea divaricata Benth.,Benth.,Plantae,Tracheophyta,Magnoliopsida,Sapindales,Sapindaceae,Dodonaea,Dodonaea divaricata,5577487
tsakalos_2018_applvegsci,False,Dodonaea ericoides,Dodonaea ericoides,Miq.,Species,Accepted,2773888,Dodonaea ericoides,Miq.,2773888,Sapindaceae,exact,100,5577452,Dodonaea ericoides Miq.,Dodonaea ericoides,Miq.,SPECIES,ACCEPTED,EXACT,100,5577452,Dodonaea ericoides Miq.,Miq.,Plantae,Tracheophyta,Magnoliopsida,Sapindales,Sapindaceae,Dodonaea,Dodonaea ericoides,5577452
tsakalos_2018_applvegsci,False,Dodonaea pinifolia,Dodonaea pinifolia,Miq.,Species,Accepted,2773987,Dodonaea pinifolia,Miq.,2773987,Sapindaceae,exact,100,7264821,Dodonaea pinifolia Miq.,Dodonaea pinifolia,Miq.,SPECIES,ACCEPTED,EXACT,100,7264821,Dodonaea pinifolia Miq.,Miq.,Plantae,Tracheophyta,Magnoliopsida,Sapindales,Sapindaceae,Dodonaea,Dodonaea pinifolia,7264821
dbca_2025_tpfl,False,Eremophila glabra subsp. chlorella,Eremophila glabra subsp. chlorella,(Gand.) Chinnock,Subspecies,Accepted,2604334,Eremophila glabra subsp. chlorella,(Gand.) Chinnock,2604334,Scrophulariaceae,exact,100,7358093,Eremophila glabra subsp. chlorella (W.Fitzg.) Chinnock,Eremophila glabra chlorella,(W.Fitzg.) Chinnock,SUBSPECIES,ACCEPTED,EXACT,100,7358093,Eremophila glabra subsp. chlorella (W.Fitzg.) Chinnock,(W.Fitzg.) Chinnock,Plantae,Tracheophyta,Magnoliopsida,Lamiales,Scrophulariaceae,Eremophila,Eremophila glabra,6034547
dbca_2025_tpfl,False,Eremophila microtheca,Eremophila microtheca,F.Muell. ex Benth.,Species,Accepted,2792304,Eremophila microtheca,F.Muell. ex Benth.,2792304,Scrophulariaceae,exact,100,7870729,Eremophila microtheca F.Muell. ex Benth.,Eremophila microtheca,F.Muell. ex Benth.,SPECIES,ACCEPTED,EXACT,100,7870729,Eremophila microtheca F.Muell. ex Benth.,F.Muell. ex Benth.,Plantae,Tracheophyta,Magnoliopsida,Lamiales,Scrophulariaceae,Eremophila,Eremophila microtheca,7870729
dbca_2025_tpfl,False,Eremophila subangustifolia,Eremophila subangustifolia,A.P.Br. & Llorens,Species,Accepted,3238578,Eremophila subangustifolia,A.P.Br. & Llorens,3238578,Scrophulariaceae,exact,100,10884142,Eremophila subangustifolia A.P.Br. & Llorens,Eremophila subangustifolia,A.P.Br. & Llorens,SPECIES,ACCEPTED,EXACT,100,10884142,Eremophila subangustifolia A.P.Br. & Llorens,A.P.Br. & Llorens,Plantae,Tracheophyta,Magnoliopsida,Lamiales,Scrophulariaceae,Eremophila,Eremophila subangustifolia,10884142
tsakalos_2018_applvegsci,False,Anthocercis ilicifolia,Anthocercis ilicifolia,Hook.,Species,Accepted,2641584,Anthocercis ilicifolia,Hook.,2641584,Solanaceae,exact,100,7300169,Anthocercis ilicifolia Hook.,Anthocercis ilicifolia,Hook.,SPECIES,ACCEPTED,EXACT,100,7300169,Anthocercis ilicifolia Hook.,Hook.,Plantae,Tracheophyta,Magnoliopsida,Solanales,Solanaceae,Anthocercis,Anthocercis ilicifolia,7300169
inaturalist_eneabba|tsakalos_2018_applvegsci,False,Levenhookia octomaculata,Levenhookia octomaculata,F.L.Erickson & J.H.Willis,Species,Accepted,2495993,Levenhookia octomaculata,F.L.Erickson & J.H.Willis,2495993,Stylidiaceae,exact,100,3658190,Levenhookia octomaculata F.L.Erickson & J.H.Willis,Levenhookia octomaculata,F.L.Erickson & J.H.Willis,SPECIES,ACCEPTED,EXACT,100,3658190,Levenhookia octomaculata F.L.Erickson & J.H.Willis,F.L.Erickson & J.H.Willis,Plantae,Tracheophyta,Magnoliopsida,Asterales,Stylidiaceae,Levenhookia,Levenhookia octomaculata,3658190
tsakalos_2018_applvegsci,False,Levenhookia pusilla,Levenhookia pusilla,R.Br.,Species,Accepted,2495989,Levenhookia pusilla,R.Br.,2495989,Stylidiaceae,exact,100,3658804,Levenhookia pusilla R.Br.,Levenhookia pusilla,R.Br.,SPECIES,ACCEPTED,EXACT,100,3658804,Levenhookia pusilla R.Br.,R.Br.,Plantae,Tracheophyta,Magnoliopsida,Asterales,Stylidiaceae,Levenhookia,Levenhookia pusilla,3658804
inaturalist_eneabba|tsakalos_2018_applvegsci,False,Levenhookia stipitata,Levenhookia stipitata,(Benth.) F.Muell. ex Benth.,Species,Accepted,2495987,Levenhookia stipitata,(Benth.) F.Muell. ex Benth.,2495987,Stylidiaceae,exact,100,10939279,Levenhookia stipitata (Benth.) F.Muell. ex Benth.,Levenhookia stipitata,(Benth.) F.Muell. ex Benth.,SPECIES,SYNONYM,EXACT,100,3658783,Levenhookia stipitata (Benth.) F.Muell.,(Benth.) F.Muell.,Plantae,Tracheophyta,Magnoliopsida,Asterales,Stylidiaceae,Levenhookia,Levenhookia stipitata,3658783
inaturalist_eneabba|tsakalos_2018_applvegsci,False,Stylidium adpressum,Stylidium adpressum,Benth.,Species,Accepted,2580050,Stylidium adpressum,Benth.,2580050,Stylidiaceae,exact,100,7334947,Stylidium adpressum Benth.,Stylidium adpressum,Benth.,SPECIES,ACCEPTED,EXACT,100,7334947,Stylidium adpressum Benth.,Benth.,Plantae,Tracheophyta,Magnoliopsida,Asterales,Stylidiaceae,Stylidium,Stylidium adpressum,7334947
tsakalos_2018_applvegsci,False,Stylidium aeonioides,Stylidium aeonioides,Carlquist,Species,Accepted,2580051,Stylidium aeonioides,Carlquist,2580051,Stylidiaceae,exact,100,5543833,Stylidium aeonioides Carlquist,Stylidium aeonioides,Carlquist,SPECIES,ACCEPTED,EXACT,100,5543833,Stylidium aeonioides Carlquist,Carlquist,Plantae,Tracheophyta,Magnoliopsida,Asterales,Stylidiaceae,Stylidium,Stylidium aeonioides,5543833
inaturalist_eneabba|tsakalos_2018_applvegsci,False,Stylidium bicolor,Stylidium bicolor,Lindl.,Species,Accepted,2581027,Stylidium bicolor,Lindl.,2581027,Stylidiaceae,exact,100,5543578,Stylidium bicolor Lindl.,Stylidium bicolor,Lindl.,SPECIES,ACCEPTED,EXACT,100,5543578,Stylidium bicolor Lindl.,Lindl.,Plantae,Tracheophyta,Magnoliopsida,Asterales,Stylidiaceae,Stylidium,Stylidium bicolor,5543578
tsakalos_2018_applvegsci,False,Stylidium burbidgeanum,Stylidium burbidgeanum,Lowrie & Kenneally,Species,Accepted,2580873,Stylidium burbidgeanum,Lowrie & Kenneally,2580873,Stylidiaceae,exact,100,5543956,Stylidium burbidgeanum Lowrie & Kenneally,Stylidium burbidgeanum,Lowrie & Kenneally,SPECIES,ACCEPTED,EXACT,100,5543956,Stylidium burbidgeanum Lowrie & Kenneally,Lowrie & Kenneally,Plantae,Tracheophyta,Magnoliopsida,Asterales,Stylidiaceae,Stylidium,Stylidium burbidgeanum,5543956
tsakalos_2018_applvegsci,False,Stylidium calcaratum,Stylidium calcaratum,R.Br.,Species,Accepted,2580861,Stylidium calcaratum,R.Br.,2580861,Stylidiaceae,exact,100,7334958,Stylidium calcaratum R.Br.,Stylidium calcaratum,R.Br.,SPECIES,ACCEPTED,EXACT,100,7334958,Stylidium calcaratum R.Br.,R.Br.,Plantae,Tracheophyta,Magnoliopsida,Asterales,Stylidiaceae,Stylidium,Stylidium calcaratum,7334958
inaturalist_eneabba,False,Stylidium carnosum,Stylidium carnosum,Benth.,Species,Accepted,2580883,Stylidium carnosum,Benth.,2580883,Stylidiaceae,exact,100,5543837,Stylidium carnosum Benth.,Stylidium carnosum,Benth.,SPECIES,ACCEPTED,EXACT,100,5543837,Stylidium carnosum Benth.,Benth.,Plantae,Tracheophyta,Magnoliopsida,Asterales,Stylidiaceae,Stylidium,Stylidium carnosum,5543837
dbca_2025_tpfl,False,Stylidium cornuatum,Stylidium cornuatum,Wege,Species,Accepted,2915128,Stylidium cornuatum,Wege,2915128,Stylidiaceae,exact,100,8282243,Stylidium cornuatum Wege,Stylidium cornuatum,Wege,SPECIES,ACCEPTED,EXACT,100,8282243,Stylidium cornuatum Wege,Wege,Plantae,Tracheophyta,Magnoliopsida,Asterales,Stylidiaceae,Stylidium,Stylidium cornuatum,8282243
inaturalist_eneabba|tsakalos_2018_applvegsci,False,Stylidium crossocephalum,Stylidium crossocephalum,F.Muell.,Species,Accepted,2580834,Stylidium crossocephalum,F.Muell.,2580834,Stylidiaceae,exact,100,5543616,Stylidium crossocephalum F.Muell.,Stylidium crossocephalum,F.Muell.,SPECIES,ACCEPTED,EXACT,100,5543616,Stylidium crossocephalum F.Muell.,F.Muell.,Plantae,Tracheophyta,Magnoliopsida,Asterales,Stylidiaceae,Stylidium,Stylidium crossocephalum,5543616
tsakalos_2018_applvegsci,False,Stylidium cygnorum,Stylidium cygnorum,W.Fitzg.,Species,Accepted,2581586,Stylidium cygnorum,W.Fitzg.,2581586,Stylidiaceae,exact,100,5543599,Stylidium cygnorum W.Fitzg.,Stylidium cygnorum,W.Fitzg.,SPECIES,ACCEPTED,EXACT,100,5543599,Stylidium cygnorum W.Fitzg.,W.Fitzg.,Plantae,Tracheophyta,Magnoliopsida,Asterales,Stylidiaceae,Stylidium,Stylidium cygnorum,5543599
inaturalist_eneabba|tsakalos_2018_applvegsci,False,Stylidium dichotomum,Stylidium dichotomum,DC.,Species,Accepted,2580857,Stylidium dichotomum,DC.,2580857,Stylidiaceae,exact,100,5543507,Stylidium dichotomum DC.,Stylidium dichotomum,DC.,SPECIES,ACCEPTED,EXACT,100,5543507,Stylidium dichotomum DC.,DC.,Plantae,Tracheophyta,Magnoliopsida,Asterales,Stylidiaceae,Stylidium,Stylidium dichotomum,5543507
inaturalist_eneabba|tsakalos_2018_applvegsci,False,Stylidium diuroides subsp. paucifoliatum,Stylidium diuroides subsp. paucifoliatum,Lowrie & Carlquist,Subspecies,Accepted,2580866,Stylidium diuroides subsp. paucifoliatum,Lowrie & Carlquist,2580866,Stylidiaceae,exact,100,5543948,Stylidium diuroides subsp. paucifoliatum Lowrie & Carlquist,Stylidium diuroides paucifoliatum,Lowrie & Carlquist,SUBSPECIES,ACCEPTED,EXACT,100,5543948,Stylidium diuroides subsp. paucifoliatum Lowrie & Carlquist,Lowrie & Carlquist,Plantae,Tracheophyta,Magnoliopsida,Asterales,Stylidiaceae,Stylidium,Stylidium diuroides,7334964
dbca_2025_tpfl|tsakalos_2018_applvegsci,False,Stylidium drummondianum,Stylidium drummondianum,Lowrie & Carlquist,Species,Accepted,2580919,Stylidium drummondianum,Lowrie & Carlquist,2580919,Stylidiaceae,exact,100,5543921,Stylidium drummondianum Lowrie & Carlquist,Stylidium drummondianum,Lowrie & Carlquist,SPECIES,ACCEPTED,EXACT,100,5543921,Stylidium drummondianum Lowrie & Carlquist,Lowrie & Carlquist,Plantae,Tracheophyta,Magnoliopsida,Asterales,Stylidiaceae,Stylidium,Stylidium drummondianum,5543921
tsakalos_2018_applvegsci,False,Stylidium flagellum,Stylidium flagellum,"Lowrie, A.H.Burb. & Kenneally",Species,Accepted,2580933,Stylidium flagellum,"Lowrie, A.H.Burb. & Kenneally",2580933,Stylidiaceae,exact,100,5543714,"Stylidium flagellum Lowrie, A.H.Burb. & Kenneally",Stylidium flagellum,"Lowrie, A.H.Burb. & Kenneally",SPECIES,ACCEPTED,EXACT,100,5543714,"Stylidium flagellum Lowrie, A.H.Burb. & Kenneally","Lowrie, A.H.Burb. & Kenneally",Plantae,Tracheophyta,Magnoliopsida,Asterales,Stylidiaceae,Stylidium,Stylidium flagellum,5543714
dbca_2025_tpfl,False,Stylidium inversiflorum,Stylidium inversiflorum,Carlquist,Species,Accepted,2580916,Stylidium inversiflorum,Carlquist,2580916,Stylidiaceae,exact,100,5543918,Stylidium inversiflorum Carlquist,Stylidium inversiflorum,Carlquist,SPECIES,ACCEPTED,EXACT,100,5543918,Stylidium inversiflorum Carlquist,Carlquist,Plantae,Tracheophyta,Magnoliopsida,Asterales,Stylidiaceae,Stylidium,Stylidium inversiflorum,5543918
inaturalist_eneabba,False,Stylidium kalbarriense,Stylidium kalbarriense,Lowrie & Kenneally,Species,Accepted,2581196,Stylidium kalbarriense,Lowrie & Kenneally,2581196,Stylidiaceae,exact,100,5543841,Stylidium kalbarriense Lowrie & Kenneally,Stylidium kalbarriense,Lowrie & Kenneally,SPECIES,ACCEPTED,EXACT,100,5543841,Stylidium kalbarriense Lowrie & Kenneally,Lowrie & Kenneally,Plantae,Tracheophyta,Magnoliopsida,Asterales,Stylidiaceae,Stylidium,Stylidium kalbarriense,5543841
inaturalist_eneabba|tsakalos_2018_applvegsci,False,Stylidium maitlandianum,Stylidium maitlandianum,E.Pritz.,Species,Accepted,2580064,Stylidium maitlandianum,E.Pritz.,2580064,Stylidiaceae,exact,100,5543940,Stylidium maitlandianum E.Pritz.,Stylidium maitlandianum,E.Pritz.,SPECIES,ACCEPTED,EXACT,100,5543940,Stylidium maitlandianum E.Pritz.,E.Pritz.,Plantae,Tracheophyta,Magnoliopsida,Asterales,Stylidiaceae,Stylidium,Stylidium maitlandianum,5543940
inaturalist_eneabba|tsakalos_2018_applvegsci,False,Stylidium miniatum,Stylidium miniatum,Mildbr.,Species,Accepted,2581216,Stylidium miniatum,Mildbr.,2581216,Stylidiaceae,exact,100,5543871,Stylidium miniatum Mildbr.,Stylidium miniatum,Mildbr.,SPECIES,ACCEPTED,EXACT,100,5543871,Stylidium miniatum Mildbr.,Mildbr.,Plantae,Tracheophyta,Magnoliopsida,Asterales,Stylidiaceae,Stylidium,Stylidium miniatum,5543871
inaturalist_eneabba,False,Stylidium nonscandens,Stylidium nonscandens,Carlquist,Species,Accepted,2581271,Stylidium nonscandens,Carlquist,2581271,Stylidiaceae,exact,100,5543758,Stylidium nonscandens Carlquist,Stylidium nonscandens,Carlquist,SPECIES,ACCEPTED,EXACT,100,5543758,Stylidium nonscandens Carlquist,Carlquist,Plantae,Tracheophyta,Magnoliopsida,Asterales,Stylidiaceae,Stylidium,Stylidium nonscandens,5543758
inaturalist_eneabba|tsakalos_2018_applvegsci,False,Stylidium purpureum,Stylidium purpureum,Wege,Species,Accepted,3295522,Stylidium purpureum,Wege,3295522,Stylidiaceae,exact,100,12212974,Stylidium purpureum Wege,Stylidium purpureum,Wege,SPECIES,ACCEPTED,EXACT,100,12212974,Stylidium purpureum Wege,Wege,Plantae,Tracheophyta,Magnoliopsida,Asterales,Stylidiaceae,Stylidium,Stylidium purpureum,12212974
inaturalist_eneabba|tsakalos_2018_applvegsci,False,Stylidium repens,Stylidium repens,R.Br.,Species,Accepted,2581099,Stylidium repens,R.Br.,2581099,Stylidiaceae,exact,100,7334923,Stylidium repens R.Br.,Stylidium repens,R.Br.,SPECIES,ACCEPTED,EXACT,100,7334923,Stylidium repens R.Br.,R.Br.,Plantae,Tracheophyta,Magnoliopsida,Asterales,Stylidiaceae,Stylidium,Stylidium repens,7334923
tsakalos_2018_applvegsci,False,Stylidium rigidulum,Stylidium rigidulum,Sond.,Species,Accepted,2581105,Stylidium rigidulum,Sond.,2581105,Stylidiaceae,exact,100,5543688,Stylidium rigidulum Sond.,Stylidium rigidulum,Sond.,SPECIES,ACCEPTED,EXACT,100,5543688,Stylidium rigidulum Sond.,Sond.,Plantae,Tracheophyta,Magnoliopsida,Asterales,Stylidiaceae,Stylidium,Stylidium rigidulum,5543688
tsakalos_2018_applvegsci,False,Stylidium scariosum,Stylidium scariosum,DC.,Species,Accepted,2581064,Stylidium scariosum,DC.,2581064,Stylidiaceae,exact,100,5543533,Stylidium scariosum DC.,Stylidium scariosum,DC.,SPECIES,ACCEPTED,EXACT,100,5543533,Stylidium scariosum DC.,DC.,Plantae,Tracheophyta,Magnoliopsida,Asterales,Stylidiaceae,Stylidium,Stylidium scariosum,5543533
tsakalos_2018_applvegsci,False,Stylidium stenosepalum,Stylidium stenosepalum,E.Pritz.,Species,Accepted,2581143,Stylidium stenosepalum,E.Pritz.,2581143,Stylidiaceae,exact,100,5543868,Stylidium stenosepalum E.Pritz.,Stylidium stenosepalum,E.Pritz.,SPECIES,ACCEPTED,EXACT,100,5543868,Stylidium stenosepalum E.Pritz.,E.Pritz.,Plantae,Tracheophyta,Magnoliopsida,Asterales,Stylidiaceae,Stylidium,Stylidium stenosepalum,5543868
dbca_2025_tpfl,False,Stylidium tinkeri,Stylidium tinkeri,Lowrie & Kenneally,Species,Accepted,2581081,Stylidium tinkeri,Lowrie & Kenneally,2581081,Stylidiaceae,exact,100,5543650,Stylidium tinkeri Lowrie & Kenneally,Stylidium tinkeri,Lowrie & Kenneally,SPECIES,ACCEPTED,EXACT,100,5543650,Stylidium tinkeri Lowrie & Kenneally,Lowrie & Kenneally,Plantae,Tracheophyta,Magnoliopsida,Asterales,Stylidiaceae,Stylidium,Stylidium tinkeri,5543650
tsakalos_2018_applvegsci,False,Stylidium torticarpum,Stylidium torticarpum,Lowrie & Kenneally,Species,Accepted,2581082,Stylidium torticarpum,Lowrie & Kenneally,2581082,Stylidiaceae,exact,100,5543643,Stylidium torticarpum Lowrie & Kenneally,Stylidium torticarpum,Lowrie & Kenneally,SPECIES,ACCEPTED,EXACT,100,5543643,Stylidium torticarpum Lowrie & Kenneally,Lowrie & Kenneally,Plantae,Tracheophyta,Magnoliopsida,Asterales,Stylidiaceae,Stylidium,Stylidium torticarpum,5543643
tsakalos_2018_applvegsci,False,Stylobasium australe,Stylobasium australe,(Hook.) Prance,Species,Accepted,3255850,Stylobasium australe,(Hook.) Prance,3255850,Surianaceae,exact,100,8019741,Stylobasium australe (Hook.) Prance,Stylobasium australe,(Hook.) Prance,SPECIES,ACCEPTED,EXACT,100,8019741,Stylobasium australe (Hook.) Prance,(Hook.) Prance,Plantae,Tracheophyta,Magnoliopsida,Fabales,Surianaceae,Stylobasium,Stylobasium australe,8019741
tsakalos_2018_applvegsci,False,Pimelea angustifolia,Pimelea angustifolia,R.Br.,Species,Accepted,2551443,Pimelea angustifolia,R.Br.,2551443,Thymelaeaceae,exact,100,7577838,Pimelea angustifolia R.Br.,Pimelea angustifolia,R.Br.,SPECIES,ACCEPTED,EXACT,100,7577838,Pimelea angustifolia R.Br.,R.Br.,Plantae,Tracheophyta,Magnoliopsida,Malvales,Thymelaeaceae,Pimelea,Pimelea angustifolia,7577838
tsakalos_2018_applvegsci,False,Pimelea floribunda,Pimelea floribunda,Meisn.,Species,Accepted,2551622,Pimelea floribunda,Meisn.,2551622,Thymelaeaceae,exact,100,3568160,Pimelea floribunda Meisn.,Pimelea floribunda,Meisn.,SPECIES,ACCEPTED,EXACT,100,3568160,Pimelea floribunda Meisn.,Meisn.,Plantae,Tracheophyta,Magnoliopsida,Malvales,Thymelaeaceae,Pimelea,Pimelea floribunda,3568160
tsakalos_2018_applvegsci,False,Pimelea imbricata,Pimelea imbricata,R.Br.,Species,Accepted,2551648,Pimelea imbricata,R.Br.,2551648,Thymelaeaceae,exact,100,7311261,Pimelea imbricata R.Br.,Pimelea imbricata,R.Br.,SPECIES,ACCEPTED,EXACT,100,7311261,Pimelea imbricata R.Br.,R.Br.,Plantae,Tracheophyta,Magnoliopsida,Malvales,Thymelaeaceae,Pimelea,Pimelea imbricata,7311261
tsakalos_2018_applvegsci,False,Pimelea leucantha,Pimelea leucantha,Diels,Species,Accepted,2551567,Pimelea leucantha,Diels,2551567,Thymelaeaceae,exact,100,3570351,Pimelea leucantha Diels,Pimelea leucantha,Diels,SPECIES,ACCEPTED,EXACT,100,3570351,Pimelea leucantha Diels,Diels,Plantae,Tracheophyta,Magnoliopsida,Malvales,Thymelaeaceae,Pimelea,Pimelea leucantha,3570351
tsakalos_2018_applvegsci,False,Pimelea suaveolens,Pimelea suaveolens,Meisn.,Species,Accepted,2551204,Pimelea suaveolens,Meisn.,2551204,Thymelaeaceae,exact,100,7311359,Pimelea suaveolens Meisn.,Pimelea suaveolens,Meisn.,SPECIES,ACCEPTED,EXACT,100,7311359,Pimelea suaveolens Meisn.,Meisn.,Plantae,Tracheophyta,Magnoliopsida,Malvales,Thymelaeaceae,Pimelea,Pimelea suaveolens,7311359
tsakalos_2018_applvegsci,False,Pimelea sulphurea,Pimelea sulphurea,Meisn.,Species,Accepted,2551208,Pimelea sulphurea,Meisn.,2551208,Thymelaeaceae,exact,100,7311353,Pimelea sulphurea Meisn.,Pimelea sulphurea,Meisn.,SPECIES,ACCEPTED,EXACT,100,7311353,Pimelea sulphurea Meisn.,Meisn.,Plantae,Tracheophyta,Magnoliopsida,Malvales,Thymelaeaceae,Pimelea,Pimelea sulphurea,7311353
tsakalos_2018_applvegsci,False,Hybanthus calycinus,Hybanthus calycinus,(DC.) F.Muell.,Species,Synonym,2855263,Pigea calycina,DC.,2545506,Violaceae,exact,100,4074014,Pigea calycina DC.,Pigea calycina,DC.,SPECIES,ACCEPTED,EXACT,100,4074014,Pigea calycina DC.,DC.,Plantae,Tracheophyta,Magnoliopsida,Malpighiales,Violaceae,Pigea,Pigea calycina,4074014
tsakalos_2018_applvegsci,False,Hybanthus floribundus,Hybanthus floribundus,(Lindl.) F.Muell.,Species,Synonym,2855307,Pigea floribunda,Lindl.,2545509,Violaceae,exact,100,7982537,Pigea floribunda (Lindl.) Lindl.,Pigea floribunda,(Lindl.) Lindl.,SPECIES,ACCEPTED,EXACT,100,7982537,Pigea floribunda (Lindl.) Lindl.,(Lindl.) Lindl.,Plantae,Tracheophyta,Magnoliopsida,Malpighiales,Violaceae,Pigea,Pigea floribunda,7982537
